{
  "title": "",
  "description": "",
  "variables": {
    "employeeData": {
      "type": "getall_Employee"
    }
  },
  "metadata": {},
  "types": {
    "@decorators.getall_Employee": {
      "endpoint": "getall_Employee",
      "service": "businessObjects",
      "path": "response"
    },
    "getall_Employee": {
      "items": [
        {
          "departmentObject": {
            "items": [
              {
                "departmentName": "string"
              }
            ]
          },
          "email": "string",
          "firstName": "string",
          "hireDate": "string",
          "id": "number",
          "lastName": "string",
          "phoneNumber": "string",
          "salary": "number"
        }
      ]
    }
  },
  "chains": {
  },
  "eventListeners": {
    "vbEnter": {
      "chains": [
        {
          "chainId": "fetchEmployeeData",
          "parameters": {}
        }
      ]
    }
  },
  "imports": {
    "components": {
      "oj-data-grid": {
        "path": "ojs/ojdatagrid"
      },
      "oj-table": {
        "path": "ojs/ojtable"
      }
    }
  }
}