{
    "items": [
        {
            "LookupCode": "US",
            "Meaning": "US",
            "Description": "COUNTRY-ADDRESS1-CITY-STATE-POSTAL_CODE-COUNTY",
            "EnabledFlag": "Y",
            "StartDateActive": null,
            "EndDateActive": null,
            "DisplaySequence": 1,
            "Tag": null,
            "CreatedBy": "C987123",
            "CreationDate": "2022-04-06T10:16:32.539+00:00",
            "LastUpdateDate": "2022-04-06T10:17:48.193+00:00",
            "LastUpdateLogin": "D85A460CB3AF0013E053BD61500AD75C",
            "LastUpdatedBy": "C987123",
            "links": [
                {
                    "rel": "self",
                    "href": "https://fa-etsw-dev1-saasfaprod1.fa.ocs.oraclecloud.com:443/fscmRestApi/resources/11.13.18.05/commonLookups/CFS_SMF_ADDRESS%20VALIDATION/child/lookupCodes/US",
                    "name": "lookupCodes",
                    "kind": "item"
                },
                {
                    "rel": "canonical",
                    "href": "https://fa-etsw-dev1-saasfaprod1.fa.ocs.oraclecloud.com:443/fscmRestApi/resources/11.13.18.05/commonLookups/CFS_SMF_ADDRESS%20VALIDATION/child/lookupCodes/US",
                    "name": "lookupCodes",
                    "kind": "item"
                },
                {
                    "rel": "parent",
                    "href": "https://fa-etsw-dev1-saasfaprod1.fa.ocs.oraclecloud.com:443/fscmRestApi/resources/11.13.18.05/commonLookups/CFS_SMF_ADDRESS%20VALIDATION",
                    "name": "commonLookups",
                    "kind": "item"
                },
                {
                    "rel": "child",
                    "href": "https://fa-etsw-dev1-saasfaprod1.fa.ocs.oraclecloud.com:443/fscmRestApi/resources/11.13.18.05/commonLookups/CFS_SMF_ADDRESS%20VALIDATION/child/lookupCodes/US/child/lookupsDFF",
                    "name": "lookupsDFF",
                    "kind": "collection"
                },
                {
                    "rel": "child",
                    "href": "https://fa-etsw-dev1-saasfaprod1.fa.ocs.oraclecloud.com:443/fscmRestApi/resources/11.13.18.05/commonLookups/CFS_SMF_ADDRESS%20VALIDATION/child/lookupCodes/US/child/translations",
                    "name": "translations",
                    "kind": "collection"
                }
            ]
        },
        {
            "LookupCode": "CA",
            "Meaning": "CA",
            "Description": "COUNTRY-ADDRESS1-CITY-STATE-POSTAL_CODE-COUNTY",
            "EnabledFlag": "Y",
            "StartDateActive": null,
            "EndDateActive": null,
            "DisplaySequence": 2,
            "Tag": null,
            "CreatedBy": "C987123",
            "CreationDate": "2022-04-06T10:17:03.320+00:00",
            "LastUpdateDate": "2022-04-06T10:17:48.213+00:00",
            "LastUpdateLogin": "D85A460CB3AF0013E053BD61500AD75C",
            "LastUpdatedBy": "C987123",
            "links": [
                {
                    "rel": "self",
                    "href": "https://fa-etsw-dev1-saasfaprod1.fa.ocs.oraclecloud.com:443/fscmRestApi/resources/11.13.18.05/commonLookups/CFS_SMF_ADDRESS%20VALIDATION/child/lookupCodes/CA",
                    "name": "lookupCodes",
                    "kind": "item"
                },
                {
                    "rel": "canonical",
                    "href": "https://fa-etsw-dev1-saasfaprod1.fa.ocs.oraclecloud.com:443/fscmRestApi/resources/11.13.18.05/commonLookups/CFS_SMF_ADDRESS%20VALIDATION/child/lookupCodes/CA",
                    "name": "lookupCodes",
                    "kind": "item"
                },
                {
                    "rel": "parent",
                    "href": "https://fa-etsw-dev1-saasfaprod1.fa.ocs.oraclecloud.com:443/fscmRestApi/resources/11.13.18.05/commonLookups/CFS_SMF_ADDRESS%20VALIDATION",
                    "name": "commonLookups",
                    "kind": "item"
                },
                {
                    "rel": "child",
                    "href": "https://fa-etsw-dev1-saasfaprod1.fa.ocs.oraclecloud.com:443/fscmRestApi/resources/11.13.18.05/commonLookups/CFS_SMF_ADDRESS%20VALIDATION/child/lookupCodes/CA/child/lookupsDFF",
                    "name": "lookupsDFF",
                    "kind": "collection"
                },
                {
                    "rel": "child",
                    "href": "https://fa-etsw-dev1-saasfaprod1.fa.ocs.oraclecloud.com:443/fscmRestApi/resources/11.13.18.05/commonLookups/CFS_SMF_ADDRESS%20VALIDATION/child/lookupCodes/CA/child/translations",
                    "name": "translations",
                    "kind": "collection"
                }
            ]
        },
        {
            "LookupCode": "GB",
            "Meaning": "GB",
            "Description": "COUNTRY-ADDRESS1-CITY-STATE-POSTAL_CODE-COUNTY",
            "EnabledFlag": "Y",
            "StartDateActive": null,
            "EndDateActive": null,
            "DisplaySequence": 3,
            "Tag": null,
            "CreatedBy": "C987123",
            "CreationDate": "2022-04-06T10:17:23.842+00:00",
            "LastUpdateDate": "2022-04-06T10:17:48.216+00:00",
            "LastUpdateLogin": "D85A460CB3AF0013E053BD61500AD75C",
            "LastUpdatedBy": "C987123",
            "links": [
                {
                    "rel": "self",
                    "href": "https://fa-etsw-dev1-saasfaprod1.fa.ocs.oraclecloud.com:443/fscmRestApi/resources/11.13.18.05/commonLookups/CFS_SMF_ADDRESS%20VALIDATION/child/lookupCodes/GB",
                    "name": "lookupCodes",
                    "kind": "item"
                },
                {
                    "rel": "canonical",
                    "href": "https://fa-etsw-dev1-saasfaprod1.fa.ocs.oraclecloud.com:443/fscmRestApi/resources/11.13.18.05/commonLookups/CFS_SMF_ADDRESS%20VALIDATION/child/lookupCodes/GB",
                    "name": "lookupCodes",
                    "kind": "item"
                },
                {
                    "rel": "parent",
                    "href": "https://fa-etsw-dev1-saasfaprod1.fa.ocs.oraclecloud.com:443/fscmRestApi/resources/11.13.18.05/commonLookups/CFS_SMF_ADDRESS%20VALIDATION",
                    "name": "commonLookups",
                    "kind": "item"
                },
                {
                    "rel": "child",
                    "href": "https://fa-etsw-dev1-saasfaprod1.fa.ocs.oraclecloud.com:443/fscmRestApi/resources/11.13.18.05/commonLookups/CFS_SMF_ADDRESS%20VALIDATION/child/lookupCodes/GB/child/lookupsDFF",
                    "name": "lookupsDFF",
                    "kind": "collection"
                },
                {
                    "rel": "child",
                    "href": "https://fa-etsw-dev1-saasfaprod1.fa.ocs.oraclecloud.com:443/fscmRestApi/resources/11.13.18.05/commonLookups/CFS_SMF_ADDRESS%20VALIDATION/child/lookupCodes/GB/child/translations",
                    "name": "translations",
                    "kind": "collection"
                }
            ]
        }
    ],
    "count": 3,
    "hasMore": false,
    "limit": 25,
    "offset": 0,
    "links": [
        {
            "rel": "self",
            "href": "https://fa-etsw-dev1-saasfaprod1.fa.ocs.oraclecloud.com:443/fscmRestApi/resources/11.13.18.05/commonLookups/CFS_SMF_ADDRESS%20VALIDATION/child/lookupCodes",
            "name": "lookupCodes",
            "kind": "collection"
        }
    ]
}