{
  "root": "callRestGetallEmployee",
  "description": "",
  "variables": {},
  "actions": {
    "fireNotification": {
      "module": "vb/action/builtin/fireNotificationEventAction",
      "parameters": {
        "target": "leaf",
        "summary": "[[ $chain.results.callRestGetallEmployee.message.summary ]]",
        "type": "error",
        "displayMode": "persist"
      }
    },
    "callRestGetallEmployee": {
      "module": "vb/action/builtin/restAction",
      "parameters": {
        "endpoint": "businessObjects/getall_Employee",
        "responseType": "getall_Employee",
        "uriParams": {
          "limit": 1000
        }
      },
      "outcomes": {
        "failure": "fireNotification",
        "success": "assignEmployees"
      }
    },
    "assignEmployees": {
      "module": "vb/action/builtin/assignVariablesAction",
      "parameters": {
        "$page.variables.employeeData": {
          "source": "{{ $chain.results.callRestGetallEmployee.body }}",
          "auto": "always"
        }
      }
    }
  }
}