{
    "items": [
        {
            "LookupCode": "US",
            "Meaning": "US",
            "Description": "COUNTRY-ADDRESS1-CITY-STATE-POSTAL_CODE-COUNTY",
            "EnabledFlag": "Y",
            "StartDateActive": "2022-08-26",
            "EndDateActive": null,
            "DisplaySequence": 1,
            "Tag": null,
            "CreatedBy": "C987123",
            "CreationDate": "2022-08-26T10:39:14.049+00:00",
            "LastUpdateDate": "2022-08-26T10:40:23.874+00:00",
            "LastUpdateLogin": "E6A5B1EBFCD120DAE053BD61500ACEAD",
            "LastUpdatedBy": "C987123",
            "links": [
                {
                    "rel": "self",
                    "href": "https://fa-etsw-dev1-saasfaprod1.fa.ocs.oraclecloud.com:443/fscmRestApi/resources/11.13.18.05/commonLookups/CFS_SMF_ADDRESS%20VALIDATION/child/lookupCodes/US",
                    "name": "lookupCodes",
                    "kind": "item"
                },
                {
                    "rel": "canonical",
                    "href": "https://fa-etsw-dev1-saasfaprod1.fa.ocs.oraclecloud.com:443/fscmRestApi/resources/11.13.18.05/commonLookups/CFS_SMF_ADDRESS%20VALIDATION/child/lookupCodes/US",
                    "name": "lookupCodes",
                    "kind": "item"
                },
                {
                    "rel": "parent",
                    "href": "https://fa-etsw-dev1-saasfaprod1.fa.ocs.oraclecloud.com:443/fscmRestApi/resources/11.13.18.05/commonLookups/CFS_SMF_ADDRESS%20VALIDATION",
                    "name": "commonLookups",
                    "kind": "item"
                },
                {
                    "rel": "child",
                    "href": "https://fa-etsw-dev1-saasfaprod1.fa.ocs.oraclecloud.com:443/fscmRestApi/resources/11.13.18.05/commonLookups/CFS_SMF_ADDRESS%20VALIDATION/child/lookupCodes/US/child/lookupsDFF",
                    "name": "lookupsDFF",
                    "kind": "collection"
                },
                {
                    "rel": "child",
                    "href": "https://fa-etsw-dev1-saasfaprod1.fa.ocs.oraclecloud.com:443/fscmRestApi/resources/11.13.18.05/commonLookups/CFS_SMF_ADDRESS%20VALIDATION/child/lookupCodes/US/child/translations",
                    "name": "translations",
                    "kind": "collection"
                }
            ]
        }
    ],
    "count": 1,
    "hasMore": false,
    "limit": 25,
    "offset": 0,
    "links": [
        {
            "rel": "self",
            "href": "https://fa-etsw-dev1-saasfaprod1.fa.ocs.oraclecloud.com:443/fscmRestApi/resources/11.13.18.05/commonLookups/CFS_SMF_ADDRESS%20VALIDATION/child/lookupCodes",
            "name": "lookupCodes",
            "kind": "collection"
        }
    ]
}