<MigrationProcessCSVMetadataVO>
   <MigrationProcessCSVMetadataVORow>
      <ProcessId>-999</ProcessId>
      <ProcessName>Manage Set Enabled Lookups_20220310_061751_823</ProcessName>
      <ProcessDescription>Manage Set Enabled Lookups_20220310_061751_823</ProcessDescription>
      <ProcessDate>2022-03-10 18:18:35.05</ProcessDate>
      <ObjectShortName>FND_MANAGE_SET_ENABLED_LOOKUPS</ObjectShortName>
      <ObjectType>TASK</ObjectType>
      <CreatedByFlow>TASK_CSV_SERVICE</CreatedByFlow>
      <MigrationProcessBusinessObjectCSVMetadata1>
         <MigrationProcessBusinessObjectCSVMetadataVORow>
            <ProcessId>-999</ProcessId>
            <BusinessObjectShortName>ORA_FND_APP_SET_ENABLED_LOOKUP_CODE</BusinessObjectShortName>
            <BatchName>46de5675-334b-4227-8133-56a4600a0dfd/FND_APP_SET_ENABLED_LOOKUP/SetIdLookupType1</BatchName>
            <XmlAttributeList>LookupCode,SetId,Meaning,Description,EnabledFlag,StartDateActive,EndDateActive,DisplaySequence,CreatedBy,CreationDate,LastUpdatedBy,LastUpdateDate,LastUpdateLogin,Tag</XmlAttributeList>
            <XmlAttributeTypeList>string,long,string,string,string,date,date,long,string,dateTime,string,dateTime,string,string</XmlAttributeTypeList>
            <XmlNodePath>/SetIdLookupType1VO/SetIdLookupType1VORow/SetIdLookup1VO/SetIdLookup1VORow</XmlNodePath>
            <NodeSequence>2</NodeSequence>
         </MigrationProcessBusinessObjectCSVMetadataVORow>
         <MigrationProcessBusinessObjectCSVMetadataVORow>
            <ProcessId>-999</ProcessId>
            <BusinessObjectShortName>FND_APP_SET_ENABLED_LOOKUP</BusinessObjectShortName>
            <BatchName>46de5675-334b-4227-8133-56a4600a0dfd/FND_APP_SET_ENABLED_LOOKUP/SetIdLookupType1</BatchName>
            <XmlAttributeList>LookupType,ReferenceGroupName,Meaning,Description,CreatedBy,CreationDate,LastUpdatedBy,LastUpdateDate,LastUpdateLogin,ModuleId,CustomizationLevel,RestAccessSecured</XmlAttributeList>
            <XmlAttributeTypeList>string,string,string,string,string,dateTime,string,dateTime,string,string,string,string</XmlAttributeTypeList>
            <XmlNodePath>/SetIdLookupType1VO/SetIdLookupType1VORow</XmlNodePath>
            <NodeSequence>1</NodeSequence>
         </MigrationProcessBusinessObjectCSVMetadataVORow>
      </MigrationProcessBusinessObjectCSVMetadata1>
      <MigrationProcessBatchCSVMetadata>
         <MigrationProcessBatchCSVMetadataVORow>
            <ProcessId>-999</ProcessId>
            <BatchName>46de5675-334b-4227-8133-56a4600a0dfd/FND_APP_SET_ENABLED_LOOKUP/SetIdLookupType1</BatchName>
            <ImportSequence>0</ImportSequence>
            <ServiceName>oracle.apps.fnd.applcore.lookups.webservice.LookupWS</ServiceName>
            <BatchSize>500</BatchSize>
         </MigrationProcessBatchCSVMetadataVORow>
      </MigrationProcessBatchCSVMetadata>
      <MigrationProcessScopeValueCSVMetadata>
         <MigrationProcessScopeValueCSVMetadataVORow>
            <ProcessId>-999</ProcessId>
            <MigScopeValueSetId>100000897673043</MigScopeValueSetId>
            <BusinessObjectShortName>FND_APP_SET_ENABLED_LOOKUP</BusinessObjectShortName>
            <ScopeValueBoAttributeId>mode</ScopeValueBoAttributeId>
            <ScopeValueBoAttributeValue>search</ScopeValueBoAttributeValue>
            <ScopeValueBoAttributeValueCode>search</ScopeValueBoAttributeValueCode>
         </MigrationProcessScopeValueCSVMetadataVORow>
      </MigrationProcessScopeValueCSVMetadata>
      <MigrationProcessMigrationObjectCSVMetadata>
         <MigrationProcessMigrationObjectCSVMetadataVORow>
            <ProcessId>-999</ProcessId>
            <BusinessObjectShortName>FND_APP_SET_ENABLED_LOOKUP</BusinessObjectShortName>
            <MigrateFlag>Y</MigrateFlag>
            <IncludeExternalDataFlag>Y</IncludeExternalDataFlag>
         </MigrationProcessMigrationObjectCSVMetadataVORow>
      </MigrationProcessMigrationObjectCSVMetadata>
      <MigrationProcessTaskCSVMetadata null="true"/>
      <MigrationProcessServiceVersionCSVMetadata null="true"/>
   </MigrationProcessCSVMetadataVORow>
</MigrationProcessCSVMetadataVO>