"LookupType","ReferenceGroupName","Meaning","Description","CreatedBy","CreationDate","LastUpdatedBy","LastUpdateDate","LastUpdateLogin","ModuleId","CustomizationLevel","RestAccessSecured"
"MOO_SETID_WIN_LOSS_REASON","MOO_SETID_WIN_LOSS_REASON","Win/Loss Reason","Reason the opportunity was won or lost. This is a set-enabled lookup.","SEED_DATA_FROM_APPLICATION","2014/07/16 15:26:44.93","SEED_DATA_FROM_APPLICATION","2021/09/17 16:38:10.309146","-1","61ECAF4AAC19E990E040449821C61C97","U","SECURE"
"ZX_INPUT_CLASSIFICATIONS","ZX_TAX_CLASSIFICATION_CODES","Party Tax Profile Input Tax Classification","Input tax classification codes for Payables and Purchasing transactions for use in tax determination.","SEED_DATA_FROM_APPLICATION","2013/08/08 06:38:36.0","SEED_DATA_FROM_APPLICATION","2021/09/17 16:38:10.309146","-1","61ECAF4AAAC9E990E040449821C61C97","E","SECURE"
"ZX_OUTPUT_CLASSIFICATIONS","ZX_TAX_CLASSIFICATION_CODES","Party Tax Profile Output Tax Classification","Output tax classification codes for Receivables transactions for use in tax determination.","SEED_DATA_FROM_APPLICATION","2013/08/08 06:38:36.027","SEED_DATA_FROM_APPLICATION","2021/09/17 16:38:10.309146","-1","61ECAF4AAAC9E990E040449821C61C97","E","SECURE"
"ZX_WEB_EXP_TAX_CLASSIFICATIONS","ZX_TAX_CLASSIFICATION_CODES","Party Tax Profile Web Expense Tax Classifications","Tax classification codes for use in tax determination for transactions originating from Expenses.","SEED_DATA_FROM_APPLICATION","2013/08/08 06:38:36.057","SEED_DATA_FROM_APPLICATION","2021/09/17 16:38:10.309146","-1","61ECAF4AAAC9E990E040449821C61C97","E","SECURE"
"ZX_WHT_TAX_CLASSIFICATION_CODE","ZX_TAX_CLASSIFICATION_CODES","Withholding Tax Classification Code","Tax classification codes to be used for withholding tax determination on payables transactions.","SEED_DATA_FROM_APPLICATION","2014/07/16 15:27:07.0","SEED_DATA_FROM_APPLICATION","2021/09/17 16:38:10.309146","-1","61ECAF4AAAC9E990E040449821C61C97","E","SECURE"
"OKC_CANCEL_REASON","OKC_CANCELLATION_REASONS","Cancellation Reasons","Reasons for canceling contracts.","SEED_DATA_FROM_APPLICATION","2013/08/08 06:38:26.089","SEED_DATA_FROM_APPLICATION","2021/09/17 16:38:10.309146","-1","47110F64ABF208E2E040449823C60DB6","E","SECURE"
"OKC_CLOSE_REASON","OKC_CLOSE_REASONS","Close Reasons","Reasons for closing contracts.","SEED_DATA_FROM_APPLICATION","2013/08/08 06:38:26.137","SEED_DATA_FROM_APPLICATION","2021/09/17 16:38:10.309146","-1","47110F64ABF208E2E040449823C60DB6","E","SECURE"
"MKL_LEAD_CHANNEL_SETID","MKL_LEAD_CHANNEL_SETID","Lead Channel","Source channel responsible for lead generation.","SEED_DATA_FROM_APPLICATION","2014/07/16 15:26:48.219","SEED_DATA_FROM_APPLICATION","2021/09/17 16:38:10.309146","-1","61ECAF4AAB8BE990E040449821C61C97","U","SECURE"
