"FND_APP_SET_ENABLED_LOOKUP.LookupType","LookupCode","SetId","Meaning","Description","EnabledFlag","StartDateActive","EndDateActive","DisplaySequence","CreatedBy","CreationDate","LastUpdatedBy","LastUpdateDate","LastUpdateLogin","Tag"
"MOO_SETID_WIN_LOSS_REASON","CUSTOMER_NOT_READY","","Customer not ready","","Y","2013/11/01","","","SEED_DATA_FROM_APPLICATION","2014/07/16 15:26:44.96","SEED_DATA_FROM_APPLICATION","2021/09/17 16:38:15.871259","-1",""
"MOO_SETID_WIN_LOSS_REASON","GOOD_DISCOUNT","","Good Discount","","Y","2013/11/01","","","CUSTOMIZED_USER","2016/04/15 20:17:03.0","CUSTOMIZED_USER","2016/04/15 20:17:38.008","308BA36E6B51705DE053790B548C4935",""
"MOO_SETID_WIN_LOSS_REASON","GOOD_LEAD","","Good lead","","Y","2013/11/01","","","SEED_DATA_FROM_APPLICATION","2014/07/16 15:26:44.972","SEED_DATA_FROM_APPLICATION","2021/09/17 16:38:15.871259","-1",""
"MOO_SETID_WIN_LOSS_REASON","INSTALL_BASE","","Install base","","Y","2013/11/01","","","SEED_DATA_FROM_APPLICATION","2014/07/16 15:26:44.987","SEED_DATA_FROM_APPLICATION","2021/09/17 16:38:15.871259","-1",""
"MOO_SETID_WIN_LOSS_REASON","LOST_TO_COMPETITION","","Lost to competition","","Y","2013/11/01","","","SEED_DATA_FROM_APPLICATION","2014/07/16 15:26:44.997","SEED_DATA_FROM_APPLICATION","2021/09/17 16:38:15.871259","-1",""
"MOO_SETID_WIN_LOSS_REASON","LOST_TO_INTERNAL_DEVELOPMENT","","Lost to internal development","","Y","2013/11/01","","","SEED_DATA_FROM_APPLICATION","2014/07/16 15:26:45.007","SEED_DATA_FROM_APPLICATION","2021/09/17 16:38:15.871259","-1",""
"MOO_SETID_WIN_LOSS_REASON","LOST_TO_NO_DECISION","","Lost to no decision","","Y","2013/11/01","","","SEED_DATA_FROM_APPLICATION","2014/07/16 15:26:45.018","SEED_DATA_FROM_APPLICATION","2021/09/17 16:38:15.871259","-1",""
"MOO_SETID_WIN_LOSS_REASON","NO_BANDWIDTH","","No bandwidth","","Y","2013/11/01","","","SEED_DATA_FROM_APPLICATION","2014/07/16 15:26:45.027","SEED_DATA_FROM_APPLICATION","2021/09/17 16:38:15.871259","-1",""
"MOO_SETID_WIN_LOSS_REASON","NO_BUDGET","","No budget","","Y","2013/11/01","","","SEED_DATA_FROM_APPLICATION","2014/07/16 15:26:45.038","SEED_DATA_FROM_APPLICATION","2021/09/17 16:38:15.871259","-1",""
"MOO_SETID_WIN_LOSS_REASON","OTHER","","Other","","Y","2013/11/01","","","SEED_DATA_FROM_APPLICATION","2014/07/16 15:26:45.054","SEED_DATA_FROM_APPLICATION","2021/09/17 16:38:15.871259","-1",""
"MOO_SETID_WIN_LOSS_REASON","PRICE","","Price","","Y","2013/11/01","","","SEED_DATA_FROM_APPLICATION","2014/07/16 15:26:45.063","SEED_DATA_FROM_APPLICATION","2021/09/17 16:38:15.871259","-1",""
"MOO_SETID_WIN_LOSS_REASON","PRODUCT","","Product","","Y","2013/11/01","","","SEED_DATA_FROM_APPLICATION","2014/07/16 15:26:45.071","SEED_DATA_FROM_APPLICATION","2021/09/17 16:38:15.871259","-1",""
"MOO_SETID_WIN_LOSS_REASON","RELATIONSHIP","","Relationship","","Y","2013/11/01","","","SEED_DATA_FROM_APPLICATION","2014/07/16 15:26:45.081","SEED_DATA_FROM_APPLICATION","2021/09/17 16:38:15.871259","-1",""
"MOO_SETID_WIN_LOSS_REASON","TRACK_RECORD","","Track record","","Y","2013/11/01","","","SEED_DATA_FROM_APPLICATION","2014/07/16 15:26:45.094","SEED_DATA_FROM_APPLICATION","2021/09/17 16:38:15.871259","-1",""
"ZX_INPUT_CLASSIFICATIONS","AU G1","","Au G1","AU G1","Y","2017/01/01","","","CUSTOMIZED_USER","2021/02/11 12:27:29.28307","CUSTOMIZED_USER","2021/02/11 13:53:06.893","BB0DC241E4C9EC61E0539E90DF0A348D",""
"ZX_INPUT_CLASSIFICATIONS","AU G1","","Au G1","AU G1","Y","2017/01/01","","","CUSTOMIZED_USER","2021/02/11 12:27:29.290385","CUSTOMIZED_USER","2021/02/11 13:53:06.896","BB0DC241E4C9EC61E0539E90DF0A348D",""
"ZX_INPUT_CLASSIFICATIONS","AU G1 TAX","","AU G1 TAX","AU G1 TAX","Y","2000/01/07","","","CUSTOMIZED_USER","2016/08/17 09:16:55.314","CUSTOMIZED_USER","2016/08/17 09:20:31.119","3A3E8D8AE61555DCE0537AA3FD0A6445",""
"ZX_INPUT_CLASSIFICATIONS","AU G10","","Au G10","AU G10","Y","2017/01/01","","","CUSTOMIZED_USER","2021/02/11 12:27:29.28307","CUSTOMIZED_USER","2021/02/11 13:52:23.477","BB0DC241E4C9EC61E0539E90DF0A348D",""
"ZX_INPUT_CLASSIFICATIONS","AU G10","","Au G10","AU G10","Y","2017/01/01","","","CUSTOMIZED_USER","2021/02/11 12:27:29.290385","CUSTOMIZED_USER","2021/02/11 13:52:23.48","BB0DC241E4C9EC61E0539E90DF0A348D",""
"ZX_INPUT_CLASSIFICATIONS","AU G10 TAX","","AU G10 TAX","AU G10 TAX","Y","2000/01/07","","","CUSTOMIZED_USER","2016/08/17 09:10:32.623","CUSTOMIZED_USER","2016/08/17 09:23:23.888","3A3E8D8AE61555DCE0537AA3FD0A6445",""
"ZX_INPUT_CLASSIFICATIONS","AU G11","","Au G11","AU G11","Y","2017/01/01","","","CUSTOMIZED_USER","2021/02/11 12:27:29.28307","CUSTOMIZED_USER","2021/02/11 13:51:39.773","BB0DC241E4C9EC61E0539E90DF0A348D",""
"ZX_INPUT_CLASSIFICATIONS","AU G11","","Au G11","AU G11","Y","2017/01/01","","","CUSTOMIZED_USER","2021/02/11 12:27:29.290385","CUSTOMIZED_USER","2021/02/11 13:51:39.777","BB0DC241E4C9EC61E0539E90DF0A348D",""
"ZX_INPUT_CLASSIFICATIONS","AU G11 TAX","","AU G11 TAX","AU G11 TAX","Y","2000/01/07","","","CUSTOMIZED_USER","2016/08/17 07:52:05.376","CUSTOMIZED_USER","2017/09/26 10:23:21.051","5A156E941F2B4C7EE0538DADFD0A51AD",""
"ZX_INPUT_CLASSIFICATIONS","AU G3","","Au G3","AU G3","Y","2017/01/01","","","CUSTOMIZED_USER","2021/02/11 12:27:29.28307","CUSTOMIZED_USER","2021/02/11 12:40:28.267","BB0DC241E4C9EC61E0539E90DF0A348D",""
"ZX_INPUT_CLASSIFICATIONS","AU G3","","Au G3","AU G3","Y","2017/01/01","","","CUSTOMIZED_USER","2021/02/11 12:27:29.290385","CUSTOMIZED_USER","2021/02/11 12:40:28.27","BB0DC241E4C9EC61E0539E90DF0A348D",""
"ZX_INPUT_CLASSIFICATIONS","AU G3 TAX","","AU G3 TAX","AU G3 TAX","Y","2000/01/07","","","CUSTOMIZED_USER","2016/08/17 09:13:03.975","CUSTOMIZED_USER","2016/08/17 09:23:51.517","3A3E8D8AE61555DCE0537AA3FD0A6445",""
"ZX_INPUT_CLASSIFICATIONS","AU GST DEFAULT ZERO RATE","","Au Gst Default Zero Rate","AU GST DEFAULT ZERO RATE","Y","2017/01/01","","","CUSTOMIZED_USER","2021/02/11 12:27:29.28307","CUSTOMIZED_USER","2021/02/11 12:27:29.28307","BB0F464C3103C68BE0539E90DF0A75BF",""
"ZX_INPUT_CLASSIFICATIONS","AU GST DEFAULT ZERO RATE","","Au Gst Default Zero Rate","AU GST DEFAULT ZERO RATE","Y","2017/01/01","","","CUSTOMIZED_USER","2021/02/11 12:27:29.290385","CUSTOMIZED_USER","2021/02/11 12:27:29.290385","BB0F464C3103C68BE0539E90DF0A75BF",""
"ZX_INPUT_CLASSIFICATIONS","AU GST EXEMPT RATE","","Au Gst Exempt Rate","AU GST EXEMPT RATE","Y","2017/01/01","","","CUSTOMIZED_USER","2021/02/11 12:27:29.28307","CUSTOMIZED_USER","2021/02/11 12:37:18.897","BB0DC241E4C9EC61E0539E90DF0A348D",""
"ZX_INPUT_CLASSIFICATIONS","AU GST EXEMPT RATE","","Au Gst Exempt Rate","AU GST EXEMPT RATE","Y","2017/01/01","","","CUSTOMIZED_USER","2021/02/11 12:27:29.290385","CUSTOMIZED_USER","2021/02/11 12:37:18.9","BB0DC241E4C9EC61E0539E90DF0A348D",""
"ZX_INPUT_CLASSIFICATIONS","AU GST STANDARD RATE","","Au Gst Standard Rate","AU GST STANDARD RATE","Y","2017/01/01","","","CUSTOMIZED_USER","2021/02/11 12:27:29.28307","CUSTOMIZED_USER","2021/02/11 12:27:29.28307","BB0F464C3103C68BE0539E90DF0A75BF",""
"ZX_INPUT_CLASSIFICATIONS","AU GST STANDARD RATE","","Au Gst Standard Rate","AU GST STANDARD RATE","Y","2017/01/01","","","CUSTOMIZED_USER","2021/02/11 12:27:29.290385","CUSTOMIZED_USER","2021/02/11 12:27:29.290385","BB0F464C3103C68BE0539E90DF0A75BF",""
"ZX_INPUT_CLASSIFICATIONS","AU GST TAX EXEMPT RATE","","AU GST TAX EXEMPT RATE","AU GST TAX EXEMPT RATE","Y","2000/01/07","","","CUSTOMIZED_USER","2016/08/17 10:11:20.0","CUSTOMIZED_USER","2016/08/17 10:12:25.411","3A3E8D8AE61555DCE0537AA3FD0A6445",""
"ZX_INPUT_CLASSIFICATIONS","AU GST TAX STANDARD RATE","","AU GST TAX STANDARD RATE","AU GST TAX STANDARD RATE","Y","2000/01/07","","","CUSTOMIZED_USER","2016/08/17 10:12:30.73","CUSTOMIZED_USER","2016/08/17 10:13:19.163","3A3E8D8AE61555DCE0537AA3FD0A6445",""
"ZX_INPUT_CLASSIFICATIONS","AU GST TAX ZERO RATE","","AU GST TAX ZERO RATE","AU GST TAX ZERO RATE","Y","2000/01/07","","","CUSTOMIZED_USER","2016/08/17 10:13:22.897","CUSTOMIZED_USER","2016/08/17 10:14:13.166","3A3E8D8AE61555DCE0537AA3FD0A6445",""
"ZX_INPUT_CLASSIFICATIONS","AU GST ZERO RATE","","Au Gst Zero Rate","AU GST ZERO RATE","Y","2017/01/01","","","CUSTOMIZED_USER","2021/02/11 12:27:29.28307","CUSTOMIZED_USER","2021/02/11 12:34:25.275","BB0DC241E4C9EC61E0539E90DF0A348D",""
"ZX_INPUT_CLASSIFICATIONS","AU GST ZERO RATE","","Au Gst Zero Rate","AU GST ZERO RATE","Y","2017/01/01","","","CUSTOMIZED_USER","2021/02/11 12:27:29.290385","CUSTOMIZED_USER","2021/02/11 12:34:25.287","BB0DC241E4C9EC61E0539E90DF0A348D",""
"ZX_INPUT_CLASSIFICATIONS","CH VAT TAX DEFAULT ZERO RATE","","Ch Vat Tax Default Zero Rate","CH VAT TAX DEFAULT ZERO RATE","Y","1990/01/01","","","CUSTOMIZED_USER","2018/12/04 09:38:03.057954","CUSTOMIZED_USER","2018/12/04 09:38:03.057954","7C2FE223ECB13291E0537990DF0A3573",""
"ZX_INPUT_CLASSIFICATIONS","CH VAT TAX DEFAULT ZERO RATE","","CH VAT TAX DEFAULT ZERO RATE","CH VAT TAX DEFAULT ZERO RATE","Y","1989/12/25","","","CUSTOMIZED_USER","2019/11/07 09:58:41.245","CUSTOMIZED_USER","2019/11/07 09:58:47.261","96BF559456260548E053C390DF0AD066",""
"ZX_INPUT_CLASSIFICATIONS","CH VAT TAX EXEMPT RATE","","Ch Vat Tax Exempt Rate","CH VAT TAX EXEMPT RATE","Y","1990/01/01","","","CUSTOMIZED_USER","2018/12/04 09:38:03.057954","CUSTOMIZED_USER","2018/12/04 09:38:03.057954","7C2FE223ECB13291E0537990DF0A3573",""
"ZX_INPUT_CLASSIFICATIONS","CH VAT TAX EXEMPT RATE","","CH VAT TAX EXEMPT RATE","CH VAT TAX EXEMPT RATE","Y","1989/12/25","","","CUSTOMIZED_USER","2019/11/07 09:58:37.795","CUSTOMIZED_USER","2019/11/07 09:58:46.863","96BF559456260548E053C390DF0AD066",""
"ZX_INPUT_CLASSIFICATIONS","CH VAT TAX EXPORT ZERO","","Ch Vat Tax Export Zero","CH VAT TAX EXPORT ZERO","Y","1990/01/01","","","CUSTOMIZED_USER","2018/12/04 09:38:03.057954","CUSTOMIZED_USER","2018/12/04 09:38:03.057954","7C2FE223ECB13291E0537990DF0A3573",""
"ZX_INPUT_CLASSIFICATIONS","CH VAT TAX EXPORT ZERO","","CH VAT TAX EXPORT ZERO","CH VAT TAX EXPORT ZERO","Y","1989/12/25","","","CUSTOMIZED_USER","2019/11/07 09:58:38.971","CUSTOMIZED_USER","2019/11/07 09:58:47.055","96BF559456260548E053C390DF0AD066",""
"ZX_INPUT_CLASSIFICATIONS","CH VAT TAX REDUCED RATE 1","","Ch Vat Tax Reduced Rate 1","CH VAT TAX REDUCED RATE 1","Y","1990/01/01","","","CUSTOMIZED_USER","2018/12/04 09:38:03.057954","CUSTOMIZED_USER","2018/12/04 09:38:03.057954","7C2FE223ECB13291E0537990DF0A3573",""
"ZX_INPUT_CLASSIFICATIONS","CH VAT TAX REDUCED RATE 1","","CH VAT TAX REDUCED RATE 1","CH VAT TAX REDUCED RATE 1","Y","1989/12/25","","","CUSTOMIZED_USER","2019/11/07 09:58:40.142","CUSTOMIZED_USER","2019/11/07 09:58:47.145","96BF559456260548E053C390DF0AD066",""
"ZX_INPUT_CLASSIFICATIONS","CH VAT TAX REDUCED RATE 2","","Ch Vat Tax Reduced Rate 2","CH VAT TAX REDUCED RATE 2","Y","1990/01/01","2017/12/31","","CUSTOMIZED_USER","2018/12/04 09:38:03.057954","CUSTOMIZED_USER","2018/12/04 09:38:03.057954","7C2FE223ECB13291E0537990DF0A3573",""
"ZX_INPUT_CLASSIFICATIONS","CH VAT TAX REDUCED RATE 2","","CH VAT TAX REDUCED RATE 2","CH VAT TAX REDUCED RATE 2","Y","1989/12/25","","","CUSTOMIZED_USER","2019/11/07 09:58:40.523","CUSTOMIZED_USER","2019/11/07 09:58:47.198","96BF559456260548E053C390DF0AD066",""
"ZX_INPUT_CLASSIFICATIONS","CH VAT TAX STANDARD RATE","","CH VAT TAX STANDARD RATE","CH VAT TAX STANDARD RATE","Y","2018/01/01","","","CUSTOMIZED_USER","2019/11/29 09:15:55.821","CUSTOMIZED_USER","2019/11/29 09:15:56.532","9878CA3FC6BD1A62E053C390DF0A7240",""
"ZX_INPUT_CLASSIFICATIONS","CH VAT TAX STANDARD RATE","","Ch Vat Tax Standard Rate","CH VAT TAX STANDARD RATE","Y","1990/01/01","2017/12/31","","CUSTOMIZED_USER","2018/12/04 09:38:03.057954","CUSTOMIZED_USER","2019/11/29 09:15:56.58","9878CA3FC6BD1A62E053C390DF0A7240",""
"ZX_INPUT_CLASSIFICATIONS","CH VAT TAX STANDARD RATE","","CH VAT TAX STANDARD RATE","CH VAT TAX STANDARD RATE","Y","1989/12/25","","","CUSTOMIZED_USER","2019/11/07 09:58:39.725","CUSTOMIZED_USER","2019/11/29 09:15:56.586","9878CA3FC6BD1A62E053C390DF0A7240",""
"ZX_INPUT_CLASSIFICATIONS","CH VAT TAX ZERO RATE","","Ch Vat Tax Zero Rate","CH VAT TAX ZERO RATE","Y","1990/01/01","","","CUSTOMIZED_USER","2018/12/04 09:38:03.057954","CUSTOMIZED_USER","2018/12/04 09:38:03.057954","7C2FE223ECB13291E0537990DF0A3573",""
"ZX_INPUT_CLASSIFICATIONS","CH VAT TAX ZERO RATE","","CH VAT TAX ZERO RATE","CH VAT TAX ZERO RATE","Y","1989/12/25","","","CUSTOMIZED_USER","2019/11/07 09:58:40.886","CUSTOMIZED_USER","2019/11/07 09:58:47.233","96BF559456260548E053C390DF0AD066",""
"ZX_INPUT_CLASSIFICATIONS","DE VAT TAX EXPORT ZERO","","DE VAT TAX EXPORT ZERO","DE VAT TAX EXPORT ZERO","Y","2001/01/01","","","CUSTOMIZED_USER","2016/10/25 05:22:14.719","CUSTOMIZED_USER","2016/10/25 05:24:45.476","3FA97467CED50703E0537AA3FD0ABE43",""
"ZX_INPUT_CLASSIFICATIONS","DE VAT TAX REDUCED RATE","","DE VAT TAX REDUCED RATE","DE VAT TAX REDUCED RATE","Y","2001/01/01","","","CUSTOMIZED_USER","2020/11/08 06:25:20.132","CUSTOMIZED_USER","2020/11/08 06:26:20.368","B3861E30F6A134C7E0539E90DF0AF3D0",""
"ZX_INPUT_CLASSIFICATIONS","DE VAT TAX STANDARD RATE","","DE VAT TAX STANDARD RATE","DE VAT TAX STANDARD RATE","Y","2001/01/01","","","CUSTOMIZED_USER","2020/11/08 06:25:02.0","CUSTOMIZED_USER","2020/11/08 06:26:19.594","B3861E30F6A134C7E0539E90DF0AF3D0",""
"ZX_INPUT_CLASSIFICATIONS","DE VAT TAX ZERO RATE","","DE VAT TAX ZERO RATE","DE VAT TAX ZERO RATE","Y","2001/01/01","","","CUSTOMIZED_USER","2020/11/08 06:25:47.074","CUSTOMIZED_USER","2020/11/08 06:26:20.539","B3861E30F6A134C7E0539E90DF0AF3D0",""
"ZX_INPUT_CLASSIFICATIONS","ES VAT TAX DEFAULT ZERO RATE","","ES VAT TAX DEFAULT ZERO RATE","ES VAT TAX DEFAULT ZERO RATE","Y","1986/01/01","","","CUSTOMIZED_USER","2016/08/31 06:25:39.0","CUSTOMIZED_USER","2016/10/28 10:28:47.638","3FE68ED64E9E3CA3E0537AA3FD0A64F6",""
"ZX_INPUT_CLASSIFICATIONS","ES VAT TAX EXEMPT RATE","","ES VAT TAX EXEMPT RATE","ES VAT TAX EXEMPT RATE","Y","1986/01/01","","","CUSTOMIZED_USER","2016/08/31 06:26:46.34","CUSTOMIZED_USER","2016/10/28 10:32:41.612","3FE68ED64E9E3CA3E0537AA3FD0A64F6",""
"ZX_INPUT_CLASSIFICATIONS","ES VAT TAX INTRA EU GOODS","","ES VAT TAX INTRA EU GOODS","ES VAT TAX INTRA EU GOODS","Y","2001/01/01","","","CUSTOMIZED_USER","2016/08/31 06:27:15.657","CUSTOMIZED_USER","2016/10/28 10:34:07.646","3FE68ED64E9E3CA3E0537AA3FD0A64F6",""
"ZX_INPUT_CLASSIFICATIONS","ES VAT TAX INTRA EU SERVICES","","ES VAT TAX INTRA EU SERVICES","ES VAT TAX INTRA EU SERVICES","Y","2010/01/01","","","CUSTOMIZED_USER","2016/08/31 06:27:51.05","CUSTOMIZED_USER","2016/10/28 10:35:30.786","3FE68ED64E9E3CA3E0537AA3FD0A64F6",""
"ZX_INPUT_CLASSIFICATIONS","ES VAT TAX REDUCED RATE 1","","ES VAT TAX REDUCED RATE 1","ES VAT TAX REDUCED RATE 1","Y","1986/01/01","","","CUSTOMIZED_USER","2016/08/31 06:28:25.574","CUSTOMIZED_USER","2016/11/07 10:55:23.414","40B39627FD173072E0537AA3FD0A1D3F",""
"ZX_INPUT_CLASSIFICATIONS","ES VAT TAX REDUCED RATE 2","","ES VAT TAX REDUCED RATE 2","ES VAT TAX REDUCED RATE 2","Y","1986/01/01","","","CUSTOMIZED_USER","2016/08/31 06:28:52.212","CUSTOMIZED_USER","2016/10/28 10:39:59.283","3FE68ED64E9E3CA3E0537AA3FD0A64F6",""
"ZX_INPUT_CLASSIFICATIONS","ES VAT TAX STANDARD RATE","","ES VAT TAX STANDARD RATE","ES VAT TAX STANDARD RATE","N","2014/01/01","","","CUSTOMIZED_USER","2016/08/31 06:30:18.401","CUSTOMIZED_USER","2016/08/31 06:34:18.0","3B587DF7B1645EC2E0537AA3FD0AE685",""
"ZX_INPUT_CLASSIFICATIONS","ES VAT TAX STANDARD RATE","","ES VAT TAX STANDARD RATE","ES VAT TAX STANDARD RATE","Y","1986/01/01","","","CUSTOMIZED_USER","2016/08/26 08:31:35.356","CUSTOMIZED_USER","2016/11/02 11:45:17.554","403DC506BC7326C6E0537AA3FD0A9D32",""
"ZX_INPUT_CLASSIFICATIONS","ES VAT TAX STD RATE DEFERRED","","ES VAT TAX STD RATE DEFERRED","ES VAT TAX STD RATE DEFERRED","Y","2014/01/01","","","CUSTOMIZED_USER","2016/08/26 08:47:03.443","CUSTOMIZED_USER","2016/09/01 11:31:25.469","3B715EA3B1CA09EFE0537AA3FD0A3B2D",""
"ZX_INPUT_CLASSIFICATIONS","ES VAT TAX TRIANGULATION","","ES VAT TAX TRIANGULATION","ES VAT TAX TRIANGULATION","Y","2001/01/01","","","CUSTOMIZED_USER","2016/08/31 06:29:19.677","CUSTOMIZED_USER","2016/10/28 10:41:10.3","3FE68ED64E9E3CA3E0537AA3FD0A64F6",""
"ZX_INPUT_CLASSIFICATIONS","ES VAT TAX ZERO RATE","","ES VAT TAX ZERO RATE","ES VAT TAX ZERO RATE","Y","1986/01/01","","","CUSTOMIZED_USER","2016/08/31 06:29:47.626","CUSTOMIZED_USER","2016/10/28 10:42:21.546","3FE68ED64E9E3CA3E0537AA3FD0A64F6",""
"ZX_INPUT_CLASSIFICATIONS","ES VAT TAX ZERO RATE EXP/IMP","","ES VAT TAX ZERO RATE EXP/IMP","ES VAT TAX ZERO RATE EXP/IMP","Y","2014/01/01","","","CUSTOMIZED_USER","2016/08/31 06:36:52.0","CUSTOMIZED_USER","2016/09/01 10:48:06.562","3B6C65ABDF2349B5E0537AA3FD0A2DC9",""
"ZX_INPUT_CLASSIFICATIONS","FR VAT STD DEF RATE AP","","FR VAT STD DEF RATE AP","FR VAT STD DEF RATE AP","Y","2000/01/01","","","CUSTOMIZED_USER","2014/12/22 06:30:20.304","CUSTOMIZED_USER","2014/12/22 06:41:19.953","0AA9EA357C0F1684E0536204548C01DA",""
"ZX_INPUT_CLASSIFICATIONS","FR VAT TAX EXPORT ZERO","","FR VAT TAX EXPORT ZERO","FR VAT TAX EXPORT ZERO","Y","2015/01/01","","","CUSTOMIZED_USER","2015/06/17 08:30:56.379","CUSTOMIZED_USER","2015/06/17 08:30:56.884","18B378D56CEE6F68E0536204548CE8A2",""
"ZX_INPUT_CLASSIFICATIONS","FR VAT TAX STANDARD DEF RATE","","FR VAT TAX STANDARD DEF RATE","FR VAT TAX STANDARD DEF RATE","Y","2001/01/01","","","CUSTOMIZED_USER","2014/11/14 09:09:50.039","CUSTOMIZED_USER","2014/12/22 06:16:22.426","0AA9EA357C0F1684E0536204548C01DA",""
"ZX_INPUT_CLASSIFICATIONS","FR VAT TAX SUSPENDED ZERO","","FR VAT TAX SUSPENDED ZERO","FR VAT TAX SUSPENDED ZERO","Y","2015/01/01","","","CUSTOMIZED_USER","2015/06/17 08:29:00.859","CUSTOMIZED_USER","2015/06/17 08:29:02.022","18B378D56CED6F68E0536204548CE8A2",""
"ZX_INPUT_CLASSIFICATIONS","GB PROGRESS VAT EXEMPT","","GB PROGRESS VAT EXEMPT","GB PROGRESS VAT EXEMPT","Y","2018/01/01","","","CUSTOMIZED_USER","2021/08/19 17:47:20.64","CUSTOMIZED_USER","2021/08/19 17:47:21.167","C831AEF3750FB8C5E0530364FD0A3B03",""
"ZX_INPUT_CLASSIFICATIONS","GB PROGRESS VAT EXEMPT","","GB PROGRESS VAT EXEMPT","GB PROGRESS VAT EXEMPT","Y","2018/01/01","","","CUSTOMIZED_USER","2021/08/19 17:47:20.724","CUSTOMIZED_USER","2021/08/19 17:47:21.194","C831AEF3750FB8C5E0530364FD0A3B03",""
"ZX_INPUT_CLASSIFICATIONS","GB PROGRESS VAT STD RATE","","GB PROGRESS VAT STD RATE","GB PROGRESS VAT STD RATE","Y","2018/01/01","","","CUSTOMIZED_USER","2021/08/19 17:36:03.569","CUSTOMIZED_USER","2021/08/19 17:36:05.02","C831AEF3750FB8C5E0530364FD0A3B03",""
"ZX_INPUT_CLASSIFICATIONS","GB PROGRESS VAT STD RATE","","GB PROGRESS VAT STD RATE","GB PROGRESS VAT STD RATE","Y","2018/01/01","","","CUSTOMIZED_USER","2021/08/19 17:36:04.004","CUSTOMIZED_USER","2021/08/19 17:36:05.787","C831AEF3750FB8C5E0530364FD0A3B03",""
"ZX_INPUT_CLASSIFICATIONS","GB PROGRESS VAT ZERO RATE","","GB PROGRESS VAT ZERO RATE","GB PROGRESS VAT ZERO RATE","Y","2018/01/01","","","CUSTOMIZED_USER","2021/08/19 17:45:07.115","CUSTOMIZED_USER","2021/08/19 17:45:08.039","C831AEF3750FB8C5E0530364FD0A3B03",""
"ZX_INPUT_CLASSIFICATIONS","GB PROGRESS VAT ZERO RATE","","GB PROGRESS VAT ZERO RATE","GB PROGRESS VAT ZERO RATE","Y","2018/01/01","","","CUSTOMIZED_USER","2021/08/19 17:45:07.203","CUSTOMIZED_USER","2021/08/19 17:45:08.079","C831AEF3750FB8C5E0530364FD0A3B03",""
"ZX_INPUT_CLASSIFICATIONS","GB VAT TAX STANDARD RATE","","GB VAT TAX STANDARD RATE","GB VAT TAX STANDARD RATE","Y","2011/01/01","","","CUSTOMIZED_USER","2016/11/02 11:36:40.911","CUSTOMIZED_USER","2017/11/08 13:18:17.776","5D78E0D9825A0957E0538DADFD0AD16B",""
"ZX_INPUT_CLASSIFICATIONS","IT VAT AR STD RATE DEFERRED","","IT VAT AR STD RATE DEFERRED","IT VAT AR STD RATE DEFERRED","Y","2014/01/01","","","CUSTOMIZED_USER","2016/01/04 11:17:00.705","CUSTOMIZED_USER","2016/01/04 11:17:25.121","281A95534DE067CDE053790B548C3229",""
"ZX_INPUT_CLASSIFICATIONS","IT VAT STANDARD TAX RATE","","IT VAT TAX STANDARD RATE","IT VAT TAX STANDARD RATE","N","1973/01/01","1973/01/01","","CUSTOMIZED_USER","2015/10/27 08:30:05.575","CUSTOMIZED_USER","2016/05/20 12:35:59.0","334299E289F91B2AE053CFFBE70A8230",""
"ZX_INPUT_CLASSIFICATIONS","IT VAT TAX EXEMPT RATE","","IT VAT TAX EXEMPT RATE","IT VAT TAX EXEMPT RATE","N","1973/01/01","1973/01/01","","CUSTOMIZED_USER","2015/10/30 10:00:50.0","CUSTOMIZED_USER","2015/12/23 10:12:02.0","278E4D60B81B1B31E053790B548C4743",""
"ZX_INPUT_CLASSIFICATIONS","IT VAT TAX EXEMPT RATE","","IT VAT TAX EXEMPT RATE","IT VAT TAX EXEMPT RATE","Y","2014/01/01","","","CUSTOMIZED_USER","2016/01/04 11:11:31.0","CUSTOMIZED_USER","2016/01/04 11:12:19.462","281A95534DE067CDE053790B548C3229",""
"ZX_INPUT_CLASSIFICATIONS","IT VAT TAX INTRA EU GOODS","","IT VAT TAX INTRA EU GOODS","IT VAT TAX INTRA EU GOODS","N","1973/01/01","1973/01/01","","CUSTOMIZED_USER","2015/10/30 10:01:35.58","CUSTOMIZED_USER","2015/12/23 10:12:15.849","278E4D60B81B1B31E053790B548C4743",""
"ZX_INPUT_CLASSIFICATIONS","IT VAT TAX INTRA EU GOODS","","IT VAT TAX INTRA EU GOODS","IT VAT TAX INTRA EU GOODS","Y","2014/01/01","","","CUSTOMIZED_USER","2016/01/04 11:12:35.875","CUSTOMIZED_USER","2016/01/04 11:13:21.436","281A95534DE067CDE053790B548C3229",""
"ZX_INPUT_CLASSIFICATIONS","IT VAT TAX INTRA EU SERVICES","","IT VAT TAX INTRA EU SERVICES","IT VAT TAX INTRA EU SERVICES","N","1973/01/01","1973/01/01","","CUSTOMIZED_USER","2015/10/30 10:02:21.552","CUSTOMIZED_USER","2015/12/23 10:12:26.625","278E4D60B81B1B31E053790B548C4743",""
"ZX_INPUT_CLASSIFICATIONS","IT VAT TAX INTRA EU SERVICES","","IT VAT TAX INTRA EU SERVICES","IT VAT TAX INTRA EU SERVICES","Y","2014/01/01","","","CUSTOMIZED_USER","2016/01/04 11:13:34.076","CUSTOMIZED_USER","2016/01/04 11:14:05.537","281A95534DE067CDE053790B548C3229",""
"ZX_INPUT_CLASSIFICATIONS","IT VAT TAX REDUCED RATE 1","","IT VAT TAX REDUCED RATE 1","IT VAT TAX REDUCED RATE 1","N","1973/01/01","1973/01/01","","CUSTOMIZED_USER","2015/10/30 10:02:51.011","CUSTOMIZED_USER","2015/12/23 10:12:43.621","278E4D60B81B1B31E053790B548C4743",""
"ZX_INPUT_CLASSIFICATIONS","IT VAT TAX REDUCED RATE 1","","IT VAT TAX REDUCED RATE 1","IT VAT TAX REDUCED RATE 1","Y","2014/01/01","","","CUSTOMIZED_USER","2016/01/04 11:14:27.772","CUSTOMIZED_USER","2016/01/04 11:15:12.726","281A95534DE067CDE053790B548C3229",""
"ZX_INPUT_CLASSIFICATIONS","IT VAT TAX REDUCED RATE 2","","IT VAT TAX REDUCED RATE 2","IT VAT TAX REDUCED RATE 2","N","1973/01/01","1973/01/01","","CUSTOMIZED_USER","2015/10/30 10:03:20.456","CUSTOMIZED_USER","2015/12/23 10:12:57.241","278E4D60B81B1B31E053790B548C4743",""
"ZX_INPUT_CLASSIFICATIONS","IT VAT TAX REDUCED RATE 2","","IT VAT TAX REDUCED RATE 2","IT VAT TAX REDUCED RATE 2","Y","2014/01/01","","","CUSTOMIZED_USER","2016/01/04 11:15:24.865","CUSTOMIZED_USER","2016/01/04 11:16:01.319","281A95534DE067CDE053790B548C3229",""
"ZX_INPUT_CLASSIFICATIONS","IT VAT TAX STANDARD RATE","","IT VAT TAX STANDARD RATE","IT VAT TAX STANDARD RATE","Y","2014/01/01","","","CUSTOMIZED_USER","2016/05/24 09:49:31.0","CUSTOMIZED_USER","2016/05/24 09:52:50.502","3391C4A35AB4069AE053CFFBE70A31EC",""
"ZX_INPUT_CLASSIFICATIONS","IT VAT TAX ZERO RATE","","IT VAT TAX ZERO RATE","IT VAT TAX ZERO RATE","N","1973/01/01","1973/01/01","","CUSTOMIZED_USER","2015/10/30 10:03:41.801","CUSTOMIZED_USER","2015/12/23 10:15:02.394","278E4D60B81B1B31E053790B548C4743",""
"ZX_INPUT_CLASSIFICATIONS","IT VAT TAX ZERO RATE","","IT VAT TAX ZERO RATE","IT VAT TAX ZERO RATE","Y","2014/01/01","","","CUSTOMIZED_USER","2016/01/04 11:16:16.224","CUSTOMIZED_USER","2016/01/04 11:16:46.414","281A95534DE067CDE053790B548C3229",""
"ZX_INPUT_CLASSIFICATIONS","IT VAT ZERO RATE EXPORT/IMPORT","","IT VAT ZERO RATE EXPORT/IMPORT","IT VAT ZERO RATE EXPORT/IMPORT","N","2014/01/01","2014/01/01","","CUSTOMIZED_USER","2015/10/27 07:19:02.615","CUSTOMIZED_USER","2015/12/23 10:15:02.395","278E4D60B81B1B31E053790B548C4743",""
"ZX_INPUT_CLASSIFICATIONS","IT VAT ZERO RATE EXPORT/IMPORT","","IT VAT ZERO RATE EXPORT/IMPORT","IT VAT ZERO RATE EXPORT/IMPORT","Y","2014/01/01","","","CUSTOMIZED_USER","2016/01/04 11:17:36.704","CUSTOMIZED_USER","2016/01/04 11:18:14.548","281A95534DE067CDE053790B548C3229",""
"ZX_INPUT_CLASSIFICATIONS","JP NON TAXABLE","","JP NON TAXABLE","JP NON TAXABLE","Y","2000/01/01","","","CUSTOMIZED_USER","2015/04/14 10:02:44.679","CUSTOMIZED_USER","2015/08/05 09:22:58.284","1C8BC951D3C00B39E0536204548CCB8F",""
"ZX_INPUT_CLASSIFICATIONS","JP TAX EXEMPT","","JP TAX EXEMPT","JP TAX EXEMPT","Y","2000/01/01","","","CUSTOMIZED_USER","2015/04/13 14:48:41.298","CUSTOMIZED_USER","2015/08/05 09:15:11.86","1C8BC951D3C00B39E0536204548CCB8F",""
"ZX_INPUT_CLASSIFICATIONS","JP TAXABLE EXPENSE","","JP TAXABLE EXPENSE","JP TAXABLE EXPENSE","Y","2000/01/01","","","CUSTOMIZED_USER","2015/04/13 07:08:33.972","CUSTOMIZED_USER","2015/08/05 09:24:48.784","1C8BC951D3C00B39E0536204548CCB8F",""
"ZX_INPUT_CLASSIFICATIONS","NL VAT TAX EXPORT ZERO","","NL VAT TAX EXPORT ZERO","NL VAT TAX EXPORT ZERO","Y","2015/01/01","","","CUSTOMIZED_USER","2016/10/05 05:17:46.748","CUSTOMIZED_USER","2020/02/06 10:51:53.094","9DE6F3B4FB182782E053B090DF0AAE9F",""
"ZX_INPUT_CLASSIFICATIONS","PL VAT TAX STD RATE","","PL VAT TAX STANDARD RATE","PL VAT TAX STANDARD RATE","Y","2020/01/01","","","CUSTOMIZED_USER","2021/12/29 06:04:45.0","CUSTOMIZED_USER","2021/12/29 06:06:00.24","D18CE38A6C4C414EE0530364FD0AE4F9",""
"ZX_OUTPUT_CLASSIFICATIONS","AU G1","","Au G1","AU G1","Y","2017/01/01","","","CUSTOMIZED_USER","2021/02/11 12:27:29.28307","CUSTOMIZED_USER","2021/02/11 13:53:06.898","BB0DC241E4C9EC61E0539E90DF0A348D",""
"ZX_OUTPUT_CLASSIFICATIONS","AU G1","","Au G1","AU G1","Y","2017/01/01","","","CUSTOMIZED_USER","2021/02/11 12:27:29.290385","CUSTOMIZED_USER","2021/02/11 13:53:06.901","BB0DC241E4C9EC61E0539E90DF0A348D",""
"ZX_OUTPUT_CLASSIFICATIONS","AU G1 TAX","","AU G1 TAX","AU G1 TAX","Y","2000/01/07","","","CUSTOMIZED_USER","2016/08/17 09:16:55.359","CUSTOMIZED_USER","2016/08/17 09:20:31.123","3A3E8D8AE61555DCE0537AA3FD0A6445",""
"ZX_OUTPUT_CLASSIFICATIONS","AU G10","","Au G10","AU G10","Y","2017/01/01","","","CUSTOMIZED_USER","2021/02/11 12:27:29.28307","CUSTOMIZED_USER","2021/02/11 13:52:23.483","BB0DC241E4C9EC61E0539E90DF0A348D",""
"ZX_OUTPUT_CLASSIFICATIONS","AU G10","","Au G10","AU G10","Y","2017/01/01","","","CUSTOMIZED_USER","2021/02/11 12:27:29.290385","CUSTOMIZED_USER","2021/02/11 13:52:23.486","BB0DC241E4C9EC61E0539E90DF0A348D",""
"ZX_OUTPUT_CLASSIFICATIONS","AU G10 TAX","","AU G10 TAX","AU G10 TAX","Y","2000/01/07","","","CUSTOMIZED_USER","2016/08/17 09:10:32.675","CUSTOMIZED_USER","2016/08/17 09:23:23.891","3A3E8D8AE61555DCE0537AA3FD0A6445",""
"ZX_OUTPUT_CLASSIFICATIONS","AU G11","","Au G11","AU G11","Y","2017/01/01","","","CUSTOMIZED_USER","2021/02/11 12:27:29.28307","CUSTOMIZED_USER","2021/02/11 13:51:39.78","BB0DC241E4C9EC61E0539E90DF0A348D",""
"ZX_OUTPUT_CLASSIFICATIONS","AU G11","","Au G11","AU G11","Y","2017/01/01","","","CUSTOMIZED_USER","2021/02/11 12:27:29.290385","CUSTOMIZED_USER","2021/02/11 13:51:39.782","BB0DC241E4C9EC61E0539E90DF0A348D",""
"ZX_OUTPUT_CLASSIFICATIONS","AU G11 TAX","","AU G11 TAX","AU G11 TAX","Y","2000/01/07","","","CUSTOMIZED_USER","2016/08/17 07:52:05.506","CUSTOMIZED_USER","2017/09/26 10:23:21.081","5A156E941F2B4C7EE0538DADFD0A51AD",""
"ZX_OUTPUT_CLASSIFICATIONS","AU G3","","Au G3","AU G3","Y","2017/01/01","","","CUSTOMIZED_USER","2021/02/11 12:27:29.28307","CUSTOMIZED_USER","2021/02/11 12:40:28.273","BB0DC241E4C9EC61E0539E90DF0A348D",""
"ZX_OUTPUT_CLASSIFICATIONS","AU G3","","Au G3","AU G3","Y","2017/01/01","","","CUSTOMIZED_USER","2021/02/11 12:27:29.290385","CUSTOMIZED_USER","2021/02/11 12:40:28.275","BB0DC241E4C9EC61E0539E90DF0A348D",""
"ZX_OUTPUT_CLASSIFICATIONS","AU G3 TAX","","AU G3 TAX","AU G3 TAX","Y","2000/01/07","","","CUSTOMIZED_USER","2016/08/17 09:13:04.023","CUSTOMIZED_USER","2016/08/17 09:23:51.518","3A3E8D8AE61555DCE0537AA3FD0A6445",""
"ZX_OUTPUT_CLASSIFICATIONS","AU GST DEFAULT ZERO RATE","","Au Gst Default Zero Rate","AU GST DEFAULT ZERO RATE","Y","2017/01/01","","","CUSTOMIZED_USER","2021/02/11 12:27:29.28307","CUSTOMIZED_USER","2021/02/11 12:27:29.28307","BB0F464C3103C68BE0539E90DF0A75BF",""
"ZX_OUTPUT_CLASSIFICATIONS","AU GST DEFAULT ZERO RATE","","Au Gst Default Zero Rate","AU GST DEFAULT ZERO RATE","Y","2017/01/01","","","CUSTOMIZED_USER","2021/02/11 12:27:29.290385","CUSTOMIZED_USER","2021/02/11 12:27:29.290385","BB0F464C3103C68BE0539E90DF0A75BF",""
"ZX_OUTPUT_CLASSIFICATIONS","AU GST EXEMPT RATE","","Au Gst Exempt Rate","AU GST EXEMPT RATE","Y","2017/01/01","","","CUSTOMIZED_USER","2021/02/11 12:27:29.28307","CUSTOMIZED_USER","2021/02/11 12:37:18.903","BB0DC241E4C9EC61E0539E90DF0A348D",""
"ZX_OUTPUT_CLASSIFICATIONS","AU GST EXEMPT RATE","","Au Gst Exempt Rate","AU GST EXEMPT RATE","Y","2017/01/01","","","CUSTOMIZED_USER","2021/02/11 12:27:29.290385","CUSTOMIZED_USER","2021/02/11 12:37:18.906","BB0DC241E4C9EC61E0539E90DF0A348D",""
"ZX_OUTPUT_CLASSIFICATIONS","AU GST STANDARD RATE","","Au Gst Standard Rate","AU GST STANDARD RATE","Y","2017/01/01","","","CUSTOMIZED_USER","2021/02/11 12:27:29.28307","CUSTOMIZED_USER","2021/02/11 12:27:29.28307","BB0F464C3103C68BE0539E90DF0A75BF",""
"ZX_OUTPUT_CLASSIFICATIONS","AU GST STANDARD RATE","","Au Gst Standard Rate","AU GST STANDARD RATE","Y","2017/01/01","","","CUSTOMIZED_USER","2021/02/11 12:27:29.290385","CUSTOMIZED_USER","2021/02/11 12:27:29.290385","BB0F464C3103C68BE0539E90DF0A75BF",""
"ZX_OUTPUT_CLASSIFICATIONS","AU GST TAX EXEMPT RATE","","AU GST TAX EXEMPT RATE","AU GST TAX EXEMPT RATE","Y","2000/01/07","","","CUSTOMIZED_USER","2016/08/17 10:15:13.436","CUSTOMIZED_USER","2016/08/17 10:18:40.397","3A3E8D8AE61555DCE0537AA3FD0A6445",""
"ZX_OUTPUT_CLASSIFICATIONS","AU GST TAX STANDARD RATE","","AU GST TAX STANDARD RATE","AU GST TAX STANDARD RATE","N","","","","CUSTOMIZED_USER","2016/08/17 10:15:56.078","CUSTOMIZED_USER","2016/08/17 10:18:40.391","3A3E8D8AE61555DCE0537AA3FD0A6445",""
"ZX_OUTPUT_CLASSIFICATIONS","AU GST TAX STANDARD RATE","","AU GST TAX STANDARD RATE","AU GST TAX STANDARD RATE","Y","2000/01/07","","","CUSTOMIZED_USER","2016/08/17 10:17:22.769","CUSTOMIZED_USER","2016/08/17 10:18:40.4","3A3E8D8AE61555DCE0537AA3FD0A6445",""
"ZX_OUTPUT_CLASSIFICATIONS","AU GST TAX ZERO RATE","","AU GST TAX ZERO RATE","AU GST TAX ZERO RATE","Y","2000/01/07","","","CUSTOMIZED_USER","2016/08/17 10:18:51.951","CUSTOMIZED_USER","2016/08/17 10:37:59.86","3A3E8D8AE61555DCE0537AA3FD0A6445",""
"ZX_OUTPUT_CLASSIFICATIONS","AU GST ZERO RATE","","Au Gst Zero Rate","AU GST ZERO RATE","Y","2017/01/01","","","CUSTOMIZED_USER","2021/02/11 12:27:29.28307","CUSTOMIZED_USER","2021/02/11 12:34:25.293","BB0DC241E4C9EC61E0539E90DF0A348D",""
"ZX_OUTPUT_CLASSIFICATIONS","AU GST ZERO RATE","","Au Gst Zero Rate","AU GST ZERO RATE","Y","2017/01/01","","","CUSTOMIZED_USER","2021/02/11 12:27:29.290385","CUSTOMIZED_USER","2021/02/11 12:34:25.296","BB0DC241E4C9EC61E0539E90DF0A348D",""
"ZX_OUTPUT_CLASSIFICATIONS","CH VAT TAX DEFAULT ZERO RATE","","Ch Vat Tax Default Zero Rate","CH VAT TAX DEFAULT ZERO RATE","Y","1990/01/01","","","CUSTOMIZED_USER","2018/12/04 09:38:03.057954","CUSTOMIZED_USER","2018/12/04 09:38:03.057954","7C2FE223ECB13291E0537990DF0A3573",""
"ZX_OUTPUT_CLASSIFICATIONS","CH VAT TAX DEFAULT ZERO RATE","","CH VAT TAX DEFAULT ZERO RATE","CH VAT TAX DEFAULT ZERO RATE","Y","1989/12/25","","","CUSTOMIZED_USER","2019/11/07 09:58:41.348","CUSTOMIZED_USER","2019/11/07 09:58:47.47","96BF559456260548E053C390DF0AD066",""
"ZX_OUTPUT_CLASSIFICATIONS","CH VAT TAX EXEMPT RATE","","Ch Vat Tax Exempt Rate","CH VAT TAX EXEMPT RATE","Y","1990/01/01","","","CUSTOMIZED_USER","2018/12/04 09:38:03.057954","CUSTOMIZED_USER","2018/12/04 09:38:03.057954","7C2FE223ECB13291E0537990DF0A3573",""
"ZX_OUTPUT_CLASSIFICATIONS","CH VAT TAX EXEMPT RATE","","CH VAT TAX EXEMPT RATE","CH VAT TAX EXEMPT RATE","Y","1989/12/25","","","CUSTOMIZED_USER","2019/11/07 09:58:38.303","CUSTOMIZED_USER","2019/11/07 09:58:47.298","96BF559456260548E053C390DF0AD066",""
"ZX_OUTPUT_CLASSIFICATIONS","CH VAT TAX EXPORT ZERO","","Ch Vat Tax Export Zero","CH VAT TAX EXPORT ZERO","Y","1990/01/01","","","CUSTOMIZED_USER","2018/12/04 09:38:03.057954","CUSTOMIZED_USER","2018/12/04 09:38:03.057954","7C2FE223ECB13291E0537990DF0A3573",""
"ZX_OUTPUT_CLASSIFICATIONS","CH VAT TAX EXPORT ZERO","","CH VAT TAX EXPORT ZERO","CH VAT TAX EXPORT ZERO","Y","1989/12/25","","","CUSTOMIZED_USER","2019/11/07 09:58:39.495","CUSTOMIZED_USER","2019/11/07 09:58:47.324","96BF559456260548E053C390DF0AD066",""
"ZX_OUTPUT_CLASSIFICATIONS","CH VAT TAX REDUCED RATE 1","","Ch Vat Tax Reduced Rate 1","CH VAT TAX REDUCED RATE 1","Y","1990/01/01","","","CUSTOMIZED_USER","2018/12/04 09:38:03.057954","CUSTOMIZED_USER","2018/12/04 09:38:03.057954","7C2FE223ECB13291E0537990DF0A3573",""
"ZX_OUTPUT_CLASSIFICATIONS","CH VAT TAX REDUCED RATE 1","","CH VAT TAX REDUCED RATE 1","CH VAT TAX REDUCED RATE 1","Y","1989/12/25","","","CUSTOMIZED_USER","2019/11/07 09:58:40.266","CUSTOMIZED_USER","2019/11/07 09:58:47.377","96BF559456260548E053C390DF0AD066",""
"ZX_OUTPUT_CLASSIFICATIONS","CH VAT TAX REDUCED RATE 2","","Ch Vat Tax Reduced Rate 2","CH VAT TAX REDUCED RATE 2","Y","1990/01/01","2017/12/31","","CUSTOMIZED_USER","2018/12/04 09:38:03.057954","CUSTOMIZED_USER","2018/12/04 09:38:03.057954","7C2FE223ECB13291E0537990DF0A3573",""
"ZX_OUTPUT_CLASSIFICATIONS","CH VAT TAX REDUCED RATE 2","","CH VAT TAX REDUCED RATE 2","CH VAT TAX REDUCED RATE 2","Y","1989/12/25","","","CUSTOMIZED_USER","2019/11/07 09:58:40.648","CUSTOMIZED_USER","2019/11/07 09:58:47.407","96BF559456260548E053C390DF0AD066",""
"ZX_OUTPUT_CLASSIFICATIONS","CH VAT TAX STANDARD RATE","","CH VAT TAX STANDARD RATE","CH VAT TAX STANDARD RATE","Y","1989/12/25","","","CUSTOMIZED_USER","2019/11/29 09:15:56.099","CUSTOMIZED_USER","2019/11/29 09:15:56.587","9878CA3FC6BD1A62E053C390DF0A7240",""
"ZX_OUTPUT_CLASSIFICATIONS","CH VAT TAX STANDARD RATE","","Ch Vat Tax Standard Rate","CH VAT TAX STANDARD RATE","Y","1989/12/25","2017/12/31","","CUSTOMIZED_USER","2018/12/04 09:38:03.057954","CUSTOMIZED_USER","2019/11/29 09:15:56.619","9878CA3FC6BD1A62E053C390DF0A7240",""
"ZX_OUTPUT_CLASSIFICATIONS","CH VAT TAX STANDARD RATE","","CH VAT TAX STANDARD RATE","CH VAT TAX STANDARD RATE","Y","1989/12/25","","","CUSTOMIZED_USER","2019/11/07 09:58:39.847","CUSTOMIZED_USER","2019/11/29 09:15:56.62","9878CA3FC6BD1A62E053C390DF0A7240",""
"ZX_OUTPUT_CLASSIFICATIONS","CH VAT TAX ZERO RATE","","Ch Vat Tax Zero Rate","CH VAT TAX ZERO RATE","Y","1990/01/01","","","CUSTOMIZED_USER","2018/12/04 09:38:03.057954","CUSTOMIZED_USER","2018/12/04 09:38:03.057954","7C2FE223ECB13291E0537990DF0A3573",""
"ZX_OUTPUT_CLASSIFICATIONS","CH VAT TAX ZERO RATE","","CH VAT TAX ZERO RATE","CH VAT TAX ZERO RATE","Y","1989/12/25","","","CUSTOMIZED_USER","2019/11/07 09:58:41.004","CUSTOMIZED_USER","2019/11/07 09:58:47.431","96BF559456260548E053C390DF0AD066",""
"ZX_OUTPUT_CLASSIFICATIONS","DE  INTRA EU SERVICES","","DE  INTRA EU SERVICES","DE  INTRA EU SERVICES","Y","2001/01/01","","","CUSTOMIZED_USER","2016/10/25 06:31:57.202","CUSTOMIZED_USER","2016/10/25 06:43:12.699","3FAB8D53061E4984E0537AA3FD0AD106",""
"ZX_OUTPUT_CLASSIFICATIONS","DE EXPORT","","DE EXPORT","DE EXPORT","Y","2001/01/01","","","CUSTOMIZED_USER","2016/10/25 06:42:41.938","CUSTOMIZED_USER","2016/10/25 06:43:12.754","3FAB8D53061E4984E0537AA3FD0AD106",""
"ZX_OUTPUT_CLASSIFICATIONS","DE INTRA EU GOODS","","DE INTRA EU GOODS","DE INTRA EU GOODS","Y","2001/01/01","","","CUSTOMIZED_USER","2016/10/25 06:31:31.997","CUSTOMIZED_USER","2016/10/25 06:43:12.658","3FAB8D53061E4984E0537AA3FD0AD106",""
"ZX_OUTPUT_CLASSIFICATIONS","DE VAT TAX  ZERO RATE","","DE VAT TAX  ZERO RATE","DE VAT TAX  ZERO RATE","Y","2001/01/01","","","CUSTOMIZED_USER","2016/10/25 06:30:34.593","CUSTOMIZED_USER","2016/10/25 06:43:12.64","3FAB8D53061E4984E0537AA3FD0AD106",""
"ZX_OUTPUT_CLASSIFICATIONS","DE VAT TAX EXPORT ZERO","","DE VAT TAX EXPORT ZERO","DE VAT TAX EXPORT ZERO","Y","2001/01/01","","","CUSTOMIZED_USER","2016/10/25 05:22:14.871","CUSTOMIZED_USER","2016/10/25 05:24:45.482","3FA97467CED50703E0537AA3FD0ABE43",""
"ZX_OUTPUT_CLASSIFICATIONS","DE VAT TAX REDUCED RATE","","DE VAT TAX REDUCED RATE","DE VAT TAX REDUCED RATE","Y","2001/01/01","","","CUSTOMIZED_USER","2016/10/25 06:28:02.124","CUSTOMIZED_USER","2016/10/25 06:43:12.547","3FAB8D53061E4984E0537AA3FD0AD106",""
"ZX_OUTPUT_CLASSIFICATIONS","DE VAT TAX STANDARD RATE","","DE VAT TAX STANDARD RATE","DE VAT TAX STANDARD RATE","Y","2001/01/01","","","CUSTOMIZED_USER","2016/10/25 06:26:55.0","CUSTOMIZED_USER","2016/10/25 06:43:12.513","3FAB8D53061E4984E0537AA3FD0AD106",""
"ZX_OUTPUT_CLASSIFICATIONS","ES VAT TAX DEFAULT ZERO RATE","","ES VAT TAX DEFAULT ZERO RATE","ES VAT TAX DEFAULT ZERO RATE","Y","1986/01/01","","","CUSTOMIZED_USER","2016/08/31 06:38:20.192","CUSTOMIZED_USER","2016/10/28 10:28:47.64","3FE68ED64E9E3CA3E0537AA3FD0A64F6",""
"ZX_OUTPUT_CLASSIFICATIONS","ES VAT TAX EXEMPT RATE","","ES VAT TAX EXEMPT RATE","ES VAT TAX EXEMPT RATE","Y","1986/01/01","","","CUSTOMIZED_USER","2016/08/31 06:39:00.536","CUSTOMIZED_USER","2016/10/28 10:32:41.614","3FE68ED64E9E3CA3E0537AA3FD0A64F6",""
"ZX_OUTPUT_CLASSIFICATIONS","ES VAT TAX INTRA EU GOODS","","ES VAT TAX INTRA EU GOODS","ES VAT TAX INTRA EU GOODS","Y","2001/01/01","","","CUSTOMIZED_USER","2016/08/31 06:39:27.877","CUSTOMIZED_USER","2016/10/28 10:34:07.647","3FE68ED64E9E3CA3E0537AA3FD0A64F6",""
"ZX_OUTPUT_CLASSIFICATIONS","ES VAT TAX INTRA EU SERVICES","","ES VAT TAX INTRA EU SERVICES","ES VAT TAX INTRA EU SERVICES","Y","2010/01/01","","","CUSTOMIZED_USER","2016/08/31 06:39:49.536","CUSTOMIZED_USER","2016/10/28 10:35:30.788","3FE68ED64E9E3CA3E0537AA3FD0A64F6",""
"ZX_OUTPUT_CLASSIFICATIONS","ES VAT TAX REDUCED RATE 1","","ES VAT TAX REDUCED RATE 1","ES VAT TAX REDUCED RATE 1","Y","1986/01/01","","","CUSTOMIZED_USER","2016/08/31 06:40:11.847","CUSTOMIZED_USER","2016/11/07 10:55:23.416","40B39627FD173072E0537AA3FD0A1D3F",""
"ZX_OUTPUT_CLASSIFICATIONS","ES VAT TAX REDUCED RATE 2","","ES VAT TAX REDUCED RATE 2","ES VAT TAX REDUCED RATE 2","Y","1986/01/01","","","CUSTOMIZED_USER","2016/08/31 06:40:37.912","CUSTOMIZED_USER","2016/10/28 10:39:59.285","3FE68ED64E9E3CA3E0537AA3FD0A64F6",""
"ZX_OUTPUT_CLASSIFICATIONS","ES VAT TAX STANDARD RATE","","ES VAT TAX STANDARD RATE","ES VAT TAX STANDARD RATE","Y","1986/01/01","","","CUSTOMIZED_USER","2016/08/26 08:31:35.66","CUSTOMIZED_USER","2016/11/02 11:45:17.558","403DC506BC7326C6E0537AA3FD0A9D32",""
"ZX_OUTPUT_CLASSIFICATIONS","ES VAT TAX STD RATE DEFERRED","","ES VAT TAX STD RATE DEFERRED","ES VAT TAX STD RATE DEFERRED","Y","2014/01/01","","","CUSTOMIZED_USER","2016/08/26 08:47:03.497","CUSTOMIZED_USER","2016/09/01 11:31:25.477","3B715EA3B1CA09EFE0537AA3FD0A3B2D",""
"ZX_OUTPUT_CLASSIFICATIONS","ES VAT TAX TRIANGULATION","","ES VAT TAX TRIANGULATION","ES VAT TAX TRIANGULATION","Y","2001/01/01","","","CUSTOMIZED_USER","2016/08/31 06:41:05.043","CUSTOMIZED_USER","2016/10/28 10:41:10.303","3FE68ED64E9E3CA3E0537AA3FD0A64F6",""
"ZX_OUTPUT_CLASSIFICATIONS","ES VAT TAX ZERO RATE","","ES VAT TAX ZERO RATE","ES VAT TAX ZERO RATE","Y","1986/01/01","","","CUSTOMIZED_USER","2016/08/31 06:41:30.0","CUSTOMIZED_USER","2016/10/28 10:42:21.547","3FE68ED64E9E3CA3E0537AA3FD0A64F6",""
"ZX_OUTPUT_CLASSIFICATIONS","ES VAT TAX ZERO RATE EXP/IMP","","ES VAT TAX ZERO RATE EXP/IMP","ES VAT TAX ZERO RATE EXP/IMP","Y","2014/01/01","","","CUSTOMIZED_USER","2016/08/31 06:41:55.389","CUSTOMIZED_USER","2016/09/01 10:48:06.609","3B6C65ABDF2349B5E0537AA3FD0A2DC9",""
"ZX_OUTPUT_CLASSIFICATIONS","FR VAT STD DEF RATE AP","","FR VAT STD DEF RATE AP","FR VAT STD DEF RATE AP","Y","2000/01/01","","","CUSTOMIZED_USER","2014/12/22 06:30:20.44","CUSTOMIZED_USER","2014/12/22 06:41:19.956","0AA9EA357C0F1684E0536204548C01DA",""
"ZX_OUTPUT_CLASSIFICATIONS","FR VAT TAX EXPORT ZERO","","FR VAT TAX EXPORT ZERO","FR VAT TAX EXPORT ZERO","Y","2015/01/01","","","CUSTOMIZED_USER","2015/06/17 08:30:56.463","CUSTOMIZED_USER","2015/06/17 08:30:56.9","18B378D56CEE6F68E0536204548CE8A2",""
"ZX_OUTPUT_CLASSIFICATIONS","FR VAT TAX STANDARD DEF RATE","","FR VAT TAX STANDARD DEF RATE","FR VAT TAX STANDARD DEF RATE","Y","2001/01/01","","","CUSTOMIZED_USER","2014/11/14 09:09:50.404","CUSTOMIZED_USER","2014/12/22 06:16:22.498","0AA9EA357C0F1684E0536204548C01DA",""
"ZX_OUTPUT_CLASSIFICATIONS","FR VAT TAX STANDARD RATE","","FR VAT TAX STANDARD RATE","FR Standard Tax Rate","Y","1950/01/01","","","CUSTOMIZED_USER","2014/03/21 18:11:33.483","CUSTOMIZED_USER","2014/03/21 18:12:47.523","F520B195575D64DCE0436204548C4BF4",""
"ZX_OUTPUT_CLASSIFICATIONS","FR VAT TAX SUSPENDED ZERO","","FR VAT TAX SUSPENDED ZERO","FR VAT TAX SUSPENDED ZERO","Y","2015/01/01","","","CUSTOMIZED_USER","2015/06/17 08:29:01.218","CUSTOMIZED_USER","2015/06/17 08:29:02.215","18B378D56CED6F68E0536204548CE8A2",""
"ZX_OUTPUT_CLASSIFICATIONS","GB EXPORTS","","GB VAT TAX ZERO RATE","GB VAT TAX ZERO RATED (Exports)","Y","1950/01/01","","","CUSTOMIZED_USER","2015/05/15 05:11:35.0","CUSTOMIZED_USER","2015/05/15 05:16:59.055","1618E80D14136D95E0536204548C7B41",""
"ZX_OUTPUT_CLASSIFICATIONS","GB INTRA EU GOODS","","GB VAT TAX INTRA EU GOODS","GB INTRA EU GOODS","Y","1950/01/01","","","CUSTOMIZED_USER","2015/05/15 05:14:56.583","CUSTOMIZED_USER","2015/05/15 05:50:50.0","1618E80D14146D95E0536204548C7B41",""
"ZX_OUTPUT_CLASSIFICATIONS","GB INTRA EU SERVICES","","GB VAT TAX INTRA EU SERVICES","GB INTRA EU SERVICES","Y","1950/01/01","","","CUSTOMIZED_USER","2015/05/15 05:13:37.253","CUSTOMIZED_USER","2015/05/15 05:16:59.098","1618E80D14136D95E0536204548C7B41",""
"ZX_OUTPUT_CLASSIFICATIONS","GB PROGRESS VAT EXEMPT","","GB PROGRESS VAT EXEMPT","GB PROGRESS VAT EXEMPT","Y","2018/01/01","","","CUSTOMIZED_USER","2021/08/19 17:47:20.803","CUSTOMIZED_USER","2021/08/19 17:47:21.219","C831AEF3750FB8C5E0530364FD0A3B03",""
"ZX_OUTPUT_CLASSIFICATIONS","GB PROGRESS VAT EXEMPT","","GB PROGRESS VAT EXEMPT","GB PROGRESS VAT EXEMPT","Y","2018/01/01","","","CUSTOMIZED_USER","2021/08/19 17:47:20.88","CUSTOMIZED_USER","2021/08/19 17:47:21.241","C831AEF3750FB8C5E0530364FD0A3B03",""
"ZX_OUTPUT_CLASSIFICATIONS","GB PROGRESS VAT STD RATE","","GB PROGRESS VAT STD RATE","GB PROGRESS VAT STD RATE","Y","2018/01/01","","","CUSTOMIZED_USER","2021/08/19 17:36:04.086","CUSTOMIZED_USER","2021/08/19 17:36:05.811","C831AEF3750FB8C5E0530364FD0A3B03",""
"ZX_OUTPUT_CLASSIFICATIONS","GB PROGRESS VAT STD RATE","","GB PROGRESS VAT STD RATE","GB PROGRESS VAT STD RATE","Y","2018/01/01","","","CUSTOMIZED_USER","2021/08/19 17:36:04.173","CUSTOMIZED_USER","2021/08/19 17:36:05.835","C831AEF3750FB8C5E0530364FD0A3B03",""
"ZX_OUTPUT_CLASSIFICATIONS","GB PROGRESS VAT ZERO RATE","","GB PROGRESS VAT ZERO RATE","GB PROGRESS VAT ZERO RATE","Y","2018/01/01","","","CUSTOMIZED_USER","2021/08/19 17:45:07.278","CUSTOMIZED_USER","2021/08/19 17:45:08.103","C831AEF3750FB8C5E0530364FD0A3B03",""
"ZX_OUTPUT_CLASSIFICATIONS","GB PROGRESS VAT ZERO RATE","","GB PROGRESS VAT ZERO RATE","GB PROGRESS VAT ZERO RATE","Y","2018/01/01","","","CUSTOMIZED_USER","2021/08/19 17:45:07.355","CUSTOMIZED_USER","2021/08/19 17:45:08.132","C831AEF3750FB8C5E0530364FD0A3B03",""
"ZX_OUTPUT_CLASSIFICATIONS","GB VAT TAX STANDARD RATE","","GB VAT TAX STANDARD RATE","UK Standard Tax Rate","Y","1950/01/01","","","CUSTOMIZED_USER","2014/03/21 18:10:26.0","CUSTOMIZED_USER","2014/03/21 18:11:27.931","F520B195575D64DCE0436204548C4BF4",""
"ZX_OUTPUT_CLASSIFICATIONS","GB VAT TAX STANDARD RATE","","GB VAT TAX STANDARD RATE","GB VAT TAX STANDARD RATE","Y","2011/01/01","","","CUSTOMIZED_USER","2016/11/02 11:36:41.108","CUSTOMIZED_USER","2017/11/08 13:18:17.833","5D78E0D9825A0957E0538DADFD0AD16B",""
"ZX_OUTPUT_CLASSIFICATIONS","IT VAT AR STD RATE DEFERRED","","IT VAT AR STD RATE DEFERRED","IT VAT AR STD RATE DEFERRED","N","2013/12/31","2013/12/31","","CUSTOMIZED_USER","2015/10/27 07:17:04.831","CUSTOMIZED_USER","2015/12/23 10:15:28.304","278E4D60B81B1B31E053790B548C4743",""
"ZX_OUTPUT_CLASSIFICATIONS","IT VAT AR STD RATE DEFERRED","","IT VAT AR STD RATE DEFERRED","IT VAT AR STD RATE DEFERRED","Y","2014/01/01","","","CUSTOMIZED_USER","2015/12/23 10:24:37.593","CUSTOMIZED_USER","2015/12/23 10:25:14.401","278E4D60B81B1B31E053790B548C4743",""
"ZX_OUTPUT_CLASSIFICATIONS","IT VAT STANDARD TAX RATE","","IT VAT STANDARD TAX RATE","IT VAT STANDARD TAX RATE","N","2014/01/01","2014/01/01","","CUSTOMIZED_USER","2015/10/27 08:30:05.614","CUSTOMIZED_USER","2015/12/23 10:15:44.244","278E4D60B81B1B31E053790B548C4743",""
"ZX_OUTPUT_CLASSIFICATIONS","IT VAT TAX EXEMPT RATE","","IT VAT TAX EXEMPT RATE","IT VAT TAX EXEMPT RATE","N","1973/01/01","1973/01/01","","CUSTOMIZED_USER","2015/10/30 10:19:28.0","CUSTOMIZED_USER","2015/12/23 10:15:44.246","278E4D60B81B1B31E053790B548C4743",""
"ZX_OUTPUT_CLASSIFICATIONS","IT VAT TAX EXEMPT RATE","","IT VAT TAX EXEMPT RATE","IT VAT TAX EXEMPT RATE","Y","2014/01/01","","","CUSTOMIZED_USER","2015/12/23 10:17:47.612","CUSTOMIZED_USER","2015/12/23 10:18:57.629","278E4D60B81B1B31E053790B548C4743",""
"ZX_OUTPUT_CLASSIFICATIONS","IT VAT TAX INTRA EU GOODS","","IT VAT TAX INTRA EU GOODS","IT VAT TAX INTRA EU GOODS","N","1973/01/01","1973/01/01","","CUSTOMIZED_USER","2015/10/30 10:20:20.243","CUSTOMIZED_USER","2015/12/23 10:15:56.519","278E4D60B81B1B31E053790B548C4743",""
"ZX_OUTPUT_CLASSIFICATIONS","IT VAT TAX INTRA EU GOODS","","IT VAT TAX INTRA EU GOODS","IT VAT TAX INTRA EU GOODS","Y","2014/01/01","","","CUSTOMIZED_USER","2015/12/23 10:19:08.657","CUSTOMIZED_USER","2015/12/23 10:19:56.162","278E4D60B81B1B31E053790B548C4743",""
"ZX_OUTPUT_CLASSIFICATIONS","IT VAT TAX INTRA EU SERVICES","","IT VAT TAX INTRA EU SERVICES","IT VAT TAX INTRA EU SERVICES","N","1973/01/01","1973/01/01","","CUSTOMIZED_USER","2015/10/30 10:20:44.809","CUSTOMIZED_USER","2015/12/23 10:16:09.392","278E4D60B81B1B31E053790B548C4743",""
"ZX_OUTPUT_CLASSIFICATIONS","IT VAT TAX INTRA EU SERVICES","","IT VAT TAX INTRA EU SERVICES","IT VAT TAX INTRA EU SERVICES","Y","2014/01/01","","","CUSTOMIZED_USER","2015/12/23 10:20:07.184","CUSTOMIZED_USER","2015/12/23 10:20:54.342","278E4D60B81B1B31E053790B548C4743",""
"ZX_OUTPUT_CLASSIFICATIONS","IT VAT TAX REDUCED RATE 1","","IT VAT TAX REDUCED RATE 1","IT VAT TAX REDUCED RATE 1","N","1973/01/01","1973/01/01","","CUSTOMIZED_USER","2015/10/30 10:21:09.026","CUSTOMIZED_USER","2015/12/23 10:16:22.398","278E4D60B81B1B31E053790B548C4743",""
"ZX_OUTPUT_CLASSIFICATIONS","IT VAT TAX REDUCED RATE 1","","IT VAT TAX REDUCED RATE 1","IT VAT TAX REDUCED RATE 1","Y","2014/01/01","","","CUSTOMIZED_USER","2015/12/23 10:21:06.383","CUSTOMIZED_USER","2015/12/23 10:21:50.457","278E4D60B81B1B31E053790B548C4743",""
"ZX_OUTPUT_CLASSIFICATIONS","IT VAT TAX REDUCED RATE 2","","IT VAT TAX REDUCED RATE 2","IT VAT TAX REDUCED RATE 2","N","1973/01/01","1973/01/01","","CUSTOMIZED_USER","2015/10/30 10:21:29.493","CUSTOMIZED_USER","2015/12/23 10:16:36.82","278E4D60B81B1B31E053790B548C4743",""
"ZX_OUTPUT_CLASSIFICATIONS","IT VAT TAX REDUCED RATE 2","","IT VAT TAX REDUCED RATE 2","IT VAT TAX REDUCED RATE 2","Y","2014/01/01","","","CUSTOMIZED_USER","2015/12/23 10:21:54.858","CUSTOMIZED_USER","2015/12/23 10:22:46.062","278E4D60B81B1B31E053790B548C4743",""
"ZX_OUTPUT_CLASSIFICATIONS","IT VAT TAX STANDARD RATE","","IT VAT TAX STANDARD RATE","IT VAT TAX STANDARD RATE","Y","2014/01/01","","","CUSTOMIZED_USER","2016/05/24 09:53:30.395","CUSTOMIZED_USER","2016/05/24 09:54:04.262","3391C4A35AB4069AE053CFFBE70A31EC",""
"ZX_OUTPUT_CLASSIFICATIONS","IT VAT TAX ZERO RATE","","IT VAT TAX ZERO RATE","IT VAT TAX ZERO RATE","N","1973/01/01","1973/01/01","","CUSTOMIZED_USER","2015/10/30 10:22:01.779","CUSTOMIZED_USER","2015/12/23 10:16:51.031","278E4D60B81B1B31E053790B548C4743",""
"ZX_OUTPUT_CLASSIFICATIONS","IT VAT TAX ZERO RATE","","IT VAT TAX ZERO RATE","IT VAT TAX ZERO RATE","Y","2014/01/01","","","CUSTOMIZED_USER","2015/12/23 10:23:15.299","CUSTOMIZED_USER","2015/12/23 10:24:20.546","278E4D60B81B1B31E053790B548C4743",""
"ZX_OUTPUT_CLASSIFICATIONS","IT VAT ZERO RATE EXPORT/IMPORT","","IT VAT ZERO RATE EXPORT/IMPORT","IT VAT ZERO RATE EXPORT/IMPORT","N","2014/01/01","2014/01/01","","CUSTOMIZED_USER","2015/10/27 07:19:02.676","CUSTOMIZED_USER","2015/12/23 10:17:08.695","278E4D60B81B1B31E053790B548C4743",""
"ZX_OUTPUT_CLASSIFICATIONS","IT VAT ZERO RATE EXPORT/IMPORT","","IT VAT ZERO RATE EXPORT/IMPORT","IT VAT ZERO RATE EXPORT/IMPORT","Y","2014/01/01","","","CUSTOMIZED_USER","2015/12/23 10:25:30.362","CUSTOMIZED_USER","2015/12/23 10:26:15.757","278E4D60B81B1B31E053790B548C4743",""
"ZX_OUTPUT_CLASSIFICATIONS","JP NON TAXABLE","","JP NON TAXABLE","JP NON TAXABLE","Y","2000/01/01","","","CUSTOMIZED_USER","2015/04/14 10:02:44.891","CUSTOMIZED_USER","2015/08/05 09:22:58.285","1C8BC951D3C00B39E0536204548CCB8F",""
"ZX_OUTPUT_CLASSIFICATIONS","JP TAX EXEMPT","","JP TAX EXEMPT","JP TAX EXEMPT","Y","2000/01/01","","","CUSTOMIZED_USER","2015/04/13 14:48:41.583","CUSTOMIZED_USER","2015/08/05 09:15:11.862","1C8BC951D3C00B39E0536204548CCB8F",""
"ZX_OUTPUT_CLASSIFICATIONS","JP TAX FREE","","JP TAX FREE","JP TAX FREE","Y","2000/01/01","","","CUSTOMIZED_USER","2015/04/14 10:13:52.627","CUSTOMIZED_USER","2015/08/05 09:21:39.496","1C8BC951D3C00B39E0536204548CCB8F",""
"ZX_OUTPUT_CLASSIFICATIONS","JP TAXABLE SALES","","JP TAXABLE SALES","JP TAXABLE SALES","Y","2000/01/01","","","CUSTOMIZED_USER","2015/04/13 07:11:30.9","CUSTOMIZED_USER","2015/08/05 09:22:29.161","1C8BC951D3C00B39E0536204548CCB8F",""
"ZX_OUTPUT_CLASSIFICATIONS","NL VAT TAX EXPORT ZERO","","NL VAT TAX EXPORT ZERO","NL VAT TAX EXPORT ZERO","Y","2015/01/01","","","CUSTOMIZED_USER","2016/10/05 05:17:47.114","CUSTOMIZED_USER","2020/02/06 10:51:53.112","9DE6F3B4FB182782E053B090DF0AAE9F",""
"ZX_OUTPUT_CLASSIFICATIONS","STD","","STD","US Sales and Use Tax rate","Y","1950/01/01","","","CUSTOMIZED_USER","2013/11/19 18:57:44.0","CUSTOMIZED_USER","2013/11/19 18:58:30.713","EB8CD2130A1647E5E0436204548CED1B",""
"ZX_OUTPUT_CLASSIFICATIONS","STD","","STD","STD","Y","1950/01/01","","","CUSTOMIZED_USER","2019/02/15 06:34:32.38","CUSTOMIZED_USER","2019/02/15 06:34:47.568","81E84BDD333B2ED1E053C390DF0A9135",""
"ZX_OUTPUT_CLASSIFICATIONS","STD","","STD","STD","Y","1950/01/01","","","CUSTOMIZED_USER","2019/02/15 06:33:46.54","CUSTOMIZED_USER","2019/02/15 06:34:04.983","81E84BDD333B2ED1E053C390DF0A9135",""
"ZX_WEB_EXP_TAX_CLASSIFICATIONS","AU G1","","Au G1","AU G1","Y","2017/01/01","","","CUSTOMIZED_USER","2021/02/11 12:27:29.28307","CUSTOMIZED_USER","2021/02/11 13:53:06.903","BB0DC241E4C9EC61E0539E90DF0A348D",""
"ZX_WEB_EXP_TAX_CLASSIFICATIONS","AU G1","","Au G1","AU G1","Y","2017/01/01","","","CUSTOMIZED_USER","2021/02/11 12:27:29.290385","CUSTOMIZED_USER","2021/02/11 13:53:06.906","BB0DC241E4C9EC61E0539E90DF0A348D",""
"ZX_WEB_EXP_TAX_CLASSIFICATIONS","AU G1 TAX","","AU G1 TAX","AU G1 TAX","Y","2000/01/07","","","CUSTOMIZED_USER","2016/08/17 09:16:55.406","CUSTOMIZED_USER","2016/08/17 09:20:31.124","3A3E8D8AE61555DCE0537AA3FD0A6445",""
"ZX_WEB_EXP_TAX_CLASSIFICATIONS","AU G10","","Au G10","AU G10","Y","2017/01/01","","","CUSTOMIZED_USER","2021/02/11 12:27:29.28307","CUSTOMIZED_USER","2021/02/11 13:52:23.488","BB0DC241E4C9EC61E0539E90DF0A348D",""
"ZX_WEB_EXP_TAX_CLASSIFICATIONS","AU G10","","Au G10","AU G10","Y","2017/01/01","","","CUSTOMIZED_USER","2021/02/11 12:27:29.290385","CUSTOMIZED_USER","2021/02/11 13:52:23.49","BB0DC241E4C9EC61E0539E90DF0A348D",""
"ZX_WEB_EXP_TAX_CLASSIFICATIONS","AU G10 TAX","","AU G10 TAX","AU G10 TAX","Y","2000/01/07","","","CUSTOMIZED_USER","2016/08/17 09:10:32.719","CUSTOMIZED_USER","2016/08/17 09:23:23.893","3A3E8D8AE61555DCE0537AA3FD0A6445",""
"ZX_WEB_EXP_TAX_CLASSIFICATIONS","AU G11","","Au G11","AU G11","Y","2017/01/01","","","CUSTOMIZED_USER","2021/02/11 12:27:29.28307","CUSTOMIZED_USER","2021/02/11 13:51:39.787","BB0DC241E4C9EC61E0539E90DF0A348D",""
"ZX_WEB_EXP_TAX_CLASSIFICATIONS","AU G11","","Au G11","AU G11","Y","2017/01/01","","","CUSTOMIZED_USER","2021/02/11 12:27:29.290385","CUSTOMIZED_USER","2021/02/11 13:51:39.789","BB0DC241E4C9EC61E0539E90DF0A348D",""
"ZX_WEB_EXP_TAX_CLASSIFICATIONS","AU G11 TAX","","AU G11 TAX","AU G11 TAX","Y","2000/01/07","","","CUSTOMIZED_USER","2016/08/17 07:52:05.585","CUSTOMIZED_USER","2017/09/26 10:23:21.084","5A156E941F2B4C7EE0538DADFD0A51AD",""
"ZX_WEB_EXP_TAX_CLASSIFICATIONS","AU G3","","Au G3","AU G3","Y","2017/01/01","","","CUSTOMIZED_USER","2021/02/11 12:27:29.28307","CUSTOMIZED_USER","2021/02/11 12:40:28.278","BB0DC241E4C9EC61E0539E90DF0A348D",""
"ZX_WEB_EXP_TAX_CLASSIFICATIONS","AU G3","","Au G3","AU G3","Y","2017/01/01","","","CUSTOMIZED_USER","2021/02/11 12:27:29.290385","CUSTOMIZED_USER","2021/02/11 12:40:28.28","BB0DC241E4C9EC61E0539E90DF0A348D",""
"ZX_WEB_EXP_TAX_CLASSIFICATIONS","AU G3 TAX","","AU G3 TAX","AU G3 TAX","Y","2000/01/07","","","CUSTOMIZED_USER","2016/08/17 09:13:04.066","CUSTOMIZED_USER","2016/08/17 09:23:51.52","3A3E8D8AE61555DCE0537AA3FD0A6445",""
"ZX_WEB_EXP_TAX_CLASSIFICATIONS","AU GST DEFAULT ZERO RATE","","Au Gst Default Zero Rate","AU GST DEFAULT ZERO RATE","Y","2017/01/01","","","CUSTOMIZED_USER","2021/02/11 12:27:29.28307","CUSTOMIZED_USER","2021/02/11 12:27:29.28307","BB0F464C3103C68BE0539E90DF0A75BF",""
"ZX_WEB_EXP_TAX_CLASSIFICATIONS","AU GST DEFAULT ZERO RATE","","Au Gst Default Zero Rate","AU GST DEFAULT ZERO RATE","Y","2017/01/01","","","CUSTOMIZED_USER","2021/02/11 12:27:29.290385","CUSTOMIZED_USER","2021/02/11 12:27:29.290385","BB0F464C3103C68BE0539E90DF0A75BF",""
"ZX_WEB_EXP_TAX_CLASSIFICATIONS","AU GST EXEMPT RATE","","Au Gst Exempt Rate","AU GST EXEMPT RATE","Y","2017/01/01","","","CUSTOMIZED_USER","2021/02/11 12:27:29.28307","CUSTOMIZED_USER","2021/02/11 12:37:18.908","BB0DC241E4C9EC61E0539E90DF0A348D",""
"ZX_WEB_EXP_TAX_CLASSIFICATIONS","AU GST EXEMPT RATE","","Au Gst Exempt Rate","AU GST EXEMPT RATE","Y","2017/01/01","","","CUSTOMIZED_USER","2021/02/11 12:27:29.290385","CUSTOMIZED_USER","2021/02/11 12:37:18.911","BB0DC241E4C9EC61E0539E90DF0A348D",""
"ZX_WEB_EXP_TAX_CLASSIFICATIONS","AU GST STANDARD RATE","","Au Gst Standard Rate","AU GST STANDARD RATE","Y","2017/01/01","","","CUSTOMIZED_USER","2021/02/11 12:27:29.28307","CUSTOMIZED_USER","2021/02/11 12:27:29.28307","BB0F464C3103C68BE0539E90DF0A75BF",""
"ZX_WEB_EXP_TAX_CLASSIFICATIONS","AU GST STANDARD RATE","","Au Gst Standard Rate","AU GST STANDARD RATE","Y","2017/01/01","","","CUSTOMIZED_USER","2021/02/11 12:27:29.290385","CUSTOMIZED_USER","2021/02/11 12:27:29.290385","BB0F464C3103C68BE0539E90DF0A75BF",""
"ZX_WEB_EXP_TAX_CLASSIFICATIONS","AU GST TAX EXEMPT RATE","","AU GST TAX EXEMPT RATE","AU GST TAX EXEMPT RATE","Y","2000/01/07","","","CUSTOMIZED_USER","2016/08/17 10:38:16.024","CUSTOMIZED_USER","2016/08/17 10:38:41.045","3A3E8D8AE61555DCE0537AA3FD0A6445",""
"ZX_WEB_EXP_TAX_CLASSIFICATIONS","AU GST TAX STANDARD RATE","","AU GST TAX STANDARD RATE","AU GST TAX STANDARD RATE","Y","2000/01/07","","","CUSTOMIZED_USER","2016/08/17 10:38:45.061","CUSTOMIZED_USER","2016/08/17 10:39:11.109","3A3E8D8AE61555DCE0537AA3FD0A6445",""
"ZX_WEB_EXP_TAX_CLASSIFICATIONS","AU GST TAX ZERO RATE","","AU GST TAX ZERO RATE","AU GST TAX ZERO RATE","Y","2000/01/07","","","CUSTOMIZED_USER","2016/08/17 10:39:14.574","CUSTOMIZED_USER","2016/08/17 10:39:39.409","3A3E8D8AE61555DCE0537AA3FD0A6445",""
"ZX_WEB_EXP_TAX_CLASSIFICATIONS","AU GST ZERO RATE","","Au Gst Zero Rate","AU GST ZERO RATE","Y","2017/01/01","","","CUSTOMIZED_USER","2021/02/11 12:27:29.28307","CUSTOMIZED_USER","2021/02/11 12:34:25.299","BB0DC241E4C9EC61E0539E90DF0A348D",""
"ZX_WEB_EXP_TAX_CLASSIFICATIONS","AU GST ZERO RATE","","Au Gst Zero Rate","AU GST ZERO RATE","Y","2017/01/01","","","CUSTOMIZED_USER","2021/02/11 12:27:29.290385","CUSTOMIZED_USER","2021/02/11 12:34:25.302","BB0DC241E4C9EC61E0539E90DF0A348D",""
"ZX_WEB_EXP_TAX_CLASSIFICATIONS","CH VAT TAX DEFAULT ZERO RATE","","Ch Vat Tax Default Zero Rate","CH VAT TAX DEFAULT ZERO RATE","Y","1990/01/01","","","CUSTOMIZED_USER","2018/12/04 09:38:03.057954","CUSTOMIZED_USER","2018/12/04 09:38:03.057954","7C2FE223ECB13291E0537990DF0A3573",""
"ZX_WEB_EXP_TAX_CLASSIFICATIONS","CH VAT TAX DEFAULT ZERO RATE","","CH VAT TAX DEFAULT ZERO RATE","CH VAT TAX DEFAULT ZERO RATE","Y","1989/12/25","","","CUSTOMIZED_USER","2019/11/07 09:58:41.458","CUSTOMIZED_USER","2019/11/07 09:58:47.686","96BF559456260548E053C390DF0AD066",""
"ZX_WEB_EXP_TAX_CLASSIFICATIONS","CH VAT TAX EXEMPT RATE","","Ch Vat Tax Exempt Rate","CH VAT TAX EXEMPT RATE","Y","1990/01/01","","","CUSTOMIZED_USER","2018/12/04 09:38:03.057954","CUSTOMIZED_USER","2018/12/04 09:38:03.057954","7C2FE223ECB13291E0537990DF0A3573",""
"ZX_WEB_EXP_TAX_CLASSIFICATIONS","CH VAT TAX EXEMPT RATE","","CH VAT TAX EXEMPT RATE","CH VAT TAX EXEMPT RATE","Y","1989/12/25","","","CUSTOMIZED_USER","2019/11/07 09:58:38.459","CUSTOMIZED_USER","2019/11/07 09:58:47.498","96BF559456260548E053C390DF0AD066",""
"ZX_WEB_EXP_TAX_CLASSIFICATIONS","CH VAT TAX EXPORT ZERO","","Ch Vat Tax Export Zero","CH VAT TAX EXPORT ZERO","Y","1990/01/01","","","CUSTOMIZED_USER","2018/12/04 09:38:03.057954","CUSTOMIZED_USER","2018/12/04 09:38:03.057954","7C2FE223ECB13291E0537990DF0A3573",""
"ZX_WEB_EXP_TAX_CLASSIFICATIONS","CH VAT TAX EXPORT ZERO","","CH VAT TAX EXPORT ZERO","CH VAT TAX EXPORT ZERO","Y","1989/12/25","","","CUSTOMIZED_USER","2019/11/07 09:58:39.619","CUSTOMIZED_USER","2019/11/07 09:58:47.524","96BF559456260548E053C390DF0AD066",""
"ZX_WEB_EXP_TAX_CLASSIFICATIONS","CH VAT TAX REDUCED RATE 1","","Ch Vat Tax Reduced Rate 1","CH VAT TAX REDUCED RATE 1","Y","1990/01/01","","","CUSTOMIZED_USER","2018/12/04 09:38:03.057954","CUSTOMIZED_USER","2018/12/04 09:38:03.057954","7C2FE223ECB13291E0537990DF0A3573",""
"ZX_WEB_EXP_TAX_CLASSIFICATIONS","CH VAT TAX REDUCED RATE 1","","CH VAT TAX REDUCED RATE 1","CH VAT TAX REDUCED RATE 1","Y","1989/12/25","","","CUSTOMIZED_USER","2019/11/07 09:58:40.389","CUSTOMIZED_USER","2019/11/07 09:58:47.581","96BF559456260548E053C390DF0AD066",""
"ZX_WEB_EXP_TAX_CLASSIFICATIONS","CH VAT TAX REDUCED RATE 2","","Ch Vat Tax Reduced Rate 2","CH VAT TAX REDUCED RATE 2","Y","1990/01/01","2017/12/31","","CUSTOMIZED_USER","2018/12/04 09:38:03.057954","CUSTOMIZED_USER","2018/12/04 09:38:03.057954","7C2FE223ECB13291E0537990DF0A3573",""
"ZX_WEB_EXP_TAX_CLASSIFICATIONS","CH VAT TAX REDUCED RATE 2","","CH VAT TAX REDUCED RATE 2","CH VAT TAX REDUCED RATE 2","Y","1989/12/25","","","CUSTOMIZED_USER","2019/11/07 09:58:40.767","CUSTOMIZED_USER","2019/11/07 09:58:47.617","96BF559456260548E053C390DF0AD066",""
"ZX_WEB_EXP_TAX_CLASSIFICATIONS","CH VAT TAX STANDARD RATE","","CH VAT TAX STANDARD RATE","CH VAT TAX STANDARD RATE","Y","1989/12/25","","","CUSTOMIZED_USER","2019/11/29 09:15:56.178","CUSTOMIZED_USER","2019/11/29 09:15:56.621","9878CA3FC6BD1A62E053C390DF0A7240",""
"ZX_WEB_EXP_TAX_CLASSIFICATIONS","CH VAT TAX STANDARD RATE","","Ch Vat Tax Standard Rate","CH VAT TAX STANDARD RATE","Y","1989/12/25","2017/12/31","","CUSTOMIZED_USER","2018/12/04 09:38:03.057954","CUSTOMIZED_USER","2019/11/29 09:15:56.641","9878CA3FC6BD1A62E053C390DF0A7240",""
"ZX_WEB_EXP_TAX_CLASSIFICATIONS","CH VAT TAX STANDARD RATE","","CH VAT TAX STANDARD RATE","CH VAT TAX STANDARD RATE","Y","1989/12/25","","","CUSTOMIZED_USER","2019/11/07 09:58:39.981","CUSTOMIZED_USER","2019/11/29 09:15:56.649","9878CA3FC6BD1A62E053C390DF0A7240",""
"ZX_WEB_EXP_TAX_CLASSIFICATIONS","CH VAT TAX ZERO RATE","","Ch Vat Tax Zero Rate","CH VAT TAX ZERO RATE","Y","1990/01/01","","","CUSTOMIZED_USER","2018/12/04 09:38:03.057954","CUSTOMIZED_USER","2018/12/04 09:38:03.057954","7C2FE223ECB13291E0537990DF0A3573",""
"ZX_WEB_EXP_TAX_CLASSIFICATIONS","CH VAT TAX ZERO RATE","","CH VAT TAX ZERO RATE","CH VAT TAX ZERO RATE","Y","1989/12/25","","","CUSTOMIZED_USER","2019/11/07 09:58:41.136","CUSTOMIZED_USER","2019/11/07 09:58:47.647","96BF559456260548E053C390DF0AD066",""
"ZX_WEB_EXP_TAX_CLASSIFICATIONS","DE VAT TAX EXPORT ZERO","","DE VAT TAX EXPORT ZERO","DE VAT TAX EXPORT ZERO","Y","2001/01/01","","","CUSTOMIZED_USER","2016/10/25 05:22:14.937","CUSTOMIZED_USER","2016/10/25 05:24:45.484","3FA97467CED50703E0537AA3FD0ABE43",""
"ZX_WEB_EXP_TAX_CLASSIFICATIONS","DE VAT TAX REDUCED RATE","","DE VAT TAX REDUCED RATE","DE VAT TAX REDUCED RATE","Y","2000/01/01","","","CUSTOMIZED_USER","2021/01/14 15:27:28.0","CUSTOMIZED_USER","2021/01/14 15:31:10.56","B8DEB91AD4CF20DCE0539E90DF0AAF1F",""
"ZX_WEB_EXP_TAX_CLASSIFICATIONS","DE VAT TAX STANDARD RATE","","DE VAT TAX STANDARD RATE","DE VAT TAX STANDARD RATE","Y","2000/01/01","","","CUSTOMIZED_USER","2021/01/14 15:28:54.273","CUSTOMIZED_USER","2021/01/14 15:31:10.901","B8DEB91AD4CF20DCE0539E90DF0AAF1F",""
"ZX_WEB_EXP_TAX_CLASSIFICATIONS","DE VAT TAX ZERO RATE","","DE VAT TAX ZERO RATE","DE VAT TAX ZERO RATE","Y","2000/01/01","","","CUSTOMIZED_USER","2021/01/14 15:29:38.385","CUSTOMIZED_USER","2021/01/14 15:31:11.114","B8DEB91AD4CF20DCE0539E90DF0AAF1F",""
"ZX_WEB_EXP_TAX_CLASSIFICATIONS","ES VAT TAX STANDARD RATE","","ES VAT TAX STANDARD RATE","ES VAT TAX STANDARD RATE","Y","1986/01/01","","","CUSTOMIZED_USER","2016/08/26 08:31:35.749","CUSTOMIZED_USER","2016/11/02 11:45:17.56","403DC506BC7326C6E0537AA3FD0A9D32",""
"ZX_WEB_EXP_TAX_CLASSIFICATIONS","ES VAT TAX STD RATE DEFERRED","","ES VAT TAX STD RATE DEFERRED","ES VAT TAX STD RATE DEFERRED","Y","2014/01/01","","","CUSTOMIZED_USER","2016/08/26 08:47:03.537","CUSTOMIZED_USER","2016/09/01 11:31:25.479","3B715EA3B1CA09EFE0537AA3FD0A3B2D",""
"ZX_WEB_EXP_TAX_CLASSIFICATIONS","FR VAT STD DEF RATE AP","","FR VAT STD DEF RATE AP","FR VAT STD DEF RATE AP","Y","2000/01/01","","","CUSTOMIZED_USER","2014/12/22 06:30:20.568","CUSTOMIZED_USER","2014/12/22 06:41:19.959","0AA9EA357C0F1684E0536204548C01DA",""
"ZX_WEB_EXP_TAX_CLASSIFICATIONS","FR VAT TAX EXPORT ZERO","","FR VAT TAX EXPORT ZERO","FR VAT TAX EXPORT ZERO","Y","2015/01/01","","","CUSTOMIZED_USER","2015/06/17 08:30:56.602","CUSTOMIZED_USER","2015/06/17 08:30:56.916","18B378D56CEE6F68E0536204548CE8A2",""
"ZX_WEB_EXP_TAX_CLASSIFICATIONS","FR VAT TAX STANDARD DEF RATE","","FR VAT TAX STANDARD DEF RATE","FR VAT TAX STANDARD DEF RATE","Y","2001/01/01","","","CUSTOMIZED_USER","2014/11/14 09:09:50.556","CUSTOMIZED_USER","2014/12/22 06:16:22.501","0AA9EA357C0F1684E0536204548C01DA",""
"ZX_WEB_EXP_TAX_CLASSIFICATIONS","FR VAT TAX SUSPENDED ZERO","","FR VAT TAX SUSPENDED ZERO","FR VAT TAX SUSPENDED ZERO","Y","2015/01/01","","","CUSTOMIZED_USER","2015/06/17 08:29:01.3","CUSTOMIZED_USER","2015/06/17 08:29:02.231","18B378D56CED6F68E0536204548CE8A2",""
"ZX_WEB_EXP_TAX_CLASSIFICATIONS","GB PROGRESS VAT EXEMPT","","GB PROGRESS VAT EXEMPT","GB PROGRESS VAT EXEMPT","Y","2018/01/01","","","CUSTOMIZED_USER","2021/08/19 17:47:20.966","CUSTOMIZED_USER","2021/08/19 17:47:21.266","C831AEF3750FB8C5E0530364FD0A3B03",""
"ZX_WEB_EXP_TAX_CLASSIFICATIONS","GB PROGRESS VAT EXEMPT","","GB PROGRESS VAT EXEMPT","GB PROGRESS VAT EXEMPT","Y","2018/01/01","","","CUSTOMIZED_USER","2021/08/19 17:47:21.047","CUSTOMIZED_USER","2021/08/19 17:47:21.29","C831AEF3750FB8C5E0530364FD0A3B03",""
"ZX_WEB_EXP_TAX_CLASSIFICATIONS","GB PROGRESS VAT STD RATE","","GB PROGRESS VAT STD RATE","GB PROGRESS VAT STD RATE","Y","2018/01/01","","","CUSTOMIZED_USER","2021/08/19 17:36:04.251","CUSTOMIZED_USER","2021/08/19 17:36:05.862","C831AEF3750FB8C5E0530364FD0A3B03",""
"ZX_WEB_EXP_TAX_CLASSIFICATIONS","GB PROGRESS VAT STD RATE","","GB PROGRESS VAT STD RATE","GB PROGRESS VAT STD RATE","Y","2018/01/01","","","CUSTOMIZED_USER","2021/08/19 17:36:04.34","CUSTOMIZED_USER","2021/08/19 17:36:05.888","C831AEF3750FB8C5E0530364FD0A3B03",""
"ZX_WEB_EXP_TAX_CLASSIFICATIONS","GB PROGRESS VAT ZERO RATE","","GB PROGRESS VAT ZERO RATE","GB PROGRESS VAT ZERO RATE","Y","2018/01/01","","","CUSTOMIZED_USER","2021/08/19 17:45:07.433","CUSTOMIZED_USER","2021/08/19 17:45:08.155","C831AEF3750FB8C5E0530364FD0A3B03",""
"ZX_WEB_EXP_TAX_CLASSIFICATIONS","GB PROGRESS VAT ZERO RATE","","GB PROGRESS VAT ZERO RATE","GB PROGRESS VAT ZERO RATE","Y","2018/01/01","","","CUSTOMIZED_USER","2021/08/19 17:45:07.514","CUSTOMIZED_USER","2021/08/19 17:45:08.182","C831AEF3750FB8C5E0530364FD0A3B03",""
"ZX_WEB_EXP_TAX_CLASSIFICATIONS","GB VAT TAX STANDARD RATE","","GB VAT TAX STANDARD RATE","GB VAT TAX STANDARD RATE","Y","2011/01/01","","","CUSTOMIZED_USER","2016/11/02 11:36:41.215","CUSTOMIZED_USER","2017/11/08 13:18:17.836","5D78E0D9825A0957E0538DADFD0AD16B",""
"ZX_WEB_EXP_TAX_CLASSIFICATIONS","JP NON TAXABLE","","JP NON TAXABLE","JP NON TAXABLE","Y","2000/01/01","","","CUSTOMIZED_USER","2015/04/14 10:02:44.994","CUSTOMIZED_USER","2015/08/05 09:22:58.286","1C8BC951D3C00B39E0536204548CCB8F",""
"ZX_WEB_EXP_TAX_CLASSIFICATIONS","JP TAX EXEMPT","","JP TAX EXEMPT","JP TAX EXEMPT","Y","2000/01/01","","","CUSTOMIZED_USER","2015/04/13 14:48:41.71","CUSTOMIZED_USER","2015/08/05 09:15:11.863","1C8BC951D3C00B39E0536204548CCB8F",""
"ZX_WEB_EXP_TAX_CLASSIFICATIONS","JP TAXABLE EXPENSE","","JP TAXABLE EXPENSE","JP TAXABLE EXPENSE","Y","2000/01/01","","","CUSTOMIZED_USER","2015/04/13 07:08:34.182","CUSTOMIZED_USER","2015/08/05 09:24:48.786","1C8BC951D3C00B39E0536204548CCB8F",""
"ZX_WEB_EXP_TAX_CLASSIFICATIONS","NL VAT TAX EXPORT ZERO","","NL VAT TAX EXPORT ZERO","NL VAT TAX EXPORT ZERO","Y","2015/01/01","","","CUSTOMIZED_USER","2016/10/05 05:17:47.194","CUSTOMIZED_USER","2020/02/06 10:51:53.115","9DE6F3B4FB182782E053B090DF0AAE9F",""
"ZX_WHT_TAX_CLASSIFICATION_CODE","1099 WHT UNIV","","1099 WHT UNIV","1099 WHT UNIV","Y","2014/01/01","","","CUSTOMIZED_USER","2015/05/13 19:13:31.036","CUSTOMIZED_USER","2015/05/13 19:13:32.261","15F410A81EE577DFE0536204548CB45E",""
"ZX_WHT_TAX_CLASSIFICATION_CODE","1099-PRG-10-PCT","","1099-PRG-10-PCT","1099-PRG-10-PCT","Y","1951/01/01","","","CUSTOMIZED_USER","2018/03/01 09:37:25.95","CUSTOMIZED_USER","2018/03/01 09:37:27.62","66569776336E8E76E053E9A7FD0A96EF",""
"ZX_WHT_TAX_CLASSIFICATION_CODE","1099-SUPREMO","","1099-SUPREMO","1099-SUPREMO","Y","2017/01/01","","","CUSTOMIZED_USER","2019/11/25 06:56:54.979","CUSTOMIZED_USER","2019/11/25 06:56:56.008","98257882E93E1319E053C390DF0ADEFE",""
"ZX_WHT_TAX_CLASSIFICATION_CODE","1099-WHT","","1099-Wht","1099-WHT","Y","1951/01/01","","","CUSTOMIZED_USER","2014/07/16 16:13:25.289078","CUSTOMIZED_USER","2014/07/16 16:13:25.289078","-1",""
"ZX_WHT_TAX_CLASSIFICATION_CODE","194Q 0.1%","","194Q 0.1%","194Q 0.1%","Y","2019/04/01","","","CUSTOMIZED_USER","2021/11/19 06:44:22.504","CUSTOMIZED_USER","2021/11/19 06:44:24.106","D04407C54F547FBAE0530364FD0ABB13",""
"ZX_WHT_TAX_CLASSIFICATION_CODE","JP HOSHU","","JP HOSHU","JP HOSHU","Y","2000/01/01","","","CUSTOMIZED_USER","2015/07/27 21:15:41.024","CUSTOMIZED_USER","2015/07/27 21:15:41.704","1BE09BF4BABF2DD4E0536204548CC4B1",""
"ZX_WHT_TAX_CLASSIFICATION_CODE","ZXC_MANUAL_AWT","","ZXC_MANUAL_AWT","ZXC_MANUAL_AWT","Y","2017/01/01","","","CUSTOMIZED_USER","2021/02/12 09:49:56.91","CUSTOMIZED_USER","2021/02/12 09:49:57.955","BB1DB857B2D49CE7E0539E90DF0AB03A",""
"OKC_CANCEL_REASON","CANCELED_PRICING","","Pricing","Parties to the contract disagree on pricing terms.","Y","2010/03/24","","","SEED_DATA_FROM_APPLICATION","2013/08/08 06:38:26.123","SEED_DATA_FROM_APPLICATION","2021/09/17 16:38:15.871259","-1",""
"OKC_CANCEL_REASON","REVISED_TERMS","","New Contract with revised terms","Contract cancelled as New contract created with revised terms","Y","2009/01/01","","","CUSTOMIZED_USER","2013/12/02 12:19:22.0","CUSTOMIZED_USER","2013/12/02 12:20:03.327","EC8C95C394952BA1E0436204548C1BE6",""
"OKC_CLOSE_REASON","CLOSE","","Contract Closed","Contract Closed","Y","2010/01/01","","","CUSTOMIZED_USER","2013/11/07 06:14:38.0","CUSTOMIZED_USER","2013/11/07 06:17:44.767","EA8FED9C5FFA54EDE0436204548C72E4",""
"OKC_CLOSE_REASON","COMPLETED","","Contract Executed","Contract Executed","Y","2010/01/01","","","CUSTOMIZED_USER","2013/11/07 06:15:16.208","CUSTOMIZED_USER","2013/11/07 06:17:44.829","EA8FED9C5FFA54EDE0436204548C72E4",""
"OKC_CLOSE_REASON","FULLFILED","","Contract Fulfilled","Contract Fulfilled","Y","2010/01/01","","","CUSTOMIZED_USER","2013/11/07 06:16:05.253","CUSTOMIZED_USER","2013/11/07 06:17:44.833","EA8FED9C5FFA54EDE0436204548C72E4",""
"OKC_CLOSE_REASON","TERMINATED","","Contract Terminated","Contract terminated by the customer","Y","2010/01/01","","","CUSTOMIZED_USER","2013/11/07 06:16:47.919","CUSTOMIZED_USER","2013/11/07 06:17:44.834","EA8FED9C5FFA54EDE0436204548C72E4",""
"OKC_CLOSE_REASON","TERMINATED_BREACH","","Breach","Contract is terminated because of a breach of contract.","Y","2010/03/24","","","SEED_DATA_FROM_APPLICATION","2013/08/08 06:38:26.145","SEED_DATA_FROM_APPLICATION","2021/09/17 16:38:15.871259","-1",""
"OKC_CLOSE_REASON","TERMINATED_NON_COMPLIANCE","","Noncompliance","Contract is terminated due to noncompliance.","Y","2010/03/24","","","SEED_DATA_FROM_APPLICATION","2013/08/08 06:38:26.152","SEED_DATA_FROM_APPLICATION","2021/09/17 16:38:15.871259","-1",""
"MKL_LEAD_CHANNEL_SETID","DIRECT_MAIL","","Direct mail","Lead captured based on reply cards received by direct mail.","Y","2013/10/23","","","SEED_DATA_FROM_APPLICATION","2014/07/16 15:26:48.232","SEED_DATA_FROM_APPLICATION","2021/09/17 16:38:15.871259","-1",""
"MKL_LEAD_CHANNEL_SETID","EMAIL","","E-Mail","Lead captured based on an inbound e-mail.","Y","2013/10/23","","","SEED_DATA_FROM_APPLICATION","2014/07/16 15:26:48.245","SEED_DATA_FROM_APPLICATION","2021/09/17 16:38:15.871259","-1",""
"MKL_LEAD_CHANNEL_SETID","FACEBOOK","","Facebook","Lead captured based on a post in Facebook","Y","2010/03/24","","","CUSTOMIZED_USER","2014/01/24 19:35:08.0","CUSTOMIZED_USER","2014/01/24 19:37:08.919","F0BC02FA4F2049FBE0436204548CE7E7",""
"MKL_LEAD_CHANNEL_SETID","FAX","","Fax","Lead captured based on an inbound fax.","Y","2013/10/23","","","SEED_DATA_FROM_APPLICATION","2014/07/16 15:26:48.255","SEED_DATA_FROM_APPLICATION","2021/09/17 16:38:15.871259","-1",""
"MKL_LEAD_CHANNEL_SETID","PHONE","","Phone","Lead captured based on a phone call.","Y","2013/10/23","","","SEED_DATA_FROM_APPLICATION","2014/07/16 15:26:48.265","SEED_DATA_FROM_APPLICATION","2021/09/17 16:38:15.871259","-1",""
"MKL_LEAD_CHANNEL_SETID","SALES_VISIT","","Sales visit","Lead captured based on a sales visit.","Y","2013/10/23","","","SEED_DATA_FROM_APPLICATION","2014/07/16 15:26:48.278","SEED_DATA_FROM_APPLICATION","2021/09/17 16:38:15.871259","-1",""
"MKL_LEAD_CHANNEL_SETID","TWITTER","","Twitter","Lead captured based on a post in Twitter","Y","2010/03/24","","","CUSTOMIZED_USER","2014/01/24 19:35:48.29","CUSTOMIZED_USER","2014/01/24 19:36:56.803","F0BC02FA4F2049FBE0436204548CE7E7",""
"MKL_LEAD_CHANNEL_SETID","WEB","","Web","Lead captured based on an inbound web interaction.","Y","2013/10/23","","","SEED_DATA_FROM_APPLICATION","2014/07/16 15:26:48.291","SEED_DATA_FROM_APPLICATION","2021/09/17 16:38:15.871259","-1",""
"MKL_LEAD_CHANNEL_SETID","WIRELESS","","Wireless message","Lead captured based on an inbound SMS message.","Y","2013/10/23","","","SEED_DATA_FROM_APPLICATION","2014/07/16 15:26:48.302","SEED_DATA_FROM_APPLICATION","2021/09/17 16:38:15.871259","-1",""
"MKL_LEAD_CHANNEL_SETID","ZSP_MODEL_PREDICTION","","Model based prediction","Lead captured based on a prediction generated by model based on data mining process.","Y","2013/10/23","","","SEED_DATA_FROM_APPLICATION","2014/07/16 15:26:48.31","SEED_DATA_FROM_APPLICATION","2021/09/17 16:38:15.871259","-1",""
"MKL_LEAD_CHANNEL_SETID","ZSP_RULES_PREDICTION","","Rules based prediction","Lead captured based on a prediction generated by business rules.","Y","2013/10/23","","","SEED_DATA_FROM_APPLICATION","2014/07/16 15:26:48.321","SEED_DATA_FROM_APPLICATION","2021/09/17 16:38:15.871259","-1",""
