"FND_APP_FLEX_VALUE_SET.ValueSetCode","Value","IndependentValue","IndependentValueNumber","IndependentValueDate","IndependentValueTimestamp","ValueNumber","ValueDate","ValueTimestamp","TranslatedValue","Description","EnabledFlag","StartDateActive","EndDateActive","SummaryFlag","FlexValueAttribute1","FlexValueAttribute2","FlexValueAttribute3","FlexValueAttribute4","FlexValueAttribute5","FlexValueAttribute6","SortOrder","ExternalDataSource","CreationDate","CreatedBy","LastUpdateDate","LastUpdatedBy","LastUpdateLogin"
"FlexDeploy Value Set Accounts","02","","","","","","","","","","Y","","","","","","","","","","","","2022/03/07 20:15:25.112","CUSTOMIZED_USER","2022/03/07 20:15:27.531","CUSTOMIZED_USER","D9680337B7256D06E053CE65F00AA44F"
"FlexDeploy Value Set AA","01","","","","","","","","","","Y","","","","","","","","","","","","2022/03/07 20:15:09.65","CUSTOMIZED_USER","2022/03/07 20:15:15.763","CUSTOMIZED_USER","D9680337B7256D06E053CE65F00AA44F"
"FlexDeploy Value Set Currencies","1.0","","","","","1","","","","","Y","","","","","","","","","","","","2022/03/08 00:35:13.124","CUSTOMIZED_USER","2022/03/08 00:35:26.03","CUSTOMIZED_USER","D9680337B7256D06E053CE65F00AA44F"
"FlexDeploy Value Set Currencies","2.0","","","","","2","","","","","Y","","","","","","","","","","","","2022/03/08 00:35:18.614","CUSTOMIZED_USER","2022/03/08 00:35:26.287","CUSTOMIZED_USER","D9680337B7256D06E053CE65F00AA44F"
"FlexDeploy Value Set Currencies","3.0","","","","","3","","","","","Y","","","","","","","","","","","","2022/03/08 00:35:22.24","CUSTOMIZED_USER","2022/03/08 00:35:26.372","CUSTOMIZED_USER","D9680337B7256D06E053CE65F00AA44F"
