"ZX_ESTABLISHMENT_CLASSIF_ASSOC.ClassificationTypeCode","ClassificationCode","ClassificationTypeCode","ParentClassificationCode","ClassificationCode1","ClassificationCode2","ClassificationCode3","ClassificationCode4","Attribute1","Attribute10","Attribute11","Attribute12","Attribute13","Attribute14","Attribute15","Attribute2","Attribute3","Attribute4","Attribute5","Attribute6","Attribute7","Attribute8","Attribute9","AttributeCategory","ClassificationName","CompiledFlag","CountryCode","CreatedBy","CreationDate","EffectiveFrom","EffectiveTo","LastUpdateDate","LastUpdateLogin","LastUpdatedBy","ProgramAppName","ProgramName","RecordTypeCode","ClassificationTypeCode1","ClassificationTypeCode2","ClassificationTypeCode3","ClassificationTypeCode4"
"DOCUMENT_SUBTYPE","GUI TYPE","DOCUMENT_SUBTYPE","","","","","","","","","","","","","","","","","","","","","","Government Uniform Invoice Type","","TW","SEED_DATA_FROM_APPLICATION","2013/08/08 06:56:06.47","1951/01/01","","2023/02/15 06:03:07.229838","-1","SEED_DATA_FROM_APPLICATION","","","SEEDED","","","",""
"DOCUMENT_SUBTYPE","DOCUMENT TYPE","DOCUMENT_SUBTYPE","","","","","","","","","","","","","","","","","","","","","","Document Type","","","SEED_DATA_FROM_APPLICATION","2013/08/08 06:56:06.504","1951/01/01","","2023/02/15 06:03:07.229838","-1","SEED_DATA_FROM_APPLICATION","","","SEEDED","","","",""
"DOCUMENT_SUBTYPE","DEDUCTION TAX RULE","DOCUMENT_SUBTYPE","","","","","","","","","","","","","","","","","","","","","","Deduction Tax Rule","","FR","SEED_DATA_FROM_APPLICATION","2013/08/08 06:56:06.516","1951/01/01","","2023/02/15 06:03:07.229838","-1","SEED_DATA_FROM_APPLICATION","","","SEEDED","","","",""
"DOCUMENT_SUBTYPE","JA_CN_COM_VAT_INV","DOCUMENT_SUBTYPE","DOCUMENT TYPE","DOCUMENT TYPE","","","","","","","","","","","","","","","","","","","","Common VAT Invoice for China","","CN","SEED_DATA_FROM_APPLICATION","2013/08/08 06:56:06.523","1951/01/01","","2023/02/15 06:03:07.229838","-1","SEED_DATA_FROM_APPLICATION","","","SEEDED","DOCUMENT_SUBTYPE","","",""
"DOCUMENT_SUBTYPE","MOD340","DOCUMENT_SUBTYPE","","","","","","","","","","","","","","","","","","","","","","Modelo 340","","ES","SEED_DATA_FROM_APPLICATION","2014/07/16 15:35:42.0","1951/01/01","","2023/02/15 06:03:07.229838","-1","SEED_DATA_FROM_APPLICATION","","","SEEDED","","","",""
"DOCUMENT_SUBTYPE","E","DOCUMENT_SUBTYPE","MOD340","MOD340","","","","","","","","","","","","","","","","","","","","E: Declaration of Issued Invoices","","ES","SEED_DATA_FROM_APPLICATION","2014/07/16 15:35:42.302","1951/01/01","","2023/02/15 06:03:07.229838","-1","SEED_DATA_FROM_APPLICATION","","","SEEDED","DOCUMENT_SUBTYPE","","",""
"DOCUMENT_SUBTYPE","R","DOCUMENT_SUBTYPE","MOD340","MOD340","","","","","","","","","","","","","","","","","","","","R: Declaration of Received Invoices","","ES","SEED_DATA_FROM_APPLICATION","2014/07/16 15:35:42.313","1951/01/01","","2023/02/15 06:03:07.229838","-1","SEED_DATA_FROM_APPLICATION","","","SEEDED","DOCUMENT_SUBTYPE","","",""
"DOCUMENT_SUBTYPE","U","DOCUMENT_SUBTYPE","MOD340","MOD340","","","","","","","","","","","","","","","","","","","","U: Declaration of certain Inter EU Transactions","","ES","SEED_DATA_FROM_APPLICATION","2014/07/16 15:35:42.329","1951/01/01","","2023/02/15 06:03:07.229838","-1","SEED_DATA_FROM_APPLICATION","","","SEEDED","DOCUMENT_SUBTYPE","","",""
"DOCUMENT_SUBTYPE","UA","DOCUMENT_SUBTYPE","MOD340","MOD340","","","","","","","","","","","","","","","","","","","","UA: Declaration of Inter EU Transactions Type A: Sending or receiving of goods","","ES","SEED_DATA_FROM_APPLICATION","2014/07/16 15:35:42.344","1951/01/01","","2023/02/15 06:03:07.229838","-1","SEED_DATA_FROM_APPLICATION","","","SEEDED","DOCUMENT_SUBTYPE","","",""
"DOCUMENT_SUBTYPE","UB","DOCUMENT_SUBTYPE","MOD340","MOD340","","","","","","","","","","","","","","","","","","","","UB: Declaration of Inter EU Transactions Type B: Transferring or acquiring of goods","","ES","SEED_DATA_FROM_APPLICATION","2014/07/16 15:35:42.361","1951/01/01","","2023/02/15 06:03:07.229838","-1","SEED_DATA_FROM_APPLICATION","","","SEEDED","DOCUMENT_SUBTYPE","","",""
"DOCUMENT_SUBTYPE","F","DOCUMENT_SUBTYPE","MOD340","MOD340","","","","","","","","","","","","","","","","","","","","F: Declaration of Issued Invoices IGIC","","ES","SEED_DATA_FROM_APPLICATION","2014/07/16 15:35:42.37","1951/01/01","","2023/02/15 06:03:07.229838","-1","SEED_DATA_FROM_APPLICATION","","","SEEDED","DOCUMENT_SUBTYPE","","",""
"DOCUMENT_SUBTYPE","S","DOCUMENT_SUBTYPE","MOD340","MOD340","","","","","","","","","","","","","","","","","","","","S: Declaration of Received Invoices IGIC","","ES","SEED_DATA_FROM_APPLICATION","2014/07/16 15:35:42.386","1951/01/01","","2023/02/15 06:03:07.229838","-1","SEED_DATA_FROM_APPLICATION","","","SEEDED","DOCUMENT_SUBTYPE","","",""
"DOCUMENT_SUBTYPE","MOD340_EXCL","DOCUMENT_SUBTYPE","","","","","","","","","","","","","","","","","","","","","","Exclude from Modelo 340 Declaration","","ES","SEED_DATA_FROM_APPLICATION","2014/07/16 15:35:42.396","1951/01/01","","2023/02/15 06:03:07.229838","-1","SEED_DATA_FROM_APPLICATION","","","SEEDED","","","",""
"DOCUMENT_SUBTYPE","ORA_IT DOCUMENT TYPE","DOCUMENT_SUBTYPE","","","","","","","","","","","","","","","","","","","","","","Document Type for Italy","","IT","SEED_DATA_FROM_APPLICATION","2016/02/26 09:48:39.601","1951/01/01","2016/12/31","2023/02/15 06:03:07.229838","-1","SEED_DATA_FROM_APPLICATION","","","SEEDED","","","",""
"DOCUMENT_SUBTYPE","ORA_NON-RESIDENT_SUBJECT","DOCUMENT_SUBTYPE","ORA_IT DOCUMENT TYPE","ORA_IT DOCUMENT TYPE","","","","","","","","","","","","","","","","","","","","Non-Resident Subject","","IT","SEED_DATA_FROM_APPLICATION","2016/02/26 09:48:39.623","1951/01/01","2016/12/31","2023/02/15 06:03:07.229838","-1","SEED_DATA_FROM_APPLICATION","","","SEEDED","DOCUMENT_SUBTYPE","","",""
"DOCUMENT_SUBTYPE","ORA_RECAP_INVOICE","DOCUMENT_SUBTYPE","ORA_IT DOCUMENT TYPE","ORA_IT DOCUMENT TYPE","","","","","","","","","","","","","","","","","","","","Recap Invoice","","IT","SEED_DATA_FROM_APPLICATION","2016/02/26 09:48:39.646","1951/01/01","2016/12/31","2023/02/15 06:03:07.229838","-1","SEED_DATA_FROM_APPLICATION","","","SEEDED","DOCUMENT_SUBTYPE","","",""
"DOCUMENT_SUBTYPE","ORA_RENTAL_LEASING","DOCUMENT_SUBTYPE","ORA_IT DOCUMENT TYPE","ORA_IT DOCUMENT TYPE","","","","","","","","","","","","","","","","","","","","Rental or Leasing","","IT","SEED_DATA_FROM_APPLICATION","2016/02/26 09:48:39.669","1951/01/01","2016/12/31","2023/02/15 06:03:07.229838","-1","SEED_DATA_FROM_APPLICATION","","","SEEDED","DOCUMENT_SUBTYPE","","",""
"DOCUMENT_SUBTYPE","ORA_REVERSE_CHARGE","DOCUMENT_SUBTYPE","ORA_IT DOCUMENT TYPE","ORA_IT DOCUMENT TYPE","","","","","","","","","","","","","","","","","","","","Reverse Charge","","IT","SEED_DATA_FROM_APPLICATION","2016/02/26 09:48:39.692","1951/01/01","2016/12/31","2023/02/15 06:03:07.229838","-1","SEED_DATA_FROM_APPLICATION","","","SEEDED","DOCUMENT_SUBTYPE","","",""
"DOCUMENT_SUBTYPE","ORA_SELF-INVOICE","DOCUMENT_SUBTYPE","ORA_IT DOCUMENT TYPE","ORA_IT DOCUMENT TYPE","","","","","","","","","","","","","","","","","","","","Self-Invoice","","IT","SEED_DATA_FROM_APPLICATION","2016/02/26 09:48:39.716","1951/01/01","2016/12/31","2023/02/15 06:03:07.229838","-1","SEED_DATA_FROM_APPLICATION","","","SEEDED","DOCUMENT_SUBTYPE","","",""
"DOCUMENT_SUBTYPE","ORA_TOURISM","DOCUMENT_SUBTYPE","ORA_IT DOCUMENT TYPE","ORA_IT DOCUMENT TYPE","","","","","","","","","","","","","","","","","","","","Tourism Invoice","","IT","SEED_DATA_FROM_APPLICATION","2016/02/26 09:48:39.741","1951/01/01","2016/12/31","2023/02/15 06:03:07.229838","-1","SEED_DATA_FROM_APPLICATION","","","SEEDED","DOCUMENT_SUBTYPE","","",""
"DOCUMENT_SUBTYPE","ORA_VAT_NOT_EXPOSED","DOCUMENT_SUBTYPE","ORA_IT DOCUMENT TYPE","ORA_IT DOCUMENT TYPE","","","","","","","","","","","","","","","","","","","","VAT Not Exposed on Invoice","","IT","SEED_DATA_FROM_APPLICATION","2016/02/26 09:48:39.764","1951/01/01","2016/12/31","2023/02/15 06:03:07.229838","-1","SEED_DATA_FROM_APPLICATION","","","SEEDED","DOCUMENT_SUBTYPE","","",""
"DOCUMENT_SUBTYPE","ORA_BOATS","DOCUMENT_SUBTYPE","ORA_RENTAL_LEASING","ORA_RENTAL_LEASING","ORA_IT DOCUMENT TYPE","","","","","","","","","","","","","","","","","","","Boats","","IT","SEED_DATA_FROM_APPLICATION","2016/02/26 09:48:39.794","1951/01/01","2016/12/31","2023/02/15 06:03:07.229838","-1","SEED_DATA_FROM_APPLICATION","","","SEEDED","DOCUMENT_SUBTYPE","DOCUMENT_SUBTYPE","",""
"DOCUMENT_SUBTYPE","ORA_CARAVANS","DOCUMENT_SUBTYPE","ORA_RENTAL_LEASING","ORA_RENTAL_LEASING","ORA_IT DOCUMENT TYPE","","","","","","","","","","","","","","","","","","","Caravans","","IT","SEED_DATA_FROM_APPLICATION","2016/02/26 09:48:39.821","1951/01/01","2016/12/31","2023/02/15 06:03:07.229838","-1","SEED_DATA_FROM_APPLICATION","","","SEEDED","DOCUMENT_SUBTYPE","DOCUMENT_SUBTYPE","",""
"DOCUMENT_SUBTYPE","ORA_CARS","DOCUMENT_SUBTYPE","ORA_RENTAL_LEASING","ORA_RENTAL_LEASING","ORA_IT DOCUMENT TYPE","","","","","","","","","","","","","","","","","","","Cars","","IT","SEED_DATA_FROM_APPLICATION","2016/02/26 09:48:39.852","1951/01/01","2016/12/31","2023/02/15 06:03:07.229838","-1","SEED_DATA_FROM_APPLICATION","","","SEEDED","DOCUMENT_SUBTYPE","DOCUMENT_SUBTYPE","",""
"DOCUMENT_SUBTYPE","ORA_OTHER_VEHICLES","DOCUMENT_SUBTYPE","ORA_RENTAL_LEASING","ORA_RENTAL_LEASING","ORA_IT DOCUMENT TYPE","","","","","","","","","","","","","","","","","","","Other Vehicles","","IT","SEED_DATA_FROM_APPLICATION","2016/02/26 09:48:39.879","1951/01/01","2016/12/31","2023/02/15 06:03:07.229838","-1","SEED_DATA_FROM_APPLICATION","","","SEEDED","DOCUMENT_SUBTYPE","DOCUMENT_SUBTYPE","",""
"DOCUMENT_SUBTYPE","ORA_PLANES","DOCUMENT_SUBTYPE","ORA_RENTAL_LEASING","ORA_RENTAL_LEASING","ORA_IT DOCUMENT TYPE","","","","","","","","","","","","","","","","","","","Planes","","IT","SEED_DATA_FROM_APPLICATION","2016/02/26 09:48:39.906","1951/01/01","2016/12/31","2023/02/15 06:03:07.229838","-1","SEED_DATA_FROM_APPLICATION","","","SEEDED","DOCUMENT_SUBTYPE","DOCUMENT_SUBTYPE","",""
"DOCUMENT_SUBTYPE","ORA_NON_RESI_PURCH_SERV","DOCUMENT_SUBTYPE","ORA_NON-RESIDENT_SUBJECT","ORA_NON-RESIDENT_SUBJECT","ORA_IT DOCUMENT TYPE","","","","","","","","","","","","","","","","","","","Purchase of Service from Nonresident","","IT","SEED_DATA_FROM_APPLICATION","2016/02/26 09:48:39.933","1951/01/01","2016/12/31","2023/02/15 06:03:07.229838","-1","SEED_DATA_FROM_APPLICATION","","","SEEDED","DOCUMENT_SUBTYPE","DOCUMENT_SUBTYPE","",""
"DOCUMENT_SUBTYPE","ORA_NON_RESI_SUBJ_TRAN","DOCUMENT_SUBTYPE","ORA_NON-RESIDENT_SUBJECT","ORA_NON-RESIDENT_SUBJECT","ORA_IT DOCUMENT TYPE","","","","","","","","","","","","","","","","","","","Transaction with Nonresident","","IT","SEED_DATA_FROM_APPLICATION","2016/02/26 09:48:39.969","1951/01/01","2016/12/31","2023/02/15 06:03:07.229838","-1","SEED_DATA_FROM_APPLICATION","","","SEEDED","DOCUMENT_SUBTYPE","DOCUMENT_SUBTYPE","",""
"DOCUMENT_SUBTYPE","ORA_ES_SII_FACTURA TYPE","DOCUMENT_SUBTYPE","","","","","","","","","","","","","","","","","","","","","","Invoice Type for Spain","","ES","SEED_DATA_FROM_APPLICATION","2017/08/17 00:39:01.0","2001/01/01","","2023/02/15 06:03:07.229838","-1","SEED_DATA_FROM_APPLICATION","","","SEEDED","","","",""
"DOCUMENT_SUBTYPE","ORA_F1","DOCUMENT_SUBTYPE","ORA_ES_SII_FACTURA TYPE","ORA_ES_SII_FACTURA TYPE","","","","","","","","","","","","","","","","","","","","F1 Invoice art. 6, 7.2, and 7.3","","ES","SEED_DATA_FROM_APPLICATION","2017/08/17 00:39:01.051","2001/01/01","","2023/02/15 06:03:07.229838","-1","SEED_DATA_FROM_APPLICATION","","","SEEDED","DOCUMENT_SUBTYPE","","",""
"DOCUMENT_SUBTYPE","ORA_F2","DOCUMENT_SUBTYPE","ORA_ES_SII_FACTURA TYPE","ORA_ES_SII_FACTURA TYPE","","","","","","","","","","","","","","","","","","","","F2 Simplified Invoice and invoices with no addressee art. 6.1.d","","ES","SEED_DATA_FROM_APPLICATION","2017/08/17 00:39:01.094","2001/01/01","","2023/02/15 06:03:07.229838","-1","SEED_DATA_FROM_APPLICATION","","","SEEDED","DOCUMENT_SUBTYPE","","",""
"DOCUMENT_SUBTYPE","ORA_R1","DOCUMENT_SUBTYPE","ORA_ES_SII_FACTURA TYPE","ORA_ES_SII_FACTURA TYPE","","","","","","","","","","","","","","","","","","","","R1 Rectification Invoice art. 80.3, tender","","ES","SEED_DATA_FROM_APPLICATION","2017/08/17 00:39:01.142","2001/01/01","","2023/02/15 06:03:07.229838","-1","SEED_DATA_FROM_APPLICATION","","","SEEDED","DOCUMENT_SUBTYPE","","",""
"DOCUMENT_SUBTYPE","ORA_R2","DOCUMENT_SUBTYPE","ORA_ES_SII_FACTURA TYPE","ORA_ES_SII_FACTURA TYPE","","","","","","","","","","","","","","","","","","","","R2 Rectification Invoice art. 80.4, bad debts","","ES","SEED_DATA_FROM_APPLICATION","2017/08/17 00:39:01.187","2001/01/01","","2023/02/15 06:03:07.229838","-1","SEED_DATA_FROM_APPLICATION","","","SEEDED","DOCUMENT_SUBTYPE","","",""
"DOCUMENT_SUBTYPE","ORA_R3","DOCUMENT_SUBTYPE","ORA_ES_SII_FACTURA TYPE","ORA_ES_SII_FACTURA TYPE","","","","","","","","","","","","","","","","","","","","R3 Rectification Invoice rest art. 80.1, art.80.2","","ES","SEED_DATA_FROM_APPLICATION","2017/08/17 00:39:01.22","2001/01/01","","2023/02/15 06:03:07.229838","-1","SEED_DATA_FROM_APPLICATION","","","SEEDED","DOCUMENT_SUBTYPE","","",""
"DOCUMENT_SUBTYPE","ORA_F3","DOCUMENT_SUBTYPE","ORA_ES_SII_FACTURA TYPE","ORA_ES_SII_FACTURA TYPE","","","","","","","","","","","","","","","","","","","","F3 Invoice issued instead of invoiced and declared simplified invoices","","ES","SEED_DATA_FROM_APPLICATION","2017/08/17 00:39:01.257","2001/01/01","","2023/02/15 06:03:07.229838","-1","SEED_DATA_FROM_APPLICATION","","","SEEDED","DOCUMENT_SUBTYPE","","",""
"DOCUMENT_SUBTYPE","ORA_F4","DOCUMENT_SUBTYPE","ORA_ES_SII_FACTURA TYPE","ORA_ES_SII_FACTURA TYPE","","","","","","","","","","","","","","","","","","","","F4 Summary journal of invoices","","ES","SEED_DATA_FROM_APPLICATION","2017/08/17 00:39:01.302","2001/01/01","","2023/02/15 06:03:07.229838","-1","SEED_DATA_FROM_APPLICATION","","","SEEDED","DOCUMENT_SUBTYPE","","",""
"DOCUMENT_SUBTYPE","ORA_R4","DOCUMENT_SUBTYPE","ORA_ES_SII_FACTURA TYPE","ORA_ES_SII_FACTURA TYPE","","","","","","","","","","","","","","","","","","","","R4 Rectification Invoice Rest","","ES","SEED_DATA_FROM_APPLICATION","2017/08/17 00:39:01.362","2001/01/01","","2023/02/15 06:03:07.229838","-1","SEED_DATA_FROM_APPLICATION","","","SEEDED","DOCUMENT_SUBTYPE","","",""
"DOCUMENT_SUBTYPE","ORA_R5","DOCUMENT_SUBTYPE","ORA_ES_SII_FACTURA TYPE","ORA_ES_SII_FACTURA TYPE","","","","","","","","","","","","","","","","","","","","R5 Rectification Invoice for Simplified Invoices","","ES","SEED_DATA_FROM_APPLICATION","2017/08/17 00:39:01.41","2001/01/01","","2023/02/15 06:03:07.229838","-1","SEED_DATA_FROM_APPLICATION","","","SEEDED","DOCUMENT_SUBTYPE","","",""
"DOCUMENT_SUBTYPE","ORA_F5","DOCUMENT_SUBTYPE","ORA_ES_SII_FACTURA TYPE","ORA_ES_SII_FACTURA TYPE","","","","","","","","","","","","","","","","","","","","F5 Imports DUA","","ES","SEED_DATA_FROM_APPLICATION","2017/08/17 00:39:01.448","2001/01/01","","2023/02/15 06:03:07.229838","-1","SEED_DATA_FROM_APPLICATION","","","SEEDED","DOCUMENT_SUBTYPE","","",""
"DOCUMENT_SUBTYPE","ORA_F6","DOCUMENT_SUBTYPE","ORA_ES_SII_FACTURA TYPE","ORA_ES_SII_FACTURA TYPE","","","","","","","","","","","","","","","","","","","","F6 Other Accounting Transactions","","ES","SEED_DATA_FROM_APPLICATION","2017/08/17 00:39:01.485","2001/01/01","","2023/02/15 06:03:07.229838","-1","SEED_DATA_FROM_APPLICATION","","","SEEDED","DOCUMENT_SUBTYPE","","",""
"DOCUMENT_SUBTYPE","ORA_IT_DOCUMENT_TYPE","DOCUMENT_SUBTYPE","","","","","","","","","","","","","","","","","","","","","","Document Type for Italy","","IT","SEED_DATA_FROM_APPLICATION","2017/08/17 00:39:01.524","1951/01/01","","2023/02/15 06:03:07.229838","-1","SEED_DATA_FROM_APPLICATION","","","SEEDED","","","",""
"DOCUMENT_SUBTYPE","ORA_TD01","DOCUMENT_SUBTYPE","ORA_IT_DOCUMENT_TYPE","ORA_IT_DOCUMENT_TYPE","","","","","","","","","","","","","","","","","","","","Invoice","","IT","SEED_DATA_FROM_APPLICATION","2017/08/17 00:39:01.567","1951/01/01","","2023/02/15 06:03:07.229838","-1","SEED_DATA_FROM_APPLICATION","","","SEEDED","DOCUMENT_SUBTYPE","","",""
"DOCUMENT_SUBTYPE","ORA_TD04","DOCUMENT_SUBTYPE","ORA_IT_DOCUMENT_TYPE","ORA_IT_DOCUMENT_TYPE","","","","","","","","","","","","","","","","","","","","Credit note","","IT","SEED_DATA_FROM_APPLICATION","2017/08/17 00:39:01.611","1951/01/01","","2023/02/15 06:03:07.229838","-1","SEED_DATA_FROM_APPLICATION","","","SEEDED","DOCUMENT_SUBTYPE","","",""
"DOCUMENT_SUBTYPE","ORA_TD05","DOCUMENT_SUBTYPE","ORA_IT_DOCUMENT_TYPE","ORA_IT_DOCUMENT_TYPE","","","","","","","","","","","","","","","","","","","","Debit note","","IT","SEED_DATA_FROM_APPLICATION","2017/08/17 00:39:01.653","1951/01/01","","2023/02/15 06:03:07.229838","-1","SEED_DATA_FROM_APPLICATION","","","SEEDED","DOCUMENT_SUBTYPE","","",""
"DOCUMENT_SUBTYPE","ORA_TD07","DOCUMENT_SUBTYPE","ORA_IT_DOCUMENT_TYPE","ORA_IT_DOCUMENT_TYPE","","","","","","","","","","","","","","","","","","","","Simplified invoice","","IT","SEED_DATA_FROM_APPLICATION","2017/08/17 00:39:01.691","1951/01/01","","2023/02/15 06:03:07.229838","-1","SEED_DATA_FROM_APPLICATION","","","SEEDED","DOCUMENT_SUBTYPE","","",""
"DOCUMENT_SUBTYPE","ORA_TD08","DOCUMENT_SUBTYPE","ORA_IT_DOCUMENT_TYPE","ORA_IT_DOCUMENT_TYPE","","","","","","","","","","","","","","","","","","","","Simplified credit memo","","IT","SEED_DATA_FROM_APPLICATION","2017/08/17 00:39:01.73","1951/01/01","","2023/02/15 06:03:07.229838","-1","SEED_DATA_FROM_APPLICATION","","","SEEDED","DOCUMENT_SUBTYPE","","",""
"DOCUMENT_SUBTYPE","ORA_TD10","DOCUMENT_SUBTYPE","ORA_IT_DOCUMENT_TYPE","ORA_IT_DOCUMENT_TYPE","","","","","","","","","","","","","","","","","","","","Intra-EU purchase invoice of goods","","IT","SEED_DATA_FROM_APPLICATION","2017/08/17 00:39:01.766","1951/01/01","","2023/02/15 06:03:07.229838","-1","SEED_DATA_FROM_APPLICATION","","","SEEDED","DOCUMENT_SUBTYPE","","",""
"DOCUMENT_SUBTYPE","ORA_TD11","DOCUMENT_SUBTYPE","ORA_IT_DOCUMENT_TYPE","ORA_IT_DOCUMENT_TYPE","","","","","","","","","","","","","","","","","","","","Intra-EU purchase invoice of services","","IT","SEED_DATA_FROM_APPLICATION","2017/08/17 00:39:01.8","1951/01/01","","2023/02/15 06:03:07.229838","-1","SEED_DATA_FROM_APPLICATION","","","SEEDED","DOCUMENT_SUBTYPE","","",""
"DOCUMENT_SUBTYPE","ORA_LC","DOCUMENT_SUBTYPE","ORA_ES_SII_FACTURA TYPE","ORA_ES_SII_FACTURA TYPE","","","","","","","","","","","","","","","","","","","","LC Customs Additional Settlement","","ES","SEED_DATA_FROM_APPLICATION","2018/08/08 13:46:48.815","2001/01/01","","2023/02/15 06:03:07.229838","-1","SEED_DATA_FROM_APPLICATION","","","SEEDED","DOCUMENT_SUBTYPE","","",""
"DOCUMENT_SUBTYPE","ORA_IN_DOCUMENT_TYPE","DOCUMENT_SUBTYPE","","","","","","","","","","","","","","","","","","","","","","Document types for india","","IN","SEED_DATA_FROM_APPLICATION","2018/05/23 17:09:51.706","2011/01/01","","2023/02/15 06:03:07.229838","-1","SEED_DATA_FROM_APPLICATION","","","SEEDED","","","",""
"DOCUMENT_SUBTYPE","REVISED INVOICE","DOCUMENT_SUBTYPE","ORA_IN_DOCUMENT_TYPE","ORA_IN_DOCUMENT_TYPE","","","","","","","","","","","","","","","","","","","","Revised invoice","","IN","SEED_DATA_FROM_APPLICATION","2018/05/23 17:09:51.839","2011/01/01","","2023/02/15 06:03:07.229838","-1","SEED_DATA_FROM_APPLICATION","","","SEEDED","DOCUMENT_SUBTYPE","","",""
"DOCUMENT_SUBTYPE","ORA_DOMESTIC_OUTBOUND_TRX","DOCUMENT_SUBTYPE","","","","","","","","","","","","","","","","","","","","","","Domestic Outbound Transaction","","IN","SEED_DATA_FROM_APPLICATION","2018/12/19 00:54:37.93125","2011/01/01","","2023/02/15 06:03:07.229838","-1","SEED_DATA_FROM_APPLICATION","","","SEEDED","","","",""
"DOCUMENT_SUBTYPE","ORA_DOMESTIC_SHIP_ONLY_TRX","DOCUMENT_SUBTYPE","","","","","","","","","","","","","","","","","","","","","","Domestic Ship-Only Transaction","","IN","SEED_DATA_FROM_APPLICATION","2018/12/19 00:54:37.93125","2011/01/01","","2023/02/15 06:03:07.229838","-1","SEED_DATA_FROM_APPLICATION","","","SEEDED","","","",""
"DOCUMENT_SUBTYPE","ORA_MTL_TRANSFER_ACROSS_STATE","DOCUMENT_SUBTYPE","","","","","","","","","","","","","","","","","","","","","","Material Transfer Across State","","IN","SEED_DATA_FROM_APPLICATION","2018/12/19 00:54:37.93125","2011/01/01","","2023/02/15 06:03:07.229838","-1","SEED_DATA_FROM_APPLICATION","","","SEEDED","","","",""
"DOCUMENT_SUBTYPE","ORA_MTL_TRANSFER_WITHIN_STATE","DOCUMENT_SUBTYPE","","","","","","","","","","","","","","","","","","","","","","Material Transfer Within State","","IN","SEED_DATA_FROM_APPLICATION","2018/12/19 00:54:37.93125","2011/01/01","","2023/02/15 06:03:07.229838","-1","SEED_DATA_FROM_APPLICATION","","","SEEDED","","","",""
"DOCUMENT_SUBTYPE","ORA_OUTSIDE_PROCESSING","DOCUMENT_SUBTYPE","","","","","","","","","","","","","","","","","","","","","","Outside Processing","","IN","SEED_DATA_FROM_APPLICATION","2018/12/19 00:54:37.93125","2011/01/01","","2023/02/15 06:03:07.229838","-1","SEED_DATA_FROM_APPLICATION","","","SEEDED","","","",""
"DOCUMENT_SUBTYPE","ORA_RETURN_TRANSFER_ORDERS","DOCUMENT_SUBTYPE","","","","","","","","","","","","","","","","","","","","","","Return Transfer Orders","","IN","SEED_DATA_FROM_APPLICATION","2018/12/19 00:54:37.93125","2011/01/01","","2023/02/15 06:03:07.229838","-1","SEED_DATA_FROM_APPLICATION","","","SEEDED","","","",""
"DOCUMENT_SUBTYPE","ORA_RETURN_TO_SUPPLIER","DOCUMENT_SUBTYPE","","","","","","","","","","","","","","","","","","","","","","Return to Supplier","","IN","SEED_DATA_FROM_APPLICATION","2018/12/19 00:54:37.93125","2011/01/01","","2023/02/15 06:03:07.229838","-1","SEED_DATA_FROM_APPLICATION","","","SEEDED","","","",""
"DOCUMENT_SUBTYPE","DE","DOCUMENT_SUBTYPE","","","","","","","","","","","","","","","","","","","","","","Deemed Export","","IN","SEED_DATA_FROM_APPLICATION","2020/03/20 00:12:48.869749","1951/01/01","","2023/02/15 06:03:07.229838","-1","SEED_DATA_FROM_APPLICATION","","","SEEDED","","","",""
"DOCUMENT_SUBTYPE","ECOM","DOCUMENT_SUBTYPE","","","","","","","","","","","","","","","","","","","","","","E-Commerce Transactions","","IN","SEED_DATA_FROM_APPLICATION","2020/03/20 00:12:48.869749","1951/01/01","","2023/02/15 06:03:07.229838","-1","SEED_DATA_FROM_APPLICATION","","","SEEDED","","","",""
