"ORA_ZX_USER_DEFINED_TYPE.ClassificationTypeCode","ClassificationTypeCode","ClassificationCode","AncestorCode","AncestorName","ClassificationCodeLevel","ClassificationName","ClassificationTypeCategCode","ClassificationTypeName","ConcatClassifCode","ConcatClassifName","CountryCode","CreatedBy","CreationDate","EffectiveFrom","EffectiveTo","EnabledFlag","LastUpdateDate","LastUpdateLogin","LastUpdatedBy","ProgramAppName","ProgramName","RecordTypeCode","Segment1","Segment10","Segment10Name","Segment1Name","Segment2","Segment2Name","Segment3","Segment3Name","Segment4","Segment4Name","Segment5","Segment5Name","Segment6","Segment6Name","Segment7","Segment7Name","Segment8","Segment8Name","Segment9","Segment9Name","ClassificationTypeCode0","ClassificationCode0","ClassificationTypeCode1","ClassificationCode1","ClassificationTypeCode2","ClassificationCode2","ClassificationTypeCode3","ClassificationCode3","ClassificationTypeCode4","ClassificationCode4"
"USER_DEFINED","USER_DEFINED","MOD340A","","","1","A: Invoices Summary Journal","USER_DEFINED_CLASSIFICATION","USER_DEFINED","MOD340A","A: Invoices Summary Journal","ES","SEED_DATA_FROM_APPLICATION","2014/07/16 15:35:42.482","1951/01/01","","Y","2023/02/15 06:03:07.548669","-1","SEED_DATA_FROM_APPLICATION","","","SEEDED","MOD340A","","","MOD340A","","","","","","","","","","","","","","","","","USER_DEFINED","MOD340A","","","","","","","",""
"USER_DEFINED","USER_DEFINED","MOD340B","","","1","B: Tickets Summary Journal","USER_DEFINED_CLASSIFICATION","USER_DEFINED","MOD340B","MOD340B","","SEED_DATA_FROM_APPLICATION","2014/07/16 15:35:42.495","1951/01/01","","Y","2023/02/15 06:03:07.548669","-1","SEED_DATA_FROM_APPLICATION","","","SEEDED","MOD340B","","","MOD340B","","","","","","","","","","","","","","","","","USER_DEFINED","MOD340B","","","","","","","",""
"USER_DEFINED","USER_DEFINED","MOD340C","","","1","C: Invoice with several journals (several tax codes)","USER_DEFINED_CLASSIFICATION","USER_DEFINED","MOD340C","MOD340C","","SEED_DATA_FROM_APPLICATION","2014/07/16 15:35:42.51","1951/01/01","","Y","2023/02/15 06:03:07.548669","-1","SEED_DATA_FROM_APPLICATION","","","SEEDED","MOD340C","","","MOD340C","","","","","","","","","","","","","","","","","USER_DEFINED","MOD340C","","","","","","","",""
"USER_DEFINED","USER_DEFINED","MOD340D","","","1","D: Rectification Invoice","USER_DEFINED_CLASSIFICATION","USER_DEFINED","MOD340D","MOD340D","","SEED_DATA_FROM_APPLICATION","2014/07/16 15:35:42.524","1951/01/01","","Y","2023/02/15 06:03:07.548669","-1","SEED_DATA_FROM_APPLICATION","","","SEEDED","MOD340D","","","MOD340D","","","","","","","","","","","","","","","","","USER_DEFINED","MOD340D","","","","","","","",""
"USER_DEFINED","USER_DEFINED","MOD340E","","","1","E: Accrued VAT pending invoice to be issued","USER_DEFINED_CLASSIFICATION","USER_DEFINED","MOD340E","MOD340E","","SEED_DATA_FROM_APPLICATION","2014/07/16 15:35:42.556","1951/01/01","","Y","2023/02/15 06:03:07.548669","-1","SEED_DATA_FROM_APPLICATION","","","SEEDED","MOD340E","","","MOD340E","","","","","","","","","","","","","","","","","USER_DEFINED","MOD340E","","","","","","","",""
"USER_DEFINED","USER_DEFINED","MOD340F","","","1","F: Acquisitions performed directly by travel agencies on behalf of the traveler (special regime of travel agencies)","USER_DEFINED_CLASSIFICATION","USER_DEFINED","MOD340F","MOD340F","","SEED_DATA_FROM_APPLICATION","2014/07/16 15:35:42.566","1951/01/01","","Y","2023/02/15 06:03:07.548669","-1","SEED_DATA_FROM_APPLICATION","","","SEEDED","MOD340F","","","MOD340F","","","","","","","","","","","","","","","","","USER_DEFINED","MOD340F","","","","","","","",""
"USER_DEFINED","USER_DEFINED","MOD340G","","","1","G: Special regime of VAT group entities includes real counter-assistance to cost","USER_DEFINED_CLASSIFICATION","USER_DEFINED","MOD340G","MOD340G","","SEED_DATA_FROM_APPLICATION","2014/07/16 15:35:42.581","1951/01/01","","Y","2023/02/15 06:03:07.548669","-1","SEED_DATA_FROM_APPLICATION","","","SEEDED","MOD340G","","","MOD340G","","","","","","","","","","","","","","","","","USER_DEFINED","MOD340G","","","","","","","",""
"USER_DEFINED","USER_DEFINED","MOD340H","","","1","H: Special regime of gold investment","USER_DEFINED_CLASSIFICATION","USER_DEFINED","MOD340H","MOD340H","","SEED_DATA_FROM_APPLICATION","2014/07/16 15:35:42.593","1951/01/01","","Y","2023/02/15 06:03:07.548669","-1","SEED_DATA_FROM_APPLICATION","","","SEEDED","MOD340H","","","MOD340H","","","","","","","","","","","","","","","","","USER_DEFINED","MOD340H","","","","","","","",""
"USER_DEFINED","USER_DEFINED","MOD340I","","","1","I: Investment of the Taxable Person ISP","USER_DEFINED_CLASSIFICATION","USER_DEFINED","MOD340I","MOD340I","","SEED_DATA_FROM_APPLICATION","2014/07/16 15:35:42.609","1951/01/01","","Y","2023/02/15 06:03:07.548669","-1","SEED_DATA_FROM_APPLICATION","","","SEEDED","MOD340I","","","MOD340I","","","","","","","","","","","","","","","","","USER_DEFINED","MOD340I","","","","","","","",""
"USER_DEFINED","USER_DEFINED","MOD340J","","","1","J: Tickets","USER_DEFINED_CLASSIFICATION","USER_DEFINED","MOD340J","MOD340J","","SEED_DATA_FROM_APPLICATION","2014/07/16 15:35:42.624","1951/01/01","","Y","2023/02/15 06:03:07.548669","-1","SEED_DATA_FROM_APPLICATION","","","SEEDED","MOD340J","","","MOD340J","","","","","","","","","","","","","","","","","USER_DEFINED","MOD340J","","","","","","","",""
"USER_DEFINED","USER_DEFINED","MOD340K","","","1","K: Rectification of recorded annotations","USER_DEFINED_CLASSIFICATION","USER_DEFINED","MOD340K","MOD340K","","SEED_DATA_FROM_APPLICATION","2014/07/16 15:35:42.634","1951/01/01","","Y","2023/02/15 06:03:07.548669","-1","SEED_DATA_FROM_APPLICATION","","","SEEDED","MOD340K","","","MOD340K","","","","","","","","","","","","","","","","","USER_DEFINED","MOD340K","","","","","","","",""
"USER_DEFINED","USER_DEFINED","MOD340L","","","1","L: Declaration of acquisitions to IGIC retailers","USER_DEFINED_CLASSIFICATION","USER_DEFINED","MOD340L","MOD340L","","SEED_DATA_FROM_APPLICATION","2014/07/16 15:35:42.656","1951/01/01","","Y","2023/02/15 06:03:07.548669","-1","SEED_DATA_FROM_APPLICATION","","","SEEDED","MOD340L","","","MOD340L","","","","","","","","","","","","","","","","","USER_DEFINED","MOD340L","","","","","","","",""
"USER_DEFINED","USER_DEFINED","MOD340M","","","1","M: VAT/IGIC invoice pending to be accrued issued invoice","USER_DEFINED_CLASSIFICATION","USER_DEFINED","MOD340M","MOD340M","","SEED_DATA_FROM_APPLICATION","2014/07/16 15:35:42.664","1951/01/01","","Y","2023/02/15 06:03:07.548669","-1","SEED_DATA_FROM_APPLICATION","","","SEEDED","MOD340M","","","MOD340M","","","","","","","","","","","","","","","","","USER_DEFINED","MOD340M","","","","","","","",""
"USER_DEFINED","USER_DEFINED","MOD340N","","","1","N: Invoicing of travel agencies services that act as mediators in name of and on behalf of others","USER_DEFINED_CLASSIFICATION","USER_DEFINED","MOD340N","MOD340N","","SEED_DATA_FROM_APPLICATION","2014/07/16 15:35:42.681","1951/01/01","","Y","2023/02/15 06:03:07.548669","-1","SEED_DATA_FROM_APPLICATION","","","SEEDED","MOD340N","","","MOD340N","","","","","","","","","","","","","","","","","USER_DEFINED","MOD340N","","","","","","","",""
"USER_DEFINED","USER_DEFINED","MOD340O","","","1","O: Invoice issued in replacement of invoices and declared tickets","USER_DEFINED_CLASSIFICATION","USER_DEFINED","MOD340O","MOD340O","","SEED_DATA_FROM_APPLICATION","2014/07/16 15:35:42.694","1951/01/01","","Y","2023/02/15 06:03:07.548669","-1","SEED_DATA_FROM_APPLICATION","","","SEEDED","MOD340O","","","MOD340O","","","","","","","","","","","","","","","","","USER_DEFINED","MOD340O","","","","","","","",""
"USER_DEFINED","USER_DEFINED","MOD340P","","","1","P: Intracommunitary acquisitions of goods","USER_DEFINED_CLASSIFICATION","USER_DEFINED","MOD340P","MOD340P","","SEED_DATA_FROM_APPLICATION","2014/07/16 15:35:42.714","1951/01/01","","Y","2023/02/15 06:03:07.548669","-1","SEED_DATA_FROM_APPLICATION","","","SEEDED","MOD340P","","","MOD340P","","","","","","","","","","","","","","","","","USER_DEFINED","MOD340P","","","","","","","",""
"USER_DEFINED","USER_DEFINED","MOD340Q","","","1","Q: Special regime of used goods, art, antiques and collection articles","USER_DEFINED_CLASSIFICATION","USER_DEFINED","MOD340Q","MOD340Q","","SEED_DATA_FROM_APPLICATION","2014/07/16 15:35:42.732","1951/01/01","","Y","2023/02/15 06:03:07.548669","-1","SEED_DATA_FROM_APPLICATION","","","SEEDED","MOD340Q","","","MOD340Q","","","","","","","","","","","","","","","","","USER_DEFINED","MOD340Q","","","","","","","",""
"USER_DEFINED","USER_DEFINED","MOD340NONE","","","1","None","USER_DEFINED_CLASSIFICATION","USER_DEFINED","MOD340NONE","MOD340NONE","","SEED_DATA_FROM_APPLICATION","2014/07/16 15:35:42.746","1951/01/01","","Y","2023/02/15 06:03:07.548669","-1","SEED_DATA_FROM_APPLICATION","","","SEEDED","MOD340NONE","","","MOD340NONE","","","","","","","","","","","","","","","","","USER_DEFINED","MOD340NONE","","","","","","","",""
"USER_DEFINED","USER_DEFINED","MOD340R","","","1","R: Business rental transaction","USER_DEFINED_CLASSIFICATION","USER_DEFINED","MOD340R","MOD340R","","SEED_DATA_FROM_APPLICATION","2014/07/16 15:35:42.763","1951/01/01","","Y","2023/02/15 06:03:07.548669","-1","SEED_DATA_FROM_APPLICATION","","","SEEDED","MOD340R","","","MOD340R","","","","","","","","","","","","","","","","","USER_DEFINED","MOD340R","","","","","","","",""
"USER_DEFINED","USER_DEFINED","MOD340S","","","1","S: Grants and assistance provided or received by public or private sector entities","USER_DEFINED_CLASSIFICATION","USER_DEFINED","MOD340S","MOD340S","","SEED_DATA_FROM_APPLICATION","2014/07/16 15:35:42.785","1951/01/01","","Y","2023/02/15 06:03:07.548669","-1","SEED_DATA_FROM_APPLICATION","","","SEEDED","MOD340S","","","MOD340S","","","","","","","","","","","","","","","","","USER_DEFINED","MOD340S","","","","","","","",""
"USER_DEFINED","USER_DEFINED","MOD340T","","","1","T: Collections on behalf of third parties of professional fees or rights derived from intellectual property, industrial, authoring or others","USER_DEFINED_CLASSIFICATION","USER_DEFINED","MOD340T","MOD340T","","SEED_DATA_FROM_APPLICATION","2014/07/16 15:35:42.801","1951/01/01","","Y","2023/02/15 06:03:07.548669","-1","SEED_DATA_FROM_APPLICATION","","","SEEDED","MOD340T","","","MOD340T","","","","","","","","","","","","","","","","","USER_DEFINED","MOD340T","","","","","","","",""
"USER_DEFINED","USER_DEFINED","MOD340U","","","1","U: Insurance transaction","USER_DEFINED_CLASSIFICATION","USER_DEFINED","MOD340U","MOD340U","","SEED_DATA_FROM_APPLICATION","2014/07/16 15:35:42.814","1951/01/01","","Y","2023/02/15 06:03:07.548669","-1","SEED_DATA_FROM_APPLICATION","","","SEEDED","MOD340U","","","MOD340U","","","","","","","","","","","","","","","","","USER_DEFINED","MOD340U","","","","","","","",""
"USER_DEFINED","USER_DEFINED","MOD340V","","","1","V: Travel agency purchases","USER_DEFINED_CLASSIFICATION","USER_DEFINED","MOD340V","MOD340V","","SEED_DATA_FROM_APPLICATION","2014/07/16 15:35:42.831","1951/01/01","","Y","2023/02/15 06:03:07.548669","-1","SEED_DATA_FROM_APPLICATION","","","SEEDED","MOD340V","","","MOD340V","","","","","","","","","","","","","","","","","USER_DEFINED","MOD340V","","","","","","","",""
"USER_DEFINED","USER_DEFINED","MOD340W","","","1","W: Transactions subject to Production, Services and Import Tax to the cities of Ceuta and Melilla","USER_DEFINED_CLASSIFICATION","USER_DEFINED","MOD340W","MOD340W","","SEED_DATA_FROM_APPLICATION","2014/07/16 15:35:42.858","1951/01/01","","Y","2023/02/15 06:03:07.548669","-1","SEED_DATA_FROM_APPLICATION","","","SEEDED","MOD340W","","","MOD340W","","","","","","","","","","","","","","","","","USER_DEFINED","MOD340W","","","","","","","",""
"USER_DEFINED","USER_DEFINED","MOD340X","","","1","X: Agricultural Transactions, having issued the pertinent receipt","USER_DEFINED_CLASSIFICATION","USER_DEFINED","MOD340X","MOD340X","","SEED_DATA_FROM_APPLICATION","2014/07/16 15:35:42.877","1951/01/01","","Y","2023/02/15 06:03:07.548669","-1","SEED_DATA_FROM_APPLICATION","","","SEEDED","MOD340X","","","MOD340X","","","","","","","","","","","","","","","","","USER_DEFINED","MOD340X","","","","","","","",""
"USER_DEFINED","USER_DEFINED","ORA_ISS_01","","","1","01 Operation of the general scheme","USER_DEFINED_CLASSIFICATION","User-Defined","ORA_ISS_01","01 Operation of the general scheme","ES","SEED_DATA_FROM_APPLICATION","2017/08/17 00:39:04.947","2001/01/01","","Y","2023/02/15 06:03:07.548669","-1","SEED_DATA_FROM_APPLICATION","","","SEEDED","ORA_ISS_01","","","01 Operation of the general scheme","","","","","","","","","","","","","","","","","USER_DEFINED","ORA_ISS_01","","","","","","","",""
"USER_DEFINED","USER_DEFINED","ORA_ISS_02","","","1","02 Export","USER_DEFINED_CLASSIFICATION","User-Defined","ORA_ISS_02","02 Export","ES","SEED_DATA_FROM_APPLICATION","2017/08/17 00:39:04.989","2001/01/01","","Y","2023/02/15 06:03:07.548669","-1","SEED_DATA_FROM_APPLICATION","","","SEEDED","ORA_ISS_02","","","02 Export","","","","","","","","","","","","","","","","","USER_DEFINED","ORA_ISS_02","","","","","","","",""
"USER_DEFINED","USER_DEFINED","ORA_ISS_03","","","1","03 Special regime of used goods, art objects, antiques and collectors objects","USER_DEFINED_CLASSIFICATION","User-Defined","ORA_ISS_03","03 Special regime of used goods, art objects, antiques and collectors objects","ES","SEED_DATA_FROM_APPLICATION","2017/08/17 00:39:05.038","2001/01/01","","Y","2023/02/15 06:03:07.548669","-1","SEED_DATA_FROM_APPLICATION","","","SEEDED","ORA_ISS_03","","","03 Special regime of used goods, art objects, antiques and collectors objects","","","","","","","","","","","","","","","","","USER_DEFINED","ORA_ISS_03","","","","","","","",""
"USER_DEFINED","USER_DEFINED","ORA_ISS_04","","","1","04 Special investment gold regime","USER_DEFINED_CLASSIFICATION","User-Defined","ORA_ISS_04","04 Special investment gold regime","ES","SEED_DATA_FROM_APPLICATION","2017/08/17 00:39:05.066","2001/01/01","","Y","2023/02/15 06:03:07.548669","-1","SEED_DATA_FROM_APPLICATION","","","SEEDED","ORA_ISS_04","","","04 Special investment gold regime","","","","","","","","","","","","","","","","","USER_DEFINED","ORA_ISS_04","","","","","","","",""
"USER_DEFINED","USER_DEFINED","ORA_ISS_05","","","1","05 Special regime travel agencies","USER_DEFINED_CLASSIFICATION","User-Defined","ORA_ISS_05","05 Special regime travel agencies","ES","SEED_DATA_FROM_APPLICATION","2017/08/17 00:39:05.091","2001/01/01","","Y","2023/02/15 06:03:07.548669","-1","SEED_DATA_FROM_APPLICATION","","","SEEDED","ORA_ISS_05","","","05 Special regime travel agencies","","","","","","","","","","","","","","","","","USER_DEFINED","ORA_ISS_05","","","","","","","",""
"USER_DEFINED","USER_DEFINED","ORA_ISS_06","","","1","06 Special regime group of entities in VAT, advanced level","USER_DEFINED_CLASSIFICATION","User-Defined","ORA_ISS_06","06 Special regime group of entities in VAT, advanced level","ES","SEED_DATA_FROM_APPLICATION","2017/08/17 00:39:05.117","2001/01/01","","Y","2023/02/15 06:03:07.548669","-1","SEED_DATA_FROM_APPLICATION","","","SEEDED","ORA_ISS_06","","","06 Special regime group of entities in VAT, advanced level","","","","","","","","","","","","","","","","","USER_DEFINED","ORA_ISS_06","","","","","","","",""
"USER_DEFINED","USER_DEFINED","ORA_ISS_07","","","1","07 Special regime cash criterion","USER_DEFINED_CLASSIFICATION","User-Defined","ORA_ISS_07","07 Special regime cash criterion","ES","SEED_DATA_FROM_APPLICATION","2017/08/17 00:39:05.143","2001/01/01","","Y","2023/02/15 06:03:07.548669","-1","SEED_DATA_FROM_APPLICATION","","","SEEDED","ORA_ISS_07","","","07 Special regime cash criterion","","","","","","","","","","","","","","","","","USER_DEFINED","ORA_ISS_07","","","","","","","",""
"USER_DEFINED","USER_DEFINED","ORA_ISS_08","","","1","08 Operations subject to IPSI / IGIC","USER_DEFINED_CLASSIFICATION","User-Defined","ORA_ISS_08","08 Operations subject to IPSI / IGIC","ES","SEED_DATA_FROM_APPLICATION","2017/08/17 00:39:05.171","2001/01/01","","Y","2023/02/15 06:03:07.548669","-1","SEED_DATA_FROM_APPLICATION","","","SEEDED","ORA_ISS_08","","","08 Operations subject to IPSI / IGIC","","","","","","","","","","","","","","","","","USER_DEFINED","ORA_ISS_08","","","","","","","",""
"USER_DEFINED","USER_DEFINED","ORA_ISS_09","","","1","09 Invoicing of travel agency services acting as mediators on behalf of others","USER_DEFINED_CLASSIFICATION","User-Defined","ORA_ISS_09","09 Invoicing of travel agency services acting as mediators on behalf of others","ES","SEED_DATA_FROM_APPLICATION","2017/08/17 00:39:05.199","2001/01/01","","Y","2023/02/15 06:03:07.548669","-1","SEED_DATA_FROM_APPLICATION","","","SEEDED","ORA_ISS_09","","","09 Invoicing of travel agency services acting as mediators on behalf of others","","","","","","","","","","","","","","","","","USER_DEFINED","ORA_ISS_09","","","","","","","",""
"USER_DEFINED","USER_DEFINED","ORA_ISS_10","","","1","10 Collections on behalf of third parties of professional fees or rights","USER_DEFINED_CLASSIFICATION","User-Defined","ORA_ISS_10","10 Collections on behalf of third parties of professional fees or rights","ES","SEED_DATA_FROM_APPLICATION","2017/08/17 00:39:05.226","2001/01/01","","Y","2023/02/15 06:03:07.548669","-1","SEED_DATA_FROM_APPLICATION","","","SEEDED","ORA_ISS_10","","","10 Collections on behalf of third parties of professional fees or rights","","","","","","","","","","","","","","","","","USER_DEFINED","ORA_ISS_10","","","","","","","",""
"USER_DEFINED","USER_DEFINED","ORA_ISS_11","","","1","11 Business premises lease transactions subject to withholding","USER_DEFINED_CLASSIFICATION","User-Defined","ORA_ISS_11","11 Business premises lease transactions subject to withholding","ES","SEED_DATA_FROM_APPLICATION","2017/08/17 00:39:05.254","2001/01/01","","Y","2023/02/15 06:03:07.548669","-1","SEED_DATA_FROM_APPLICATION","","","SEEDED","ORA_ISS_11","","","11 Business premises lease transactions subject to withholding","","","","","","","","","","","","","","","","","USER_DEFINED","ORA_ISS_11","","","","","","","",""
"USER_DEFINED","USER_DEFINED","ORA_ISS_12","","","1","12 Non-retention business premises lease operations","USER_DEFINED_CLASSIFICATION","User-Defined","ORA_ISS_12","12 Non-retention business premises lease operations","ES","SEED_DATA_FROM_APPLICATION","2017/08/17 00:39:05.283","2001/01/01","","Y","2023/02/15 06:03:07.548669","-1","SEED_DATA_FROM_APPLICATION","","","SEEDED","ORA_ISS_12","","","12 Non-retention business premises lease operations","","","","","","","","","","","","","","","","","USER_DEFINED","ORA_ISS_12","","","","","","","",""
"USER_DEFINED","USER_DEFINED","ORA_ISS_13","","","1","13 Lease transactions of business premises subject to and not subject to withholding","USER_DEFINED_CLASSIFICATION","User-Defined","ORA_ISS_13","13 Lease transactions of business premises subject to and not subject to withholding","ES","SEED_DATA_FROM_APPLICATION","2017/08/17 00:39:05.309","2001/01/01","","Y","2023/02/15 06:03:07.548669","-1","SEED_DATA_FROM_APPLICATION","","","SEEDED","ORA_ISS_13","","","13 Lease transactions of business premises subject to and not subject to withholding","","","","","","","","","","","","","","","","","USER_DEFINED","ORA_ISS_13","","","","","","","",""
"USER_DEFINED","USER_DEFINED","ORA_ISS_14","","","1","14 Invoice with tax pending of accrual for Public Administration work","USER_DEFINED_CLASSIFICATION","User-Defined","ORA_ISS_14","14 Invoice with tax pending of accrual for Public Administration work","ES","SEED_DATA_FROM_APPLICATION","2017/08/17 00:39:05.339","2001/01/01","","Y","2023/02/15 06:03:07.548669","-1","SEED_DATA_FROM_APPLICATION","","","SEEDED","ORA_ISS_14","","","14 Invoice with tax pending of accrual for Public Administration work","","","","","","","","","","","","","","","","","USER_DEFINED","ORA_ISS_14","","","","","","","",""
"USER_DEFINED","USER_DEFINED","ORA_ISS_15","","","1","15 Invoice with VAT pending accrual - operations of successive tract","USER_DEFINED_CLASSIFICATION","User-Defined","ORA_ISS_15","15 Invoice with VAT pending accrual - operations of successive tract","ES","SEED_DATA_FROM_APPLICATION","2017/08/17 00:39:05.368","2001/01/01","","Y","2023/02/15 06:03:07.548669","-1","SEED_DATA_FROM_APPLICATION","","","SEEDED","ORA_ISS_15","","","15 Invoice with VAT pending accrual - operations of successive tract","","","","","","","","","","","","","","","","","USER_DEFINED","ORA_ISS_15","","","","","","","",""
"USER_DEFINED","USER_DEFINED","ORA_REC_01","","","1","01 Operation of the general scheme","USER_DEFINED_CLASSIFICATION","User-Defined","ORA_REC_01","01 Operation of the general scheme","ES","SEED_DATA_FROM_APPLICATION","2017/08/17 00:39:05.418","2001/01/01","","Y","2023/02/15 06:03:07.548669","-1","SEED_DATA_FROM_APPLICATION","","","SEEDED","ORA_REC_01","","","01 Operation of the general scheme","","","","","","","","","","","","","","","","","USER_DEFINED","ORA_REC_01","","","","","","","",""
"USER_DEFINED","USER_DEFINED","ORA_REC_02","","","1","02 Operations by which employers pay compensation REAGYP","USER_DEFINED_CLASSIFICATION","User-Defined","ORA_REC_02","02 Operations by which employers pay compensation REAGYP","ES","SEED_DATA_FROM_APPLICATION","2017/08/17 00:39:05.452","2001/01/01","","Y","2023/02/15 06:03:07.548669","-1","SEED_DATA_FROM_APPLICATION","","","SEEDED","ORA_REC_02","","","02 Operations by which employers pay compensation REAGYP","","","","","","","","","","","","","","","","","USER_DEFINED","ORA_REC_02","","","","","","","",""
"USER_DEFINED","USER_DEFINED","ORA_REC_03","","","1","03 Special regime of used goods, art objects, antiques and collectors objects","USER_DEFINED_CLASSIFICATION","User-Defined","ORA_REC_03","03 Special regime of used goods, art objects, antiques and collectors objects","ES","SEED_DATA_FROM_APPLICATION","2017/08/17 00:39:05.487","2001/01/01","","Y","2023/02/15 06:03:07.548669","-1","SEED_DATA_FROM_APPLICATION","","","SEEDED","ORA_REC_03","","","03 Special regime of used goods, art objects, antiques and collectors objects","","","","","","","","","","","","","","","","","USER_DEFINED","ORA_REC_03","","","","","","","",""
"USER_DEFINED","USER_DEFINED","ORA_REC_04","","","1","04 Special investment gold regime","USER_DEFINED_CLASSIFICATION","User-Defined","ORA_REC_04","04 Special investment gold regime","ES","SEED_DATA_FROM_APPLICATION","2017/08/17 00:39:05.522","2001/01/01","","Y","2023/02/15 06:03:07.548669","-1","SEED_DATA_FROM_APPLICATION","","","SEEDED","ORA_REC_04","","","04 Special investment gold regime","","","","","","","","","","","","","","","","","USER_DEFINED","ORA_REC_04","","","","","","","",""
"USER_DEFINED","USER_DEFINED","ORA_REC_05","","","1","05 Special regime travel agencies","USER_DEFINED_CLASSIFICATION","User-Defined","ORA_REC_05","05 Special regime travel agencies","ES","SEED_DATA_FROM_APPLICATION","2017/08/17 00:39:05.557","2001/01/01","","Y","2023/02/15 06:03:07.548669","-1","SEED_DATA_FROM_APPLICATION","","","SEEDED","ORA_REC_05","","","05 Special regime travel agencies","","","","","","","","","","","","","","","","","USER_DEFINED","ORA_REC_05","","","","","","","",""
"USER_DEFINED","USER_DEFINED","ORA_REC_06","","","1","06 Special regime group of entities in VAT, advanced level","USER_DEFINED_CLASSIFICATION","User-Defined","ORA_REC_06","06 Special regime group of entities in VAT, advanced level","ES","SEED_DATA_FROM_APPLICATION","2017/08/17 00:39:05.597","2001/01/01","","Y","2023/02/15 06:03:07.548669","-1","SEED_DATA_FROM_APPLICATION","","","SEEDED","ORA_REC_06","","","06 Special regime group of entities in VAT, advanced level","","","","","","","","","","","","","","","","","USER_DEFINED","ORA_REC_06","","","","","","","",""
"USER_DEFINED","USER_DEFINED","ORA_REC_07","","","1","07 Special regime cash criterion","USER_DEFINED_CLASSIFICATION","User-Defined","ORA_REC_07","07 Special regime cash criterion","ES","SEED_DATA_FROM_APPLICATION","2017/08/17 00:39:05.639","2001/01/01","","Y","2023/02/15 06:03:07.548669","-1","SEED_DATA_FROM_APPLICATION","","","SEEDED","ORA_REC_07","","","07 Special regime cash criterion","","","","","","","","","","","","","","","","","USER_DEFINED","ORA_REC_07","","","","","","","",""
"USER_DEFINED","USER_DEFINED","ORA_REC_08","","","1","08 Operations subject to IPSI / IGIC","USER_DEFINED_CLASSIFICATION","User-Defined","ORA_REC_08","08 Operations subject to IPSI / IGIC","ES","SEED_DATA_FROM_APPLICATION","2017/08/17 00:39:05.695","2001/01/01","","Y","2023/02/15 06:03:07.548669","-1","SEED_DATA_FROM_APPLICATION","","","SEEDED","ORA_REC_08","","","08 Operations subject to IPSI / IGIC","","","","","","","","","","","","","","","","","USER_DEFINED","ORA_REC_08","","","","","","","",""
"USER_DEFINED","USER_DEFINED","ORA_REC_09","","","1","09 Intra-Community acquisitions of goods and services","USER_DEFINED_CLASSIFICATION","User-Defined","ORA_REC_09","09 Intra-Community acquisitions of goods and services","ES","SEED_DATA_FROM_APPLICATION","2017/08/17 00:39:05.729","2001/01/01","","Y","2023/02/15 06:03:07.548669","-1","SEED_DATA_FROM_APPLICATION","","","SEEDED","ORA_REC_09","","","09 Intra-Community acquisitions of goods and services","","","","","","","","","","","","","","","","","USER_DEFINED","ORA_REC_09","","","","","","","",""
"USER_DEFINED","USER_DEFINED","ORA_REC_10","","","1","10 Purchase of travel agencies: mediation operations in transport services","USER_DEFINED_CLASSIFICATION","User-Defined","ORA_REC_10","10 Purchase of travel agencies: mediation operations in transport services","ES","SEED_DATA_FROM_APPLICATION","2017/08/17 00:39:05.764","2001/01/01","2001/01/01","Y","2023/02/15 06:03:07.548669","-1","SEED_DATA_FROM_APPLICATION","","","SEEDED","ORA_REC_10","","","10 Purchase of travel agencies: mediation operations in transport services","","","","","","","","","","","","","","","","","USER_DEFINED","ORA_REC_10","","","","","","","",""
"USER_DEFINED","USER_DEFINED","ORA_REC_11","","","1","11 Invoicing of travel agency services acting as mediators on behalf of others","USER_DEFINED_CLASSIFICATION","User-Defined","ORA_REC_11","11 Invoicing of travel agency services acting as mediators on behalf of others","ES","SEED_DATA_FROM_APPLICATION","2017/08/17 00:39:05.798","2001/01/01","2001/01/01","Y","2023/02/15 06:03:07.548669","-1","SEED_DATA_FROM_APPLICATION","","","SEEDED","ORA_REC_11","","","11 Invoicing of travel agency services acting as mediators on behalf of others","","","","","","","","","","","","","","","","","USER_DEFINED","ORA_REC_11","","","","","","","",""
"USER_DEFINED","USER_DEFINED","ORA_REC_12","","","1","12 Leasing operations of premises of business","USER_DEFINED_CLASSIFICATION","User-Defined","ORA_REC_12","12 Leasing operations of premises of business","ES","SEED_DATA_FROM_APPLICATION","2017/08/17 00:39:05.836","2001/01/01","","Y","2023/02/15 06:03:07.548669","-1","SEED_DATA_FROM_APPLICATION","","","SEEDED","ORA_REC_12","","","12 Leasing operations of premises of business","","","","","","","","","","","","","","","","","USER_DEFINED","ORA_REC_12","","","","","","","",""
"USER_DEFINED","USER_DEFINED","ORA_REC_13","","","1","13 Invoice corresponding to an import reported without document","USER_DEFINED_CLASSIFICATION","User-Defined","ORA_REC_13","13 Invoice corresponding to an import reported without document","ES","SEED_DATA_FROM_APPLICATION","2017/08/17 00:39:05.875","2001/01/01","","Y","2023/02/15 06:03:07.548669","-1","SEED_DATA_FROM_APPLICATION","","","SEEDED","ORA_REC_13","","","13 Invoice corresponding to an import reported without document","","","","","","","","","","","","","","","","","USER_DEFINED","ORA_REC_13","","","","","","","",""
"USER_DEFINED","USER_DEFINED","ORA_ISS_16","","","1","16 First semester 2017","USER_DEFINED_CLASSIFICATION","User-Defined","ORA_ISS_16","16 First semester 2017","ES","SEED_DATA_FROM_APPLICATION","2017/08/17 00:39:05.913","2001/01/01","","Y","2023/02/15 06:03:07.548669","-1","SEED_DATA_FROM_APPLICATION","","","SEEDED","ORA_ISS_16","","","16 First semester 2017","","","","","","","","","","","","","","","","","USER_DEFINED","ORA_ISS_16","","","","","","","",""
"USER_DEFINED","USER_DEFINED","ORA_REC_14","","","1","14 First semester 2017","USER_DEFINED_CLASSIFICATION","User-Defined","ORA_REC_14","14 First semester 2017","ES","SEED_DATA_FROM_APPLICATION","2017/08/17 00:39:05.945","2001/01/01","","Y","2023/02/15 06:03:07.548669","-1","SEED_DATA_FROM_APPLICATION","","","SEEDED","ORA_REC_14","","","14 First semester 2017","","","","","","","","","","","","","","","","","USER_DEFINED","ORA_REC_14","","","","","","","",""
"USER_DEFINED","USER_DEFINED","FR DEFERRED INVOICE","","","1","FR Deferred Invoice","USER_DEFINED_CLASSIFICATION","User-Defined","FR DEFERRED INVOICE","FR Deferred Invoice","FR","FIN_IMPL","2014/11/14 09:11:17.0","2001/01/01","","Y","2014/11/14 09:12:19.956","07CE72FC125B2C0EE0536204548C65B7","FIN_IMPL","","","USER_DEFINED","FR DEFERRED INVOICE","","","FR Deferred Invoice","","","","","","","","","","","","","","","","","USER_DEFINED","FR DEFERRED INVOICE","","","","","","","",""
"USER_DEFINED","USER_DEFINED","CA GST ZERO","","","1","GST Zero Percent Tax","USER_DEFINED_CLASSIFICATION","User-Defined","CA GST ZERO","GST Zero Percent Tax","CA","FIN_IMPL","2021/09/22 13:13:46.0","2015/01/01","","Y","2021/09/22 13:14:19.643","CC42B43634F36195E0530264FD0A0655","FIN_IMPL","","","USER_DEFINED","CA GST ZERO","","","GST Zero Percent Tax","","","","","","","","","","","","","","","","","USER_DEFINED","CA GST ZERO","","","","","","","",""
"USER_DEFINED","USER_DEFINED","CA HST ZERO","","","1","HST Zero Percent Tax","USER_DEFINED_CLASSIFICATION","User-Defined","CA HST ZERO","HST Zero Percent Tax","CA","FIN_IMPL","2021/09/22 13:14:19.686","2015/01/01","","Y","2021/09/22 13:15:09.574","CC42B43634F36195E0530264FD0A0655","FIN_IMPL","","","USER_DEFINED","CA HST ZERO","","","HST Zero Percent Tax","","","","","","","","","","","","","","","","","USER_DEFINED","CA HST ZERO","","","","","","","",""
"USER_DEFINED","USER_DEFINED","CA PST ZERO","","","1","PST Zero Percent Tax","USER_DEFINED_CLASSIFICATION","User-Defined","CA PST ZERO","PST Zero Percent Tax","CA","FIN_IMPL","2021/09/22 13:15:09.625","2015/01/01","","Y","2021/09/22 13:15:28.078","CC42B43634F36195E0530264FD0A0655","FIN_IMPL","","","USER_DEFINED","CA PST ZERO","","","PST Zero Percent Tax","","","","","","","","","","","","","","","","","USER_DEFINED","CA PST ZERO","","","","","","","",""
"USER_DEFINED","USER_DEFINED","CA QST ZERO","","","1","QST Zero Percent Tax","USER_DEFINED_CLASSIFICATION","User-Defined","CA QST ZERO","QST Zero Percent Tax","CA","FIN_IMPL","2021/09/22 13:15:28.083","2015/01/01","","Y","2021/09/22 13:15:48.587","CC42B43634F36195E0530264FD0A0655","FIN_IMPL","","","USER_DEFINED","CA QST ZERO","","","QST Zero Percent Tax","","","","","","","","","","","","","","","","","USER_DEFINED","CA QST ZERO","","","","","","","",""
