"ORA_INTENDED_USE_FISCAL_CLASSIFICATION_TYPE.ClassificationTypeCode","ClassificationTypeCode","ClassificationCode","AncestorCode","AncestorName","ClassificationCodeLevel","ClassificationName","ClassificationTypeCategCode","ClassificationTypeName","ConcatClassifCode","ConcatClassifName","CountryCode","CreatedBy","CreationDate","EffectiveFrom","EffectiveTo","EnabledFlag","LastUpdateDate","LastUpdateLogin","LastUpdatedBy","ProgramAppName","ProgramName","RecordTypeCode","Segment1","Segment10","Segment10Name","Segment1Name","Segment2","Segment2Name","Segment3","Segment3Name","Segment4","Segment4Name","Segment5","Segment5Name","Segment6","Segment6Name","Segment7","Segment7Name","Segment8","Segment8Name","Segment9","Segment9Name","ClassificationTypeCode0","ClassificationCode0","ClassificationTypeCode1","ClassificationCode1","ClassificationTypeCode2","ClassificationCode2","ClassificationTypeCode3","ClassificationCode3","ClassificationTypeCode4","ClassificationCode4"
"INTENDED_USE","INTENDED_USE","IP","","","1","Inputs","INTENDED_USE_CLASSIFICATION","Intended Use","IP","Inputs","IN","SEED_DATA_FROM_APPLICATION","2018/05/23 17:09:51.027","2011/01/01","","Y","2023/02/15 06:03:07.548669","-1","SEED_DATA_FROM_APPLICATION","","","SEEDED","IP","","","Inputs","","","","","","","","","","","","","","","","","INTENDED_USE","IP","","","","","","","",""
"INTENDED_USE","INTENDED_USE","IS","","","1","Input-services","INTENDED_USE_CLASSIFICATION","Intended Use","IS","Input-services","IN","SEED_DATA_FROM_APPLICATION","2018/05/23 17:09:51.353","2011/01/01","","Y","2023/02/15 06:03:07.548669","-1","SEED_DATA_FROM_APPLICATION","","","SEEDED","IS","","","Input-services","","","","","","","","","","","","","","","","","INTENDED_USE","IS","","","","","","","",""
"INTENDED_USE","INTENDED_USE","CP","","","1","Capital goods","INTENDED_USE_CLASSIFICATION","Intended Use","CP","Capital goods","IN","SEED_DATA_FROM_APPLICATION","2018/05/23 17:09:51.457","2011/01/01","","Y","2023/02/15 06:03:07.548669","-1","SEED_DATA_FROM_APPLICATION","","","SEEDED","CP","","","Capital goods","","","","","","","","","","","","","","","","","INTENDED_USE","CP","","","","","","","",""
"INTENDED_USE","INTENDED_USE","NO","","","1","Ineligible","INTENDED_USE_CLASSIFICATION","Intended Use","NO","Ineligible","IN","SEED_DATA_FROM_APPLICATION","2018/05/23 17:09:51.577","2011/01/01","","Y","2023/02/15 06:03:07.548669","-1","SEED_DATA_FROM_APPLICATION","","","SEEDED","NO","","","Ineligible","","","","","","","","","","","","","","","","","INTENDED_USE","NO","","","","","","","",""
