"ORA_ZX_PRODUCT_CLASS.ClassificationTypeCode","ClassificationTypeCode","TaxRegimeCode","Attribute1","Attribute10","Attribute11","Attribute12","Attribute13","Attribute14","Attribute15","Attribute2","Attribute3","Attribute4","Attribute5","Attribute6","Attribute7","Attribute8","Attribute9","AttributeCategory","CreatedBy","CreationDate","EffectiveFrom","EffectiveTo","LastUpdateDate","LastUpdateLogin","LastUpdatedBy","ProgramAppName","ProgramLoginId","ProgramName","RecordTypeCode","RequestId","UseInItemExceptionsFlag"
"ES VAT PRODUCT LEVEL 2 CLIC","ES VAT PRODUCT LEVEL 2 CLIC","ES VAT TAX","","","","","","","","","","","","","","","","","FIN_IMPL","2014/01/14 15:59:22.814","1986/01/01","","2014/01/14 15:59:26.025","EFF145707D0B29E9E0436204548C9304","FIN_IMPL","","","","","","N"
"ES VAT RECOVERY CLIC","ES VAT RECOVERY CLIC","ES VAT TAX","","","","","","","","","","","","","","","","","FIN_IMPL","2014/01/14 15:59:22.848","1986/01/01","","2014/01/14 15:59:26.033","EFF145707D0B29E9E0436204548C9304","FIN_IMPL","","","","","","N"
"ES2010 CLIC","ES2010 CLIC","ES VAT TAX","","","","","","","","","","","","","","","","","FIN_IMPL","2014/01/14 15:59:22.883","2010/01/01","","2014/01/14 15:59:26.04","EFF145707D0B29E9E0436204548C9304","FIN_IMPL","","","","SEEDED","",""
"ES2010 SERVICE TYPES CLIC","ES2010 SERVICE TYPES CLIC","ES VAT TAX","","","","","","","","","","","","","","","","","FIN_IMPL","2014/01/14 15:59:22.916","2010/01/01","","2014/01/14 15:59:26.047","EFF145707D0B29E9E0436204548C9304","FIN_IMPL","","","","SEEDED","",""
"ES2010 SUB-SERVICE TYPES CLIC","ES2010 SUB-SERVICE TYPES CLIC","ES VAT TAX","","","","","","","","","","","","","","","","","FIN_IMPL","2014/01/14 15:59:22.947","2010/01/01","","2014/01/14 15:59:26.055","EFF145707D0B29E9E0436204548C9304","FIN_IMPL","","","","SEEDED","",""
"FI VAT PRODUCT LEVEL 1 CLIC","FI VAT PRODUCT LEVEL 1 CLIC","FI VAT TAX","","","","","","","","","","","","","","","","","FIN_IMPL","2014/01/14 15:59:22.977","1994/06/01","","2014/01/14 15:59:26.064","EFF145707D0B29E9E0436204548C9304","FIN_IMPL","","","","","","N"
"FI VAT PRODUCT LEVEL 2 CLIC","FI VAT PRODUCT LEVEL 2 CLIC","FI VAT TAX","","","","","","","","","","","","","","","","","FIN_IMPL","2014/01/14 15:59:23.008","1994/06/01","","2014/01/14 15:59:26.072","EFF145707D0B29E9E0436204548C9304","FIN_IMPL","","","","","","N"
"FI VAT RECOVERY CLIC","FI VAT RECOVERY CLIC","FI VAT TAX","","","","","","","","","","","","","","","","","FIN_IMPL","2014/01/14 15:59:23.038","1994/06/01","","2014/01/14 15:59:26.081","EFF145707D0B29E9E0436204548C9304","FIN_IMPL","","","","","","N"
"FI2010 CLIC","FI2010 CLIC","FI VAT TAX","","","","","","","","","","","","","","","","","FIN_IMPL","2014/01/14 15:59:23.067","2010/01/01","","2014/01/14 15:59:26.088","EFF145707D0B29E9E0436204548C9304","FIN_IMPL","","","","SEEDED","",""
"FI2010 SERVICE TYPES CLIC","FI2010 SERVICE TYPES CLIC","FI VAT TAX","","","","","","","","","","","","","","","","","FIN_IMPL","2014/01/14 15:59:23.104","2010/01/01","","2014/01/14 15:59:26.096","EFF145707D0B29E9E0436204548C9304","FIN_IMPL","","","","SEEDED","",""
"FI2010 SUB-SERVICE TYPES CLIC","FI2010 SUB-SERVICE TYPES CLIC","FI VAT TAX","","","","","","","","","","","","","","","","","FIN_IMPL","2014/01/14 15:59:23.138","2010/01/01","","2014/01/14 15:59:26.104","EFF145707D0B29E9E0436204548C9304","FIN_IMPL","","","","SEEDED","",""
"FR VAT PRODUCT LEVEL 1 CLIC","FR VAT PRODUCT LEVEL 1 CLIC","FR VAT TAX","","","","","","","","","","","","","","","","","FIN_IMPL","2014/01/14 15:59:23.17","1954/04/10","","2014/01/14 15:59:26.111","EFF145707D0B29E9E0436204548C9304","FIN_IMPL","","","","","","N"
"FR VAT PRODUCT LEVEL 2 CLIC","FR VAT PRODUCT LEVEL 2 CLIC","FR VAT TAX","","","","","","","","","","","","","","","","","FIN_IMPL","2014/01/14 15:59:23.203","1954/04/10","","2014/01/14 15:59:26.118","EFF145707D0B29E9E0436204548C9304","FIN_IMPL","","","","","","N"
"FR VAT RECOVERY CLIC","FR VAT RECOVERY CLIC","FR VAT TAX","","","","","","","","","","","","","","","","","FIN_IMPL","2014/01/14 15:59:23.237","1954/04/10","","2014/01/14 15:59:26.125","EFF145707D0B29E9E0436204548C9304","FIN_IMPL","","","","","","N"
"FR2010 CLIC","FR2010 CLIC","FR VAT TAX","","","","","","","","","","","","","","","","","FIN_IMPL","2014/01/14 15:59:23.27","2010/01/01","","2014/01/14 15:59:26.132","EFF145707D0B29E9E0436204548C9304","FIN_IMPL","","","","SEEDED","",""
"FR2010 SERVICE TYPES CLIC","FR2010 SERVICE TYPES CLIC","FR VAT TAX","","","","","","","","","","","","","","","","","FIN_IMPL","2014/01/14 15:59:23.307","2010/01/01","","2014/01/14 15:59:26.14","EFF145707D0B29E9E0436204548C9304","FIN_IMPL","","","","SEEDED","",""
"FR2010 SUB-SERVICE TYPES CLIC","FR2010 SUB-SERVICE TYPES CLIC","FR VAT TAX","","","","","","","","","","","","","","","","","FIN_IMPL","2014/01/14 15:59:23.341","2010/01/01","","2014/01/14 15:59:26.149","EFF145707D0B29E9E0436204548C9304","FIN_IMPL","","","","SEEDED","",""
"GB VAT PRODUCT LEVEL 1 CLIC","GB VAT PRODUCT LEVEL 1 CLIC","GB VAT TAX","","","","","","","","","","","","","","","","","FIN_IMPL","2014/01/14 15:59:23.375","1979/06/18","","2014/01/14 15:59:26.156","EFF145707D0B29E9E0436204548C9304","FIN_IMPL","","","","","","N"
"GB VAT PRODUCT LEVEL 2 CLIC","GB VAT PRODUCT LEVEL 2 CLIC","GB VAT TAX","","","","","","","","","","","","","","","","","FIN_IMPL","2014/01/14 15:59:23.412","1979/06/18","","2014/01/14 15:59:26.165","EFF145707D0B29E9E0436204548C9304","FIN_IMPL","","","","","","N"
"GB VAT RECOVERY CLIC","GB VAT RECOVERY CLIC","GB VAT TAX","","","","","","","","","","","","","","","","","FIN_IMPL","2014/01/14 15:59:23.452","1979/06/18","","2014/01/14 15:59:26.178","EFF145707D0B29E9E0436204548C9304","FIN_IMPL","","","","","","N"
"GB2010 CLIC","GB2010 CLIC","GB VAT TAX","","","","","","","","","","","","","","","","","FIN_IMPL","2014/01/14 15:59:23.488","2010/01/01","","2014/01/14 15:59:26.19","EFF145707D0B29E9E0436204548C9304","FIN_IMPL","","","","SEEDED","",""
"GB2010 SERVICE TYPES CLIC","GB2010 SERVICE TYPES CLIC","GB VAT TAX","","","","","","","","","","","","","","","","","FIN_IMPL","2014/01/14 15:59:23.522","2010/01/01","","2014/01/14 15:59:26.198","EFF145707D0B29E9E0436204548C9304","FIN_IMPL","","","","SEEDED","",""
"GB2010 SUB-SERVICE TYPES CLIC","GB2010 SUB-SERVICE TYPES CLIC","GB VAT TAX","","","","","","","","","","","","","","","","","FIN_IMPL","2014/01/14 15:59:23.556","2010/01/01","","2014/01/14 15:59:26.205","EFF145707D0B29E9E0436204548C9304","FIN_IMPL","","","","SEEDED","",""
"GBMTIC CLIC","GBMTIC CLIC","GB VAT TAX","","","","","","","","","","","","","","","","","FIN_IMPL","2014/01/14 15:59:23.591","2007/06/01","","2014/01/14 15:59:26.213","EFF145707D0B29E9E0436204548C9304","FIN_IMPL","","","","SEEDED","",""
"HU VAT PRODUCT LEVEL 1 CLIC","HU VAT PRODUCT LEVEL 1 CLIC","HU VAT TAX","","","","","","","","","","","","","","","","","FIN_IMPL","2014/01/14 15:59:23.625","1988/01/01","","2014/01/14 15:59:26.221","EFF145707D0B29E9E0436204548C9304","FIN_IMPL","","","","","","N"
"HU VAT PRODUCT LEVEL 2 CLIC","HU VAT PRODUCT LEVEL 2 CLIC","HU VAT TAX","","","","","","","","","","","","","","","","","FIN_IMPL","2014/01/14 15:59:23.661","1988/01/01","","2014/01/14 15:59:26.231","EFF145707D0B29E9E0436204548C9304","FIN_IMPL","","","","","","N"
"HU VAT RECOVERY CLIC","HU VAT RECOVERY CLIC","HU VAT TAX","","","","","","","","","","","","","","","","","FIN_IMPL","2014/01/14 15:59:23.697","1988/01/01","","2014/01/14 15:59:26.24","EFF145707D0B29E9E0436204548C9304","FIN_IMPL","","","","","","N"
"HU2010 CLIC","HU2010 CLIC","HU VAT TAX","","","","","","","","","","","","","","","","","FIN_IMPL","2014/01/14 15:59:23.737","2010/01/01","","2014/01/14 15:59:26.249","EFF145707D0B29E9E0436204548C9304","FIN_IMPL","","","","SEEDED","",""
"HU2010 SERVICE TYPES CLIC","HU2010 SERVICE TYPES CLIC","HU VAT TAX","","","","","","","","","","","","","","","","","FIN_IMPL","2014/01/14 15:59:23.796","2010/01/01","","2014/01/14 15:59:26.256","EFF145707D0B29E9E0436204548C9304","FIN_IMPL","","","","SEEDED","",""
"PT VAT PRODUCT LEVEL 1 CLIC","PT VAT PRODUCT LEVEL 1 CLIC","PT VAT TAX","","","","","","","","","","","","","","","","","FIN_IMPL","2014/01/14 15:59:25.033","1986/01/01","","2014/01/14 15:59:26.572","EFF145707D0B29E9E0436204548C9304","FIN_IMPL","","","","","","N"
"PT VAT PRODUCT LEVEL 2 CLIC","PT VAT PRODUCT LEVEL 2 CLIC","PT VAT TAX","","","","","","","","","","","","","","","","","FIN_IMPL","2014/01/14 15:59:25.07","1986/01/01","","2014/01/14 15:59:26.583","EFF145707D0B29E9E0436204548C9304","FIN_IMPL","","","","","","N"
"PT VAT RECOVERY CLIC","PT VAT RECOVERY CLIC","PT VAT TAX","","","","","","","","","","","","","","","","","FIN_IMPL","2014/01/14 15:59:25.109","1986/01/01","","2014/01/14 15:59:26.595","EFF145707D0B29E9E0436204548C9304","FIN_IMPL","","","","","","N"
"PT2010 CLIC","PT2010 CLIC","PT VAT TAX","","","","","","","","","","","","","","","","","FIN_IMPL","2014/01/14 15:59:25.147","2010/01/01","","2014/01/14 15:59:26.608","EFF145707D0B29E9E0436204548C9304","FIN_IMPL","","","","SEEDED","",""
"PT2010 SERVICE TYPES CLIC","PT2010 SERVICE TYPES CLIC","PT VAT TAX","","","","","","","","","","","","","","","","","FIN_IMPL","2014/01/14 15:59:25.186","2010/01/01","","2014/01/14 15:59:26.625","EFF145707D0B29E9E0436204548C9304","FIN_IMPL","","","","SEEDED","",""
"PT2010 SUB-SERVICE TYPES CLIC","PT2010 SUB-SERVICE TYPES CLIC","PT VAT TAX","","","","","","","","","","","","","","","","","FIN_IMPL","2014/01/14 15:59:25.221","2010/01/01","","2014/01/14 15:59:26.642","EFF145707D0B29E9E0436204548C9304","FIN_IMPL","","","","SEEDED","",""
"SE VAT PRODUCT LEVEL 1 CLIC","SE VAT PRODUCT LEVEL 1 CLIC","SE VAT TAX","","","","","","","","","","","","","","","","","FIN_IMPL","2014/01/14 15:59:25.257","1969/01/01","","2014/01/14 15:59:26.654","EFF145707D0B29E9E0436204548C9304","FIN_IMPL","","","","","","N"
"SE VAT PRODUCT LEVEL 2 CLIC","SE VAT PRODUCT LEVEL 2 CLIC","SE VAT TAX","","","","","","","","","","","","","","","","","FIN_IMPL","2014/01/14 15:59:25.294","1969/01/01","","2014/01/14 15:59:26.668","EFF145707D0B29E9E0436204548C9304","FIN_IMPL","","","","","","N"
"SE VAT RECOVERY CLIC","SE VAT RECOVERY CLIC","SE VAT TAX","","","","","","","","","","","","","","","","","FIN_IMPL","2014/01/14 15:59:25.333","1969/01/01","","2014/01/14 15:59:26.682","EFF145707D0B29E9E0436204548C9304","FIN_IMPL","","","","","","N"
"SE2010 CLIC","SE2010 CLIC","SE VAT TAX","","","","","","","","","","","","","","","","","FIN_IMPL","2014/01/14 15:59:25.375","2010/01/01","","2014/01/14 15:59:26.692","EFF145707D0B29E9E0436204548C9304","FIN_IMPL","","","","SEEDED","",""
"SE2010 SERVICE TYPES CLIC","SE2010 SERVICE TYPES CLIC","SE VAT TAX","","","","","","","","","","","","","","","","","FIN_IMPL","2014/01/14 15:59:25.413","2010/01/01","","2014/01/14 15:59:26.702","EFF145707D0B29E9E0436204548C9304","FIN_IMPL","","","","SEEDED","",""
"SE2010 SUB-SERVICE TYPES CLIC","SE2010 SUB-SERVICE TYPES CLIC","SE VAT TAX","","","","","","","","","","","","","","","","","FIN_IMPL","2014/01/14 15:59:25.452","2010/01/01","","2014/01/14 15:59:26.715","EFF145707D0B29E9E0436204548C9304","FIN_IMPL","","","","SEEDED","",""
"SK VAT PRODUCT LEVEL 1 CLIC","SK VAT PRODUCT LEVEL 1 CLIC","SK VAT TAX","","","","","","","","","","","","","","","","","FIN_IMPL","2014/01/14 15:59:25.49","1993/01/03","","2014/01/14 15:59:26.73","EFF145707D0B29E9E0436204548C9304","FIN_IMPL","","","","","","N"
"SK VAT PRODUCT LEVEL 2 CLIC","SK VAT PRODUCT LEVEL 2 CLIC","SK VAT TAX","","","","","","","","","","","","","","","","","FIN_IMPL","2014/01/14 15:59:25.53","1993/01/03","","2014/01/14 15:59:26.744","EFF145707D0B29E9E0436204548C9304","FIN_IMPL","","","","","","N"
"SK VAT RECOVERY CLIC","SK VAT RECOVERY CLIC","SK VAT TAX","","","","","","","","","","","","","","","","","FIN_IMPL","2014/01/14 15:59:25.567","1993/01/03","","2014/01/14 15:59:26.758","EFF145707D0B29E9E0436204548C9304","FIN_IMPL","","","","","","N"
"SK2010 CLIC","SK2010 CLIC","SK VAT TAX","","","","","","","","","","","","","","","","","FIN_IMPL","2014/01/14 15:59:25.603","2010/01/01","","2014/01/14 15:59:26.77","EFF145707D0B29E9E0436204548C9304","FIN_IMPL","","","","SEEDED","",""
"SK2010 SERVICE TYPES CLIC","SK2010 SERVICE TYPES CLIC","SK VAT TAX","","","","","","","","","","","","","","","","","FIN_IMPL","2014/01/14 15:59:25.64","2010/01/01","","2014/01/14 15:59:26.784","EFF145707D0B29E9E0436204548C9304","FIN_IMPL","","","","SEEDED","",""
"SK2010 SUB-SERVICE TYPES CLIC","SK2010 SUB-SERVICE TYPES CLIC","SK VAT TAX","","","","","","","","","","","","","","","","","FIN_IMPL","2014/01/14 15:59:25.684","2010/01/01","","2014/01/14 15:59:26.797","EFF145707D0B29E9E0436204548C9304","FIN_IMPL","","","","SEEDED","",""
"CH VAT PRODUCT LEVEL 1 CLIC","CH VAT PRODUCT LEVEL 1 CLIC","CH VAT TAX","","","","","","","","","","","","","","","","","FIN_IMPL","2019/11/29 09:23:13.027","1989/12/25","","2019/11/29 09:24:00.514","9878CA3FC6BD1A62E053C390DF0A7240","FIN_IMPL","","","","USER_DEFINED","",""
"CH VAT PRODUCT LEVEL 2 CLIC","CH VAT PRODUCT LEVEL 2 CLIC","CH VAT TAX","","","","","","","","","","","","","","","","","FIN_IMPL","2019/11/29 09:23:48.2","1989/12/25","","2019/11/29 09:24:00.52","9878CA3FC6BD1A62E053C390DF0A7240","FIN_IMPL","","","","USER_DEFINED","",""
"GST_RATE","GST_RATE","India GST","","","","","","","","","","","","","","","","","FIN_IMPL","2019/12/04 11:07:19.097","2017/01/01","","2019/12/04 11:08:07.11","98DF663A1B0D78ABE053C390DF0A87D3","FIN_IMPL","","","","USER_DEFINED","",""
"HU2010 SUB-SERVICE TYPES CLIC","HU2010 SUB-SERVICE TYPES CLIC","HU VAT TAX","","","","","","","","","","","","","","","","","FIN_IMPL","2014/01/14 15:59:23.826","2010/01/01","","2014/01/14 15:59:26.265","EFF145707D0B29E9E0436204548C9304","FIN_IMPL","","","","SEEDED","",""
"IE VAT PRODUCT LEVEL 1 CLIC","IE VAT PRODUCT LEVEL 1 CLIC","IE VAT TAX","","","","","","","","","","","","","","","","","FIN_IMPL","2014/01/14 15:59:23.858","1972/11/01","","2014/01/14 15:59:26.273","EFF145707D0B29E9E0436204548C9304","FIN_IMPL","","","","","","N"
"IE VAT PRODUCT LEVEL 2 CLIC","IE VAT PRODUCT LEVEL 2 CLIC","IE VAT TAX","","","","","","","","","","","","","","","","","FIN_IMPL","2014/01/14 15:59:23.893","1972/11/01","","2014/01/14 15:59:26.282","EFF145707D0B29E9E0436204548C9304","FIN_IMPL","","","","","","N"
"IE VAT RECOVERY CLIC","IE VAT RECOVERY CLIC","IE VAT TAX","","","","","","","","","","","","","","","","","FIN_IMPL","2014/01/14 15:59:23.925","1972/11/01","","2014/01/14 15:59:26.291","EFF145707D0B29E9E0436204548C9304","FIN_IMPL","","","","","","N"
"IE2010 CLIC","IE2010 CLIC","IE VAT TAX","","","","","","","","","","","","","","","","","FIN_IMPL","2014/01/14 15:59:23.956","2010/01/01","","2014/01/14 15:59:26.3","EFF145707D0B29E9E0436204548C9304","FIN_IMPL","","","","SEEDED","",""
"IE2010 SERVICE TYPES CLIC","IE2010 SERVICE TYPES CLIC","IE VAT TAX","","","","","","","","","","","","","","","","","FIN_IMPL","2014/01/14 15:59:23.987","2010/01/01","","2014/01/14 15:59:26.311","EFF145707D0B29E9E0436204548C9304","FIN_IMPL","","","","SEEDED","",""
"IE2010 SUB-SERVICE TYPES CLIC","IE2010 SUB-SERVICE TYPES CLIC","IE VAT TAX","","","","","","","","","","","","","","","","","FIN_IMPL","2014/01/14 15:59:24.026","2010/01/01","","2014/01/14 15:59:26.319","EFF145707D0B29E9E0436204548C9304","FIN_IMPL","","","","SEEDED","",""
"IT VAT PRODUCT LEVEL 1 CLIC","IT VAT PRODUCT LEVEL 1 CLIC","IT VAT TAX","","","","","","","","","","","","","","","","","FIN_IMPL","2014/01/14 15:59:24.061","1973/01/01","","2014/01/14 15:59:26.329","EFF145707D0B29E9E0436204548C9304","FIN_IMPL","","","","","","N"
"IT VAT PRODUCT LEVEL 2 CLIC","IT VAT PRODUCT LEVEL 2 CLIC","IT VAT TAX","","","","","","","","","","","","","","","","","FIN_IMPL","2014/01/14 15:59:24.102","1973/01/01","","2014/01/14 15:59:26.34","EFF145707D0B29E9E0436204548C9304","FIN_IMPL","","","","","","N"
"IT VAT RECOVERY CLIC","IT VAT RECOVERY CLIC","IT VAT TAX","","","","","","","","","","","","","","","","","FIN_IMPL","2014/01/14 15:59:24.141","1973/01/01","","2014/01/14 15:59:26.349","EFF145707D0B29E9E0436204548C9304","FIN_IMPL","","","","","","N"
"IT2010 CLIC","IT2010 CLIC","IT VAT TAX","","","","","","","","","","","","","","","","","FIN_IMPL","2014/01/14 15:59:24.176","2010/01/01","","2014/01/14 15:59:26.357","EFF145707D0B29E9E0436204548C9304","FIN_IMPL","","","","SEEDED","",""
"IT2010 SERVICE TYPES CLIC","IT2010 SERVICE TYPES CLIC","IT VAT TAX","","","","","","","","","","","","","","","","","FIN_IMPL","2014/01/14 15:59:24.214","2010/01/01","","2014/01/14 15:59:26.366","EFF145707D0B29E9E0436204548C9304","FIN_IMPL","","","","SEEDED","",""
"IT2010 SUB-SERVICE TYPES CLIC","IT2010 SUB-SERVICE TYPES CLIC","IT VAT TAX","","","","","","","","","","","","","","","","","FIN_IMPL","2014/01/14 15:59:24.257","2010/01/01","","2014/01/14 15:59:26.374","EFF145707D0B29E9E0436204548C9304","FIN_IMPL","","","","SEEDED","",""
"LU VAT PRODUCT LEVEL 1 CLIC","LU VAT PRODUCT LEVEL 1 CLIC","LU VAT TAX","","","","","","","","","","","","","","","","","FIN_IMPL","2014/01/14 15:59:24.297","1970/01/01","","2014/01/14 15:59:26.382","EFF145707D0B29E9E0436204548C9304","FIN_IMPL","","","","","","N"
"LU VAT PRODUCT LEVEL 2 CLIC","LU VAT PRODUCT LEVEL 2 CLIC","LU VAT TAX","","","","","","","","","","","","","","","","","FIN_IMPL","2014/01/14 15:59:24.332","1970/01/01","","2014/01/14 15:59:26.391","EFF145707D0B29E9E0436204548C9304","FIN_IMPL","","","","","","N"
"LU VAT RECOVERY CLIC","LU VAT RECOVERY CLIC","LU VAT TAX","","","","","","","","","","","","","","","","","FIN_IMPL","2014/01/14 15:59:24.369","1970/01/01","","2014/01/14 15:59:26.4","EFF145707D0B29E9E0436204548C9304","FIN_IMPL","","","","","","N"
"LU2010 CLIC","LU2010 CLIC","LU VAT TAX","","","","","","","","","","","","","","","","","FIN_IMPL","2014/01/14 15:59:24.412","2010/01/01","","2014/01/14 15:59:26.409","EFF145707D0B29E9E0436204548C9304","FIN_IMPL","","","","SEEDED","",""
"LU2010 SERVICE TYPES CLIC","LU2010 SERVICE TYPES CLIC","LU VAT TAX","","","","","","","","","","","","","","","","","FIN_IMPL","2014/01/14 15:59:24.449","2010/01/01","","2014/01/14 15:59:26.418","EFF145707D0B29E9E0436204548C9304","FIN_IMPL","","","","SEEDED","",""
"LU2010 SUB-SERVICE TYPES CLIC","LU2010 SUB-SERVICE TYPES CLIC","LU VAT TAX","","","","","","","","","","","","","","","","","FIN_IMPL","2014/01/14 15:59:24.489","2010/01/01","","2014/01/14 15:59:26.427","EFF145707D0B29E9E0436204548C9304","FIN_IMPL","","","","SEEDED","",""
"NL VAT PRODUCT LEVEL 1 CLIC","NL VAT PRODUCT LEVEL 1 CLIC","NL VAT TAX","","","","","","","","","","","","","","","","","FIN_IMPL","2014/01/14 15:59:24.531","1969/01/01","","2014/01/14 15:59:26.44","EFF145707D0B29E9E0436204548C9304","FIN_IMPL","","","","","","N"
"NL VAT PRODUCT LEVEL 2 CLIC","NL VAT PRODUCT LEVEL 2 CLIC","NL VAT TAX","","","","","","","","","","","","","","","","","FIN_IMPL","2014/01/14 15:59:24.574","1969/01/01","","2014/01/14 15:59:26.453","EFF145707D0B29E9E0436204548C9304","FIN_IMPL","","","","","","N"
"NL VAT RECOVERY CLIC","NL VAT RECOVERY CLIC","NL VAT TAX","","","","","","","","","","","","","","","","","FIN_IMPL","2014/01/14 15:59:24.617","1969/01/01","","2014/01/14 15:59:26.465","EFF145707D0B29E9E0436204548C9304","FIN_IMPL","","","","","","N"
"NL2010 CLIC","NL2010 CLIC","NL VAT TAX","","","","","","","","","","","","","","","","","FIN_IMPL","2014/01/14 15:59:24.655","2010/01/01","","2014/01/14 15:59:26.479","EFF145707D0B29E9E0436204548C9304","FIN_IMPL","","","","SEEDED","",""
"NL2010 SERVICE TYPES CLIC","NL2010 SERVICE TYPES CLIC","NL VAT TAX","","","","","","","","","","","","","","","","","FIN_IMPL","2014/01/14 15:59:24.696","2010/01/01","","2014/01/14 15:59:26.49","EFF145707D0B29E9E0436204548C9304","FIN_IMPL","","","","SEEDED","",""
"NL2010 SUB-SERVICE TYPES CLIC","NL2010 SUB-SERVICE TYPES CLIC","NL VAT TAX","","","","","","","","","","","","","","","","","FIN_IMPL","2014/01/14 15:59:24.754","2010/01/01","","2014/01/14 15:59:26.498","EFF145707D0B29E9E0436204548C9304","FIN_IMPL","","","","SEEDED","",""
"PL VAT PRODUCT LEVEL 1 CLIC","PL VAT PRODUCT LEVEL 1 CLIC","PL VAT TAX","","","","","","","","","","","","","","","","","FIN_IMPL","2014/01/14 15:59:24.798","1993/05/07","","2014/01/14 15:59:26.507","EFF145707D0B29E9E0436204548C9304","FIN_IMPL","","","","","","N"
"PL VAT PRODUCT LEVEL 2 CLIC","PL VAT PRODUCT LEVEL 2 CLIC","PL VAT TAX","","","","","","","","","","","","","","","","","FIN_IMPL","2014/01/14 15:59:24.861","1993/05/07","","2014/01/14 15:59:26.517","EFF145707D0B29E9E0436204548C9304","FIN_IMPL","","","","","","N"
"PL VAT RECOVERY CLIC","PL VAT RECOVERY CLIC","PL VAT TAX","","","","","","","","","","","","","","","","","FIN_IMPL","2014/01/14 15:59:24.895","1993/05/07","","2014/01/14 15:59:26.53","EFF145707D0B29E9E0436204548C9304","FIN_IMPL","","","","","","N"
"PL2010 CLIC","PL2010 CLIC","PL VAT TAX","","","","","","","","","","","","","","","","","FIN_IMPL","2014/01/14 15:59:24.932","2010/01/01","","2014/01/14 15:59:26.54","EFF145707D0B29E9E0436204548C9304","FIN_IMPL","","","","SEEDED","",""
"PL2010 SERVICE TYPES CLIC","PL2010 SERVICE TYPES CLIC","PL VAT TAX","","","","","","","","","","","","","","","","","FIN_IMPL","2014/01/14 15:59:24.965","2010/01/01","","2014/01/14 15:59:26.548","EFF145707D0B29E9E0436204548C9304","FIN_IMPL","","","","SEEDED","",""
"PL2010 SUB-SERVICE TYPES CLIC","PL2010 SUB-SERVICE TYPES CLIC","PL VAT TAX","","","","","","","","","","","","","","","","","FIN_IMPL","2014/01/14 15:59:25.0","2010/01/01","","2014/01/14 15:59:26.558","EFF145707D0B29E9E0436204548C9304","FIN_IMPL","","","","SEEDED","",""
"AT VAT PRODUCT LEVEL 1 CLIC","AT VAT PRODUCT LEVEL 1 CLIC","AT VAT TAX","","","","","","","","","","","","","","","","","FIN_IMPL","2014/01/14 15:59:21.07","1973/01/01","","2014/01/14 15:59:25.735","EFF145707D0B29E9E0436204548C9304","FIN_IMPL","","","","","","N"
"AT VAT PRODUCT LEVEL 2 CLIC","AT VAT PRODUCT LEVEL 2 CLIC","AT VAT TAX","","","","","","","","","","","","","","","","","FIN_IMPL","2014/01/14 15:59:21.712","1973/01/01","","2014/01/14 15:59:25.745","EFF145707D0B29E9E0436204548C9304","FIN_IMPL","","","","","","N"
"AT VAT RECOVERY CLIC","AT VAT RECOVERY CLIC","AT VAT TAX","","","","","","","","","","","","","","","","","FIN_IMPL","2014/01/14 15:59:21.747","1973/01/01","","2014/01/14 15:59:25.753","EFF145707D0B29E9E0436204548C9304","FIN_IMPL","","","","","","N"
"AT2010 CLIC","AT2010 CLIC","AT VAT TAX","","","","","","","","","","","","","","","","","FIN_IMPL","2014/01/14 15:59:21.777","2010/01/01","","2014/01/14 15:59:25.763","EFF145707D0B29E9E0436204548C9304","FIN_IMPL","","","","SEEDED","",""
"AT2010 SERVICE TYPES CLIC","AT2010 SERVICE TYPES CLIC","AT VAT TAX","","","","","","","","","","","","","","","","","FIN_IMPL","2014/01/14 15:59:21.807","2010/01/01","","2014/01/14 15:59:25.771","EFF145707D0B29E9E0436204548C9304","FIN_IMPL","","","","SEEDED","",""
"AT2010 SUB-SERVICE TYPES CLIC","AT2010 SUB-SERVICE TYPES CLIC","AT VAT TAX","","","","","","","","","","","","","","","","","FIN_IMPL","2014/01/14 15:59:21.834","2010/01/01","","2014/01/14 15:59:25.78","EFF145707D0B29E9E0436204548C9304","FIN_IMPL","","","","SEEDED","",""
"BE VAT PRODUCT LEVEL 1 CLIC","BE VAT PRODUCT LEVEL 1 CLIC","BE VAT TAX","","","","","","","","","","","","","","","","","FIN_IMPL","2014/01/14 15:59:21.862","1971/01/01","","2014/01/14 15:59:25.788","EFF145707D0B29E9E0436204548C9304","FIN_IMPL","","","","","","N"
"BE VAT PRODUCT LEVEL 2 CLIC","BE VAT PRODUCT LEVEL 2 CLIC","BE VAT TAX","","","","","","","","","","","","","","","","","FIN_IMPL","2014/01/14 15:59:21.895","1971/01/01","","2014/01/14 15:59:25.797","EFF145707D0B29E9E0436204548C9304","FIN_IMPL","","","","","","N"
"BE VAT RECOVERY CLIC","BE VAT RECOVERY CLIC","BE VAT TAX","","","","","","","","","","","","","","","","","FIN_IMPL","2014/01/14 15:59:21.927","1971/01/01","","2014/01/14 15:59:25.806","EFF145707D0B29E9E0436204548C9304","FIN_IMPL","","","","","","N"
"BE2010 CLIC","BE2010 CLIC","BE VAT TAX","","","","","","","","","","","","","","","","","FIN_IMPL","2014/01/14 15:59:21.957","2010/01/01","","2014/01/14 15:59:25.814","EFF145707D0B29E9E0436204548C9304","FIN_IMPL","","","","SEEDED","",""
"BE2010 SERVICE TYPES CLIC","BE2010 SERVICE TYPES CLIC","BE VAT TAX","","","","","","","","","","","","","","","","","FIN_IMPL","2014/01/14 15:59:21.992","2010/01/01","","2014/01/14 15:59:25.823","EFF145707D0B29E9E0436204548C9304","FIN_IMPL","","","","SEEDED","",""
"BE2010 SUB-SERVICE TYPES CLIC","BE2010 SUB-SERVICE TYPES CLIC","BE VAT TAX","","","","","","","","","","","","","","","","","FIN_IMPL","2014/01/14 15:59:22.028","2010/01/01","","2014/01/14 15:59:25.833","EFF145707D0B29E9E0436204548C9304","FIN_IMPL","","","","SEEDED","",""
"CZ VAT PRODUCT LEVEL 1 CLIC","CZ VAT PRODUCT LEVEL 1 CLIC","CZ VAT TAX","","","","","","","","","","","","","","","","","FIN_IMPL","2014/01/14 15:59:22.062","1993/01/01","","2014/01/14 15:59:25.841","EFF145707D0B29E9E0436204548C9304","FIN_IMPL","","","","","","N"
"CZ VAT PRODUCT LEVEL 2 CLIC","CZ VAT PRODUCT LEVEL 2 CLIC","CZ VAT TAX","","","","","","","","","","","","","","","","","FIN_IMPL","2014/01/14 15:59:22.098","1993/01/01","","2014/01/14 15:59:25.851","EFF145707D0B29E9E0436204548C9304","FIN_IMPL","","","","","","N"
"CZ VAT RECOVERY CLIC","CZ VAT RECOVERY CLIC","CZ VAT TAX","","","","","","","","","","","","","","","","","FIN_IMPL","2014/01/14 15:59:22.13","1993/01/01","","2014/01/14 15:59:25.86","EFF145707D0B29E9E0436204548C9304","FIN_IMPL","","","","","","N"
"CZ2010 CLIC","CZ2010 CLIC","CZ VAT TAX","","","","","","","","","","","","","","","","","FIN_IMPL","2014/01/14 15:59:22.161","2010/01/01","","2014/01/14 15:59:25.869","EFF145707D0B29E9E0436204548C9304","FIN_IMPL","","","","SEEDED","",""
"CZ2010 SERVICE TYPES CLIC","CZ2010 SERVICE TYPES CLIC","CZ VAT TAX","","","","","","","","","","","","","","","","","FIN_IMPL","2014/01/14 15:59:22.198","2010/01/01","","2014/01/14 15:59:25.906","EFF145707D0B29E9E0436204548C9304","FIN_IMPL","","","","SEEDED","",""
"CZ2010 SUB-SERVICE TYPES CLIC","CZ2010 SUB-SERVICE TYPES CLIC","CZ VAT TAX","","","","","","","","","","","","","","","","","FIN_IMPL","2014/01/14 15:59:22.231","2010/01/01","","2014/01/14 15:59:25.914","EFF145707D0B29E9E0436204548C9304","FIN_IMPL","","","","SEEDED","",""
"DE VAT PRODUCT LEVEL 1 CLIC","DE VAT PRODUCT LEVEL 1 CLIC","DE VAT TAX","","","","","","","","","","","","","","","","","FIN_IMPL","2014/01/14 15:59:22.262","1968/01/01","","2014/01/14 15:59:25.921","EFF145707D0B29E9E0436204548C9304","FIN_IMPL","","","","","","N"
"DE VAT PRODUCT LEVEL 2 CLIC","DE VAT PRODUCT LEVEL 2 CLIC","DE VAT TAX","","","","","","","","","","","","","","","","","FIN_IMPL","2014/01/14 15:59:22.297","1968/01/01","","2014/01/14 15:59:25.927","EFF145707D0B29E9E0436204548C9304","FIN_IMPL","","","","","","N"
"DE VAT RECOVERY CLIC","DE VAT RECOVERY CLIC","DE VAT TAX","","","","","","","","","","","","","","","","","FIN_IMPL","2014/01/14 15:59:22.337","1968/01/01","","2014/01/14 15:59:25.934","EFF145707D0B29E9E0436204548C9304","FIN_IMPL","","","","","","N"
"DE2010 CLIC","DE2010 CLIC","DE VAT TAX","","","","","","","","","","","","","","","","","FIN_IMPL","2014/01/14 15:59:22.371","2010/01/01","","2014/01/14 15:59:25.942","EFF145707D0B29E9E0436204548C9304","FIN_IMPL","","","","SEEDED","",""
"DE2010 SERVICE TYPES CLIC","DE2010 SERVICE TYPES CLIC","DE VAT TAX","","","","","","","","","","","","","","","","","FIN_IMPL","2014/01/14 15:59:22.411","2010/01/01","","2014/01/14 15:59:25.95","EFF145707D0B29E9E0436204548C9304","FIN_IMPL","","","","SEEDED","",""
"DE2010 SUB-SERVICE TYPES CLIC","DE2010 SUB-SERVICE TYPES CLIC","DE VAT TAX","","","","","","","","","","","","","","","","","FIN_IMPL","2014/01/14 15:59:22.449","2010/01/01","","2014/01/14 15:59:25.957","EFF145707D0B29E9E0436204548C9304","FIN_IMPL","","","","SEEDED","",""
"DK VAT PRODUCT LEVEL 1 CLIC","DK VAT PRODUCT LEVEL 1 CLIC","DK VAT TAX","","","","","","","","","","","","","","","","","FIN_IMPL","2014/01/14 15:59:22.496","1967/07/03","","2014/01/14 15:59:25.965","EFF145707D0B29E9E0436204548C9304","FIN_IMPL","","","","","","N"
"DK VAT PRODUCT LEVEL 2 CLIC","DK VAT PRODUCT LEVEL 2 CLIC","DK VAT TAX","","","","","","","","","","","","","","","","","FIN_IMPL","2014/01/14 15:59:22.548","1967/07/03","","2014/01/14 15:59:25.973","EFF145707D0B29E9E0436204548C9304","FIN_IMPL","","","","","","N"
"DK VAT RECOVERY CLIC","DK VAT RECOVERY CLIC","DK VAT TAX","","","","","","","","","","","","","","","","","FIN_IMPL","2014/01/14 15:59:22.592","1967/07/03","","2014/01/14 15:59:25.98","EFF145707D0B29E9E0436204548C9304","FIN_IMPL","","","","","","N"
"DK2010 CLIC","DK2010 CLIC","DK VAT TAX","","","","","","","","","","","","","","","","","FIN_IMPL","2014/01/14 15:59:22.63","2010/01/01","","2014/01/14 15:59:25.987","EFF145707D0B29E9E0436204548C9304","FIN_IMPL","","","","SEEDED","",""
"DK2010 SERVICE TYPES CLIC","DK2010 SERVICE TYPES CLIC","DK VAT TAX","","","","","","","","","","","","","","","","","FIN_IMPL","2014/01/14 15:59:22.666","2010/01/01","","2014/01/14 15:59:25.996","EFF145707D0B29E9E0436204548C9304","FIN_IMPL","","","","SEEDED","",""
"DK2010 SUB-SERVICE TYPES CLIC","DK2010 SUB-SERVICE TYPES CLIC","DK VAT TAX","","","","","","","","","","","","","","","","","FIN_IMPL","2014/01/14 15:59:22.745","2010/01/01","","2014/01/14 15:59:26.006","EFF145707D0B29E9E0436204548C9304","FIN_IMPL","","","","SEEDED","",""
"ES VAT PRODUCT LEVEL 1 CLIC","ES VAT PRODUCT LEVEL 1 CLIC","ES VAT TAX","","","","","","","","","","","","","","","","","FIN_IMPL","2014/01/14 15:59:22.779","1986/01/01","","2014/01/14 15:59:26.016","EFF145707D0B29E9E0436204548C9304","FIN_IMPL","","","","","","N"
