"ORA_INTENDED_USE_FISCAL_CLASSIFICATION_TYPE.ClassificationTypeCode","ClassificationTypeName","CreatedBy","CreationDate","Language","LastUpdateDate","LastUpdateLogin","LastUpdatedBy","SourceLang"
"INTENDED_USE","Intended Use","SEED_DATA_FROM_APPLICATION","2013/08/08 06:56:06.779","US","2023/02/15 06:03:07.050477","-1","SEED_DATA_FROM_APPLICATION","US"
"INTENDED_USE","غرض الاستخدام","SEED_DATA_FROM_APPLICATION","2013/08/08 06:56:06.779","AR","2014/09/10 16:50:46.335249","-1","SEED_DATA_FROM_APPLICATION","AR"
"INTENDED_USE","Zamýšlené použití","SEED_DATA_FROM_APPLICATION","2013/08/08 06:56:06.779","CS","2014/09/10 18:11:52.645265","-1","SEED_DATA_FROM_APPLICATION","CS"
"INTENDED_USE","Påtænkt anvendelse","SEED_DATA_FROM_APPLICATION","2013/08/08 06:56:06.779","DK","2014/09/10 19:20:51.395357","-1","SEED_DATA_FROM_APPLICATION","DK"
"INTENDED_USE","Beabsichtigte Verwendung","SEED_DATA_FROM_APPLICATION","2013/08/08 06:56:06.779","D","2014/09/11 00:46:28.131413","-1","SEED_DATA_FROM_APPLICATION","D"
"INTENDED_USE","Finalidad","SEED_DATA_FROM_APPLICATION","2013/08/08 06:56:06.779","E","2014/09/11 02:26:50.207144","-1","SEED_DATA_FROM_APPLICATION","E"
"INTENDED_USE","Suunniteltu käyttö","SEED_DATA_FROM_APPLICATION","2013/08/08 06:56:06.779","SF","2014/09/11 03:23:43.818611","-1","SEED_DATA_FROM_APPLICATION","SF"
"INTENDED_USE","Utilisation prévue","SEED_DATA_FROM_APPLICATION","2013/08/08 06:56:06.779","F","2014/09/11 04:45:10.633956","-1","SEED_DATA_FROM_APPLICATION","F"
"INTENDED_USE","Utilisation projetée","SEED_DATA_FROM_APPLICATION","2013/08/08 06:56:06.779","FRC","2014/09/11 06:01:45.84305","-1","SEED_DATA_FROM_APPLICATION","FRC"
"INTENDED_USE","Rendeltetés","SEED_DATA_FROM_APPLICATION","2013/08/08 06:56:06.779","HU","2014/09/11 08:25:55.604508","-1","SEED_DATA_FROM_APPLICATION","HU"
"INTENDED_USE","Uso previsto","SEED_DATA_FROM_APPLICATION","2013/08/08 06:56:06.779","I","2014/09/11 10:26:06.668303","-1","SEED_DATA_FROM_APPLICATION","I"
"INTENDED_USE","שימוש מיועד","SEED_DATA_FROM_APPLICATION","2013/08/08 06:56:06.779","IW","2014/09/11 12:01:39.717577","-1","SEED_DATA_FROM_APPLICATION","IW"
"INTENDED_USE","主用途","SEED_DATA_FROM_APPLICATION","2013/08/08 06:56:06.779","JA","2014/09/11 12:46:45.281645","-1","SEED_DATA_FROM_APPLICATION","JA"
"INTENDED_USE","용도","SEED_DATA_FROM_APPLICATION","2013/08/08 06:56:06.779","KO","2014/09/11 13:40:32.554739","-1","SEED_DATA_FROM_APPLICATION","KO"
"INTENDED_USE","Beoogd gebruik","SEED_DATA_FROM_APPLICATION","2013/08/08 06:56:06.779","NL","2014/09/11 14:36:47.662049","-1","SEED_DATA_FROM_APPLICATION","NL"
"INTENDED_USE","Tiltenkt bruk","SEED_DATA_FROM_APPLICATION","2013/08/08 06:56:06.779","N","2014/09/11 15:51:32.422659","-1","SEED_DATA_FROM_APPLICATION","N"
"INTENDED_USE","Planowane użycie","SEED_DATA_FROM_APPLICATION","2013/08/08 06:56:06.779","PL","2014/09/11 17:36:10.13888","-1","SEED_DATA_FROM_APPLICATION","PL"
"INTENDED_USE","Uso Pretendido","SEED_DATA_FROM_APPLICATION","2013/08/08 06:56:06.779","PTB","2014/09/11 19:03:56.905387","-1","SEED_DATA_FROM_APPLICATION","PTB"
"INTENDED_USE","Destinaţie utilizare","SEED_DATA_FROM_APPLICATION","2013/08/08 06:56:06.779","RO","2014/09/11 20:56:49.092987","-1","SEED_DATA_FROM_APPLICATION","RO"
"INTENDED_USE","Предполагаемое использование","SEED_DATA_FROM_APPLICATION","2013/08/08 06:56:06.779","RU","2014/09/11 22:16:35.137204","-1","SEED_DATA_FROM_APPLICATION","RU"
"INTENDED_USE","Avsedd användning","SEED_DATA_FROM_APPLICATION","2013/08/08 06:56:06.779","S","2014/09/11 23:23:42.394762","-1","SEED_DATA_FROM_APPLICATION","S"
"INTENDED_USE","Kullanım Amacı","SEED_DATA_FROM_APPLICATION","2013/08/08 06:56:06.779","TR","2014/09/12 01:43:03.855024","-1","SEED_DATA_FROM_APPLICATION","TR"
"INTENDED_USE","预期用途","SEED_DATA_FROM_APPLICATION","2013/08/08 06:56:06.779","ZHS","2014/09/12 03:00:20.064034","-1","SEED_DATA_FROM_APPLICATION","ZHS"
"INTENDED_USE","預定用途","SEED_DATA_FROM_APPLICATION","2013/08/08 06:56:06.779","ZHT","2020/06/24 08:50:27.572604","-1","SEED_DATA_FROM_APPLICATION","ZHT"
"INTENDED_USE","การใช้ตามวัตถุประสงค์","SEED_DATA_FROM_APPLICATION","2013/08/08 06:56:06.779","TH","2017/03/23 12:12:10.713379","-1","SEED_DATA_FROM_APPLICATION","TH"
"INTENDED_USE","Intended Use","SEED_DATA_FROM_APPLICATION","2013/08/08 06:56:06.779","EL","2013/08/08 06:56:06.783","-1","SEED_DATA_FROM_APPLICATION","US"
"INTENDED_USE","Intended Use","SEED_DATA_FROM_APPLICATION","2013/08/08 06:56:06.779","ESA","2013/08/08 06:56:06.783","-1","SEED_DATA_FROM_APPLICATION","US"
"INTENDED_USE","Intended Use","SEED_DATA_FROM_APPLICATION","2013/08/08 06:56:06.779","HR","2013/08/08 06:56:06.783","-1","SEED_DATA_FROM_APPLICATION","US"
"INTENDED_USE","Intended Use","SEED_DATA_FROM_APPLICATION","2013/08/08 06:56:06.779","IS","2013/08/08 06:56:06.783","-1","SEED_DATA_FROM_APPLICATION","US"
"INTENDED_USE","Intended Use","SEED_DATA_FROM_APPLICATION","2013/08/08 06:56:06.779","LT","2013/08/08 06:56:06.783","-1","SEED_DATA_FROM_APPLICATION","US"
"INTENDED_USE","Intended Use","SEED_DATA_FROM_APPLICATION","2013/08/08 06:56:06.779","PT","2013/08/08 06:56:06.783","-1","SEED_DATA_FROM_APPLICATION","US"
"INTENDED_USE","Intended Use","SEED_DATA_FROM_APPLICATION","2013/08/08 06:56:06.779","SK","2013/08/08 06:56:06.783","-1","SEED_DATA_FROM_APPLICATION","US"
"INTENDED_USE","Intended Use","SEED_DATA_FROM_APPLICATION","2013/08/08 06:56:06.779","SL","2013/08/08 06:56:06.783","-1","SEED_DATA_FROM_APPLICATION","US"
"INTENDED_USE","Intended Use","SEED_DATA_FROM_APPLICATION","2013/08/08 06:56:06.779","ET","2013/08/08 06:56:06.783","-1","SEED_DATA_FROM_APPLICATION","US"
"INTENDED_USE","Intended Use","SEED_DATA_FROM_APPLICATION","2013/08/08 06:56:06.779","LV","2013/08/08 06:56:06.783","-1","SEED_DATA_FROM_APPLICATION","US"
