"ORA_INTENDED_USE_FISCAL_CLASSIFICATION_TYPE.ClassificationTypeCode","ORA_ZX_DENORM_FISCAL_CLASS_CODE.ClassificationTypeCode","ORA_ZX_DENORM_FISCAL_CLASS_CODE.ClassificationCode","AncestorName","ClassificationName","ClassificationTypeName","ConcatClassifName","CreatedBy","CreationDate","Language","LastUpdateDate","LastUpdateLogin","LastUpdatedBy","Segment10Name","Segment1Name","Segment2Name","Segment3Name","Segment4Name","Segment5Name","Segment6Name","Segment7Name","Segment8Name","Segment9Name","SourceLang"
"INTENDED_USE","INTENDED_USE","IP","","Inputs","Intended Use","Inputs","SEED_DATA_FROM_APPLICATION","2018/05/23 17:09:51.119","AR","2018/05/23 17:09:51.149","-1","SEED_DATA_FROM_APPLICATION","","Inputs","","","","","","","","","US"
"INTENDED_USE","INTENDED_USE","IP","","Inputs","Intended Use","Inputs","SEED_DATA_FROM_APPLICATION","2018/05/23 17:09:51.119","CS","2018/05/23 17:09:51.172","-1","SEED_DATA_FROM_APPLICATION","","Inputs","","","","","","","","","US"
"INTENDED_USE","INTENDED_USE","IP","","Inputs","Intended Use","Inputs","SEED_DATA_FROM_APPLICATION","2018/05/23 17:09:51.12","D","2018/05/23 17:09:51.174","-1","SEED_DATA_FROM_APPLICATION","","Inputs","","","","","","","","","US"
"INTENDED_USE","INTENDED_USE","IP","","Inputs","Intended Use","Inputs","SEED_DATA_FROM_APPLICATION","2018/05/23 17:09:51.12","DK","2018/05/23 17:09:51.175","-1","SEED_DATA_FROM_APPLICATION","","Inputs","","","","","","","","","US"
"INTENDED_USE","INTENDED_USE","IP","","Inputs","Intended Use","Inputs","SEED_DATA_FROM_APPLICATION","2018/05/23 17:09:51.12","E","2018/05/23 17:09:51.176","-1","SEED_DATA_FROM_APPLICATION","","Inputs","","","","","","","","","US"
"INTENDED_USE","INTENDED_USE","IP","","Inputs","Intended Use","Inputs","SEED_DATA_FROM_APPLICATION","2018/05/23 17:09:51.12","F","2018/05/23 17:09:51.177","-1","SEED_DATA_FROM_APPLICATION","","Inputs","","","","","","","","","US"
"INTENDED_USE","INTENDED_USE","IP","","Inputs","Intended Use","Inputs","SEED_DATA_FROM_APPLICATION","2018/05/23 17:09:51.12","FRC","2018/05/23 17:09:51.178","-1","SEED_DATA_FROM_APPLICATION","","Inputs","","","","","","","","","US"
"INTENDED_USE","INTENDED_USE","IP","","Inputs","Intended Use","Inputs","SEED_DATA_FROM_APPLICATION","2018/05/23 17:09:51.12","HU","2018/05/23 17:09:51.179","-1","SEED_DATA_FROM_APPLICATION","","Inputs","","","","","","","","","US"
"INTENDED_USE","INTENDED_USE","IP","","Inputs","Intended Use","Inputs","SEED_DATA_FROM_APPLICATION","2018/05/23 17:09:51.121","I","2018/05/23 17:09:51.18","-1","SEED_DATA_FROM_APPLICATION","","Inputs","","","","","","","","","US"
"INTENDED_USE","INTENDED_USE","IP","","Inputs","Intended Use","Inputs","SEED_DATA_FROM_APPLICATION","2018/05/23 17:09:51.121","IW","2018/05/23 17:09:51.182","-1","SEED_DATA_FROM_APPLICATION","","Inputs","","","","","","","","","US"
"INTENDED_USE","INTENDED_USE","IP","","入力","主用途","入力","SEED_DATA_FROM_APPLICATION","2018/05/23 17:09:51.121","JA","2018/05/23 23:11:12.830554","-1","SEED_DATA_FROM_APPLICATION","","入力","","","","","","","","","JA"
"INTENDED_USE","INTENDED_USE","IP","","입력","용도","입력","SEED_DATA_FROM_APPLICATION","2018/05/23 17:09:51.121","KO","2018/05/23 23:42:04.820461","-1","SEED_DATA_FROM_APPLICATION","","입력","","","","","","","","","KO"
"INTENDED_USE","INTENDED_USE","IP","","Inputs","Intended Use","Inputs","SEED_DATA_FROM_APPLICATION","2018/05/23 17:09:51.121","N","2018/05/23 17:09:51.184","-1","SEED_DATA_FROM_APPLICATION","","Inputs","","","","","","","","","US"
"INTENDED_USE","INTENDED_USE","IP","","Inputs","Intended Use","Inputs","SEED_DATA_FROM_APPLICATION","2018/05/23 17:09:51.121","NL","2018/05/23 17:09:51.186","-1","SEED_DATA_FROM_APPLICATION","","Inputs","","","","","","","","","US"
"INTENDED_USE","INTENDED_USE","IP","","Inputs","Intended Use","Inputs","SEED_DATA_FROM_APPLICATION","2018/05/23 17:09:51.122","PL","2018/05/23 17:09:51.188","-1","SEED_DATA_FROM_APPLICATION","","Inputs","","","","","","","","","US"
"INTENDED_USE","INTENDED_USE","IP","","Inputs","Intended Use","Inputs","SEED_DATA_FROM_APPLICATION","2018/05/23 17:09:51.122","PTB","2018/05/23 17:09:51.189","-1","SEED_DATA_FROM_APPLICATION","","Inputs","","","","","","","","","US"
"INTENDED_USE","INTENDED_USE","IP","","Inputs","Intended Use","Inputs","SEED_DATA_FROM_APPLICATION","2018/05/23 17:09:51.122","RO","2018/05/23 17:09:51.19","-1","SEED_DATA_FROM_APPLICATION","","Inputs","","","","","","","","","US"
"INTENDED_USE","INTENDED_USE","IP","","Inputs","Intended Use","Inputs","SEED_DATA_FROM_APPLICATION","2018/05/23 17:09:51.122","RU","2018/05/23 17:09:51.191","-1","SEED_DATA_FROM_APPLICATION","","Inputs","","","","","","","","","US"
"INTENDED_USE","INTENDED_USE","IP","","Inputs","Intended Use","Inputs","SEED_DATA_FROM_APPLICATION","2018/05/23 17:09:51.122","S","2018/05/23 17:09:51.192","-1","SEED_DATA_FROM_APPLICATION","","Inputs","","","","","","","","","US"
"INTENDED_USE","INTENDED_USE","IP","","Inputs","Intended Use","Inputs","SEED_DATA_FROM_APPLICATION","2018/05/23 17:09:51.122","SF","2018/05/23 17:09:51.192","-1","SEED_DATA_FROM_APPLICATION","","Inputs","","","","","","","","","US"
"INTENDED_USE","INTENDED_USE","IP","","อินพุต","การใช้ตามวัตถุประสงค์","อินพุต","SEED_DATA_FROM_APPLICATION","2018/05/23 17:09:51.123","TH","2018/05/23 23:30:57.676423","-1","SEED_DATA_FROM_APPLICATION","","อินพุต","","","","","","","","","TH"
"INTENDED_USE","INTENDED_USE","IP","","Inputs","Intended Use","Inputs","SEED_DATA_FROM_APPLICATION","2018/05/23 17:09:51.123","TR","2018/05/23 17:09:51.194","-1","SEED_DATA_FROM_APPLICATION","","Inputs","","","","","","","","","US"
"INTENDED_USE","INTENDED_USE","IP","","Inputs","Intended Use","Inputs","SEED_DATA_FROM_APPLICATION","2018/05/23 17:09:51.123","US","2023/02/15 06:03:07.699721","-1","SEED_DATA_FROM_APPLICATION","","Inputs","","","","","","","","","US"
"INTENDED_USE","INTENDED_USE","IP","","输入","预期用途","输入","SEED_DATA_FROM_APPLICATION","2018/05/23 17:09:51.123","ZHS","2018/05/23 23:38:38.357668","-1","SEED_DATA_FROM_APPLICATION","","输入","","","","","","","","","ZHS"
"INTENDED_USE","INTENDED_USE","IP","","輸入","預定用途","輸入","SEED_DATA_FROM_APPLICATION","2018/05/23 17:09:51.123","ZHT","2020/06/24 08:32:59.944484","-1","SEED_DATA_FROM_APPLICATION","","輸入","","","","","","","","","ZHT"
"INTENDED_USE","INTENDED_USE","IS","","Input-services","Intended Use","Input-services","SEED_DATA_FROM_APPLICATION","2018/05/23 17:09:51.354","AR","2018/05/23 17:09:51.378","-1","SEED_DATA_FROM_APPLICATION","","Input-services","","","","","","","","","US"
"INTENDED_USE","INTENDED_USE","IS","","Input-services","Intended Use","Input-services","SEED_DATA_FROM_APPLICATION","2018/05/23 17:09:51.356","CS","2018/05/23 17:09:51.381","-1","SEED_DATA_FROM_APPLICATION","","Input-services","","","","","","","","","US"
"INTENDED_USE","INTENDED_USE","IS","","Input-services","Intended Use","Input-services","SEED_DATA_FROM_APPLICATION","2018/05/23 17:09:51.356","D","2018/05/23 17:09:51.382","-1","SEED_DATA_FROM_APPLICATION","","Input-services","","","","","","","","","US"
"INTENDED_USE","INTENDED_USE","IS","","Input-services","Intended Use","Input-services","SEED_DATA_FROM_APPLICATION","2018/05/23 17:09:51.356","DK","2018/05/23 17:09:51.384","-1","SEED_DATA_FROM_APPLICATION","","Input-services","","","","","","","","","US"
"INTENDED_USE","INTENDED_USE","IS","","Input-services","Intended Use","Input-services","SEED_DATA_FROM_APPLICATION","2018/05/23 17:09:51.357","E","2018/05/23 17:09:51.386","-1","SEED_DATA_FROM_APPLICATION","","Input-services","","","","","","","","","US"
"INTENDED_USE","INTENDED_USE","IS","","Input-services","Intended Use","Input-services","SEED_DATA_FROM_APPLICATION","2018/05/23 17:09:51.357","F","2018/05/23 17:09:51.387","-1","SEED_DATA_FROM_APPLICATION","","Input-services","","","","","","","","","US"
"INTENDED_USE","INTENDED_USE","IS","","Input-services","Intended Use","Input-services","SEED_DATA_FROM_APPLICATION","2018/05/23 17:09:51.357","FRC","2018/05/23 17:09:51.388","-1","SEED_DATA_FROM_APPLICATION","","Input-services","","","","","","","","","US"
"INTENDED_USE","INTENDED_USE","IS","","Input-services","Intended Use","Input-services","SEED_DATA_FROM_APPLICATION","2018/05/23 17:09:51.357","HU","2018/05/23 17:09:51.389","-1","SEED_DATA_FROM_APPLICATION","","Input-services","","","","","","","","","US"
"INTENDED_USE","INTENDED_USE","IS","","Input-services","Intended Use","Input-services","SEED_DATA_FROM_APPLICATION","2018/05/23 17:09:51.357","I","2018/05/23 17:09:51.391","-1","SEED_DATA_FROM_APPLICATION","","Input-services","","","","","","","","","US"
"INTENDED_USE","INTENDED_USE","IS","","Input-services","Intended Use","Input-services","SEED_DATA_FROM_APPLICATION","2018/05/23 17:09:51.358","IW","2018/05/23 17:09:51.392","-1","SEED_DATA_FROM_APPLICATION","","Input-services","","","","","","","","","US"
"INTENDED_USE","INTENDED_USE","IS","","入力サービス","主用途","入力サービス","SEED_DATA_FROM_APPLICATION","2018/05/23 17:09:51.358","JA","2018/05/23 23:11:12.835302","-1","SEED_DATA_FROM_APPLICATION","","入力サービス","","","","","","","","","JA"
"INTENDED_USE","INTENDED_USE","IS","","입력 서비스","용도","입력 서비스","SEED_DATA_FROM_APPLICATION","2018/05/23 17:09:51.358","KO","2018/05/23 23:42:04.825343","-1","SEED_DATA_FROM_APPLICATION","","입력 서비스","","","","","","","","","KO"
"INTENDED_USE","INTENDED_USE","IS","","Input-services","Intended Use","Input-services","SEED_DATA_FROM_APPLICATION","2018/05/23 17:09:51.358","N","2018/05/23 17:09:51.395","-1","SEED_DATA_FROM_APPLICATION","","Input-services","","","","","","","","","US"
"INTENDED_USE","INTENDED_USE","IS","","Input-services","Intended Use","Input-services","SEED_DATA_FROM_APPLICATION","2018/05/23 17:09:51.358","NL","2018/05/23 17:09:51.396","-1","SEED_DATA_FROM_APPLICATION","","Input-services","","","","","","","","","US"
"INTENDED_USE","INTENDED_USE","IS","","Input-services","Intended Use","Input-services","SEED_DATA_FROM_APPLICATION","2018/05/23 17:09:51.358","PL","2018/05/23 17:09:51.397","-1","SEED_DATA_FROM_APPLICATION","","Input-services","","","","","","","","","US"
"INTENDED_USE","INTENDED_USE","IS","","Input-services","Intended Use","Input-services","SEED_DATA_FROM_APPLICATION","2018/05/23 17:09:51.359","PTB","2018/05/23 17:09:51.398","-1","SEED_DATA_FROM_APPLICATION","","Input-services","","","","","","","","","US"
"INTENDED_USE","INTENDED_USE","IS","","Input-services","Intended Use","Input-services","SEED_DATA_FROM_APPLICATION","2018/05/23 17:09:51.359","RO","2018/05/23 17:09:51.398","-1","SEED_DATA_FROM_APPLICATION","","Input-services","","","","","","","","","US"
"INTENDED_USE","INTENDED_USE","IS","","Input-services","Intended Use","Input-services","SEED_DATA_FROM_APPLICATION","2018/05/23 17:09:51.359","RU","2018/05/23 17:09:51.399","-1","SEED_DATA_FROM_APPLICATION","","Input-services","","","","","","","","","US"
"INTENDED_USE","INTENDED_USE","IS","","Input-services","Intended Use","Input-services","SEED_DATA_FROM_APPLICATION","2018/05/23 17:09:51.359","S","2018/05/23 17:09:51.4","-1","SEED_DATA_FROM_APPLICATION","","Input-services","","","","","","","","","US"
"INTENDED_USE","INTENDED_USE","IS","","Input-services","Intended Use","Input-services","SEED_DATA_FROM_APPLICATION","2018/05/23 17:09:51.359","SF","2018/05/23 17:09:51.401","-1","SEED_DATA_FROM_APPLICATION","","Input-services","","","","","","","","","US"
"INTENDED_USE","INTENDED_USE","IS","","อินพุต-บริการ","การใช้ตามวัตถุประสงค์","อินพุต-บริการ","SEED_DATA_FROM_APPLICATION","2018/05/23 17:09:51.359","TH","2018/05/23 23:30:57.689158","-1","SEED_DATA_FROM_APPLICATION","","อินพุต-บริการ","","","","","","","","","TH"
"INTENDED_USE","INTENDED_USE","IS","","Input-services","Intended Use","Input-services","SEED_DATA_FROM_APPLICATION","2018/05/23 17:09:51.36","TR","2018/05/23 17:09:51.403","-1","SEED_DATA_FROM_APPLICATION","","Input-services","","","","","","","","","US"
"INTENDED_USE","INTENDED_USE","IS","","Input-services","Intended Use","Input-services","SEED_DATA_FROM_APPLICATION","2018/05/23 17:09:51.36","US","2023/02/15 06:03:07.699721","-1","SEED_DATA_FROM_APPLICATION","","Input-services","","","","","","","","","US"
"INTENDED_USE","INTENDED_USE","IS","","输入 - 服务","预期用途","输入 - 服务","SEED_DATA_FROM_APPLICATION","2018/05/23 17:09:51.36","ZHS","2018/05/23 23:38:38.363403","-1","SEED_DATA_FROM_APPLICATION","","输入 - 服务","","","","","","","","","ZHS"
"INTENDED_USE","INTENDED_USE","IS","","輸入服務","預定用途","輸入服務","SEED_DATA_FROM_APPLICATION","2018/05/23 17:09:51.361","ZHT","2020/06/24 08:33:00.112814","-1","SEED_DATA_FROM_APPLICATION","","輸入服務","","","","","","","","","ZHT"
"INTENDED_USE","INTENDED_USE","CP","","Capital goods","Intended Use","Capital goods","SEED_DATA_FROM_APPLICATION","2018/05/23 17:09:51.459","AR","2018/05/23 17:09:51.478","-1","SEED_DATA_FROM_APPLICATION","","Capital goods","","","","","","","","","US"
"INTENDED_USE","INTENDED_USE","CP","","Capital goods","Intended Use","Capital goods","SEED_DATA_FROM_APPLICATION","2018/05/23 17:09:51.459","CS","2018/05/23 17:09:51.479","-1","SEED_DATA_FROM_APPLICATION","","Capital goods","","","","","","","","","US"
"INTENDED_USE","INTENDED_USE","CP","","Capital goods","Intended Use","Capital goods","SEED_DATA_FROM_APPLICATION","2018/05/23 17:09:51.459","D","2018/05/23 17:09:51.481","-1","SEED_DATA_FROM_APPLICATION","","Capital goods","","","","","","","","","US"
"INTENDED_USE","INTENDED_USE","CP","","Capital goods","Intended Use","Capital goods","SEED_DATA_FROM_APPLICATION","2018/05/23 17:09:51.46","DK","2018/05/23 17:09:51.482","-1","SEED_DATA_FROM_APPLICATION","","Capital goods","","","","","","","","","US"
"INTENDED_USE","INTENDED_USE","CP","","Capital goods","Intended Use","Capital goods","SEED_DATA_FROM_APPLICATION","2018/05/23 17:09:51.46","E","2018/05/23 17:09:51.483","-1","SEED_DATA_FROM_APPLICATION","","Capital goods","","","","","","","","","US"
"INTENDED_USE","INTENDED_USE","CP","","Capital goods","Intended Use","Capital goods","SEED_DATA_FROM_APPLICATION","2018/05/23 17:09:51.46","F","2018/05/23 17:09:51.485","-1","SEED_DATA_FROM_APPLICATION","","Capital goods","","","","","","","","","US"
"INTENDED_USE","INTENDED_USE","CP","","Capital goods","Intended Use","Capital goods","SEED_DATA_FROM_APPLICATION","2018/05/23 17:09:51.46","FRC","2018/05/23 17:09:51.486","-1","SEED_DATA_FROM_APPLICATION","","Capital goods","","","","","","","","","US"
"INTENDED_USE","INTENDED_USE","CP","","Capital goods","Intended Use","Capital goods","SEED_DATA_FROM_APPLICATION","2018/05/23 17:09:51.46","HU","2018/05/23 17:09:51.487","-1","SEED_DATA_FROM_APPLICATION","","Capital goods","","","","","","","","","US"
"INTENDED_USE","INTENDED_USE","CP","","Capital goods","Intended Use","Capital goods","SEED_DATA_FROM_APPLICATION","2018/05/23 17:09:51.461","I","2018/05/23 17:09:51.488","-1","SEED_DATA_FROM_APPLICATION","","Capital goods","","","","","","","","","US"
"INTENDED_USE","INTENDED_USE","CP","","Capital goods","Intended Use","Capital goods","SEED_DATA_FROM_APPLICATION","2018/05/23 17:09:51.461","IW","2018/05/23 17:09:51.489","-1","SEED_DATA_FROM_APPLICATION","","Capital goods","","","","","","","","","US"
"INTENDED_USE","INTENDED_USE","CP","","資本財","主用途","資本財","SEED_DATA_FROM_APPLICATION","2018/05/23 17:09:51.461","JA","2018/05/23 23:11:12.839957","-1","SEED_DATA_FROM_APPLICATION","","資本財","","","","","","","","","JA"
"INTENDED_USE","INTENDED_USE","CP","","자본재","용도","자본재","SEED_DATA_FROM_APPLICATION","2018/05/23 17:09:51.461","KO","2018/05/23 23:42:04.831826","-1","SEED_DATA_FROM_APPLICATION","","자본재","","","","","","","","","KO"
"INTENDED_USE","INTENDED_USE","CP","","Capital goods","Intended Use","Capital goods","SEED_DATA_FROM_APPLICATION","2018/05/23 17:09:51.461","N","2018/05/23 17:09:51.495","-1","SEED_DATA_FROM_APPLICATION","","Capital goods","","","","","","","","","US"
"INTENDED_USE","INTENDED_USE","CP","","Capital goods","Intended Use","Capital goods","SEED_DATA_FROM_APPLICATION","2018/05/23 17:09:51.462","NL","2018/05/23 17:09:51.496","-1","SEED_DATA_FROM_APPLICATION","","Capital goods","","","","","","","","","US"
"INTENDED_USE","INTENDED_USE","CP","","Capital goods","Intended Use","Capital goods","SEED_DATA_FROM_APPLICATION","2018/05/23 17:09:51.462","PL","2018/05/23 17:09:51.497","-1","SEED_DATA_FROM_APPLICATION","","Capital goods","","","","","","","","","US"
"INTENDED_USE","INTENDED_USE","CP","","Capital goods","Intended Use","Capital goods","SEED_DATA_FROM_APPLICATION","2018/05/23 17:09:51.462","PTB","2018/05/23 17:09:51.498","-1","SEED_DATA_FROM_APPLICATION","","Capital goods","","","","","","","","","US"
"INTENDED_USE","INTENDED_USE","CP","","Capital goods","Intended Use","Capital goods","SEED_DATA_FROM_APPLICATION","2018/05/23 17:09:51.462","RO","2018/05/23 17:09:51.499","-1","SEED_DATA_FROM_APPLICATION","","Capital goods","","","","","","","","","US"
"INTENDED_USE","INTENDED_USE","CP","","Capital goods","Intended Use","Capital goods","SEED_DATA_FROM_APPLICATION","2018/05/23 17:09:51.462","RU","2018/05/23 17:09:51.5","-1","SEED_DATA_FROM_APPLICATION","","Capital goods","","","","","","","","","US"
"INTENDED_USE","INTENDED_USE","CP","","Capital goods","Intended Use","Capital goods","SEED_DATA_FROM_APPLICATION","2018/05/23 17:09:51.462","S","2018/05/23 17:09:51.501","-1","SEED_DATA_FROM_APPLICATION","","Capital goods","","","","","","","","","US"
"INTENDED_USE","INTENDED_USE","CP","","Capital goods","Intended Use","Capital goods","SEED_DATA_FROM_APPLICATION","2018/05/23 17:09:51.463","SF","2018/05/23 17:09:51.502","-1","SEED_DATA_FROM_APPLICATION","","Capital goods","","","","","","","","","US"
"INTENDED_USE","INTENDED_USE","CP","","สินค้าฝ่ายทุน","การใช้ตามวัตถุประสงค์","สินค้าฝ่ายทุน","SEED_DATA_FROM_APPLICATION","2018/05/23 17:09:51.463","TH","2018/05/23 23:30:57.694436","-1","SEED_DATA_FROM_APPLICATION","","สินค้าฝ่ายทุน","","","","","","","","","TH"
"INTENDED_USE","INTENDED_USE","CP","","Capital goods","Intended Use","Capital goods","SEED_DATA_FROM_APPLICATION","2018/05/23 17:09:51.463","TR","2018/05/23 17:09:51.506","-1","SEED_DATA_FROM_APPLICATION","","Capital goods","","","","","","","","","US"
"INTENDED_USE","INTENDED_USE","CP","","Capital goods","Intended Use","Capital goods","SEED_DATA_FROM_APPLICATION","2018/05/23 17:09:51.463","US","2023/02/15 06:03:07.699721","-1","SEED_DATA_FROM_APPLICATION","","Capital goods","","","","","","","","","US"
"INTENDED_USE","INTENDED_USE","CP","","资本货物","预期用途","资本货物","SEED_DATA_FROM_APPLICATION","2018/05/23 17:09:51.463","ZHS","2018/05/23 23:38:38.370298","-1","SEED_DATA_FROM_APPLICATION","","资本货物","","","","","","","","","ZHS"
"INTENDED_USE","INTENDED_USE","CP","","資本財","預定用途","資本財","SEED_DATA_FROM_APPLICATION","2018/05/23 17:09:51.464","ZHT","2020/06/24 08:33:00.162177","-1","SEED_DATA_FROM_APPLICATION","","資本財","","","","","","","","","ZHT"
"INTENDED_USE","INTENDED_USE","NO","","Ineligible","Intended Use","Ineligible","SEED_DATA_FROM_APPLICATION","2018/05/23 17:09:51.578","AR","2018/05/23 17:09:51.602","-1","SEED_DATA_FROM_APPLICATION","","Ineligible","","","","","","","","","US"
"INTENDED_USE","INTENDED_USE","NO","","Ineligible","Intended Use","Ineligible","SEED_DATA_FROM_APPLICATION","2018/05/23 17:09:51.579","CS","2018/05/23 17:09:51.603","-1","SEED_DATA_FROM_APPLICATION","","Ineligible","","","","","","","","","US"
"INTENDED_USE","INTENDED_USE","NO","","Ineligible","Intended Use","Ineligible","SEED_DATA_FROM_APPLICATION","2018/05/23 17:09:51.579","D","2018/05/23 17:09:51.605","-1","SEED_DATA_FROM_APPLICATION","","Ineligible","","","","","","","","","US"
"INTENDED_USE","INTENDED_USE","NO","","Ineligible","Intended Use","Ineligible","SEED_DATA_FROM_APPLICATION","2018/05/23 17:09:51.579","DK","2018/05/23 17:09:51.606","-1","SEED_DATA_FROM_APPLICATION","","Ineligible","","","","","","","","","US"
"INTENDED_USE","INTENDED_USE","NO","","Ineligible","Intended Use","Ineligible","SEED_DATA_FROM_APPLICATION","2018/05/23 17:09:51.579","E","2018/05/23 17:09:51.607","-1","SEED_DATA_FROM_APPLICATION","","Ineligible","","","","","","","","","US"
"INTENDED_USE","INTENDED_USE","NO","","Ineligible","Intended Use","Ineligible","SEED_DATA_FROM_APPLICATION","2018/05/23 17:09:51.58","F","2018/05/23 17:09:51.608","-1","SEED_DATA_FROM_APPLICATION","","Ineligible","","","","","","","","","US"
"INTENDED_USE","INTENDED_USE","NO","","Ineligible","Intended Use","Ineligible","SEED_DATA_FROM_APPLICATION","2018/05/23 17:09:51.58","FRC","2018/05/23 17:09:51.609","-1","SEED_DATA_FROM_APPLICATION","","Ineligible","","","","","","","","","US"
"INTENDED_USE","INTENDED_USE","NO","","Ineligible","Intended Use","Ineligible","SEED_DATA_FROM_APPLICATION","2018/05/23 17:09:51.58","HU","2018/05/23 17:09:51.61","-1","SEED_DATA_FROM_APPLICATION","","Ineligible","","","","","","","","","US"
"INTENDED_USE","INTENDED_USE","NO","","Ineligible","Intended Use","Ineligible","SEED_DATA_FROM_APPLICATION","2018/05/23 17:09:51.58","I","2018/05/23 17:09:51.611","-1","SEED_DATA_FROM_APPLICATION","","Ineligible","","","","","","","","","US"
"INTENDED_USE","INTENDED_USE","NO","","Ineligible","Intended Use","Ineligible","SEED_DATA_FROM_APPLICATION","2018/05/23 17:09:51.58","IW","2018/05/23 17:09:51.611","-1","SEED_DATA_FROM_APPLICATION","","Ineligible","","","","","","","","","US"
"INTENDED_USE","INTENDED_USE","NO","","不適格","主用途","不適格","SEED_DATA_FROM_APPLICATION","2018/05/23 17:09:51.58","JA","2018/05/23 23:11:12.843762","-1","SEED_DATA_FROM_APPLICATION","","不適格","","","","","","","","","JA"
"INTENDED_USE","INTENDED_USE","NO","","부적격","용도","부적격","SEED_DATA_FROM_APPLICATION","2018/05/23 17:09:51.581","KO","2018/05/23 23:42:04.836833","-1","SEED_DATA_FROM_APPLICATION","","부적격","","","","","","","","","KO"
"INTENDED_USE","INTENDED_USE","NO","","Ineligible","Intended Use","Ineligible","SEED_DATA_FROM_APPLICATION","2018/05/23 17:09:51.581","N","2018/05/23 17:09:51.614","-1","SEED_DATA_FROM_APPLICATION","","Ineligible","","","","","","","","","US"
"INTENDED_USE","INTENDED_USE","NO","","Ineligible","Intended Use","Ineligible","SEED_DATA_FROM_APPLICATION","2018/05/23 17:09:51.581","NL","2018/05/23 17:09:51.615","-1","SEED_DATA_FROM_APPLICATION","","Ineligible","","","","","","","","","US"
"INTENDED_USE","INTENDED_USE","NO","","Ineligible","Intended Use","Ineligible","SEED_DATA_FROM_APPLICATION","2018/05/23 17:09:51.581","PL","2018/05/23 17:09:51.616","-1","SEED_DATA_FROM_APPLICATION","","Ineligible","","","","","","","","","US"
"INTENDED_USE","INTENDED_USE","NO","","Ineligible","Intended Use","Ineligible","SEED_DATA_FROM_APPLICATION","2018/05/23 17:09:51.581","PTB","2018/05/23 17:09:51.618","-1","SEED_DATA_FROM_APPLICATION","","Ineligible","","","","","","","","","US"
"INTENDED_USE","INTENDED_USE","NO","","Ineligible","Intended Use","Ineligible","SEED_DATA_FROM_APPLICATION","2018/05/23 17:09:51.581","RO","2018/05/23 17:09:51.619","-1","SEED_DATA_FROM_APPLICATION","","Ineligible","","","","","","","","","US"
"INTENDED_USE","INTENDED_USE","NO","","Ineligible","Intended Use","Ineligible","SEED_DATA_FROM_APPLICATION","2018/05/23 17:09:51.582","RU","2018/05/23 17:09:51.633","-1","SEED_DATA_FROM_APPLICATION","","Ineligible","","","","","","","","","US"
"INTENDED_USE","INTENDED_USE","NO","","Ineligible","Intended Use","Ineligible","SEED_DATA_FROM_APPLICATION","2018/05/23 17:09:51.582","S","2018/05/23 17:09:51.634","-1","SEED_DATA_FROM_APPLICATION","","Ineligible","","","","","","","","","US"
"INTENDED_USE","INTENDED_USE","NO","","Ineligible","Intended Use","Ineligible","SEED_DATA_FROM_APPLICATION","2018/05/23 17:09:51.582","SF","2018/05/23 17:09:51.636","-1","SEED_DATA_FROM_APPLICATION","","Ineligible","","","","","","","","","US"
"INTENDED_USE","INTENDED_USE","NO","","ไม่มีสิทธิ์","การใช้ตามวัตถุประสงค์","ไม่มีสิทธิ์","SEED_DATA_FROM_APPLICATION","2018/05/23 17:09:51.582","TH","2018/05/23 23:30:57.70172","-1","SEED_DATA_FROM_APPLICATION","","ไม่มีสิทธิ์","","","","","","","","","TH"
"INTENDED_USE","INTENDED_USE","NO","","Ineligible","Intended Use","Ineligible","SEED_DATA_FROM_APPLICATION","2018/05/23 17:09:51.582","TR","2018/05/23 17:09:51.637","-1","SEED_DATA_FROM_APPLICATION","","Ineligible","","","","","","","","","US"
"INTENDED_USE","INTENDED_USE","NO","","Ineligible","Intended Use","Ineligible","SEED_DATA_FROM_APPLICATION","2018/05/23 17:09:51.583","US","2023/02/15 06:03:07.699721","-1","SEED_DATA_FROM_APPLICATION","","Ineligible","","","","","","","","","US"
"INTENDED_USE","INTENDED_USE","NO","","不合格","预期用途","不合格","SEED_DATA_FROM_APPLICATION","2018/05/23 17:09:51.583","ZHS","2018/05/23 23:38:38.37604","-1","SEED_DATA_FROM_APPLICATION","","不合格","","","","","","","","","ZHS"
"INTENDED_USE","INTENDED_USE","NO","","不具資格","預定用途","不具資格","SEED_DATA_FROM_APPLICATION","2018/05/23 17:09:51.583","ZHT","2020/06/24 08:33:00.173994","-1","SEED_DATA_FROM_APPLICATION","","不具資格","","","","","","","","","ZHT"
