"ClassificationTypeCode","Attribute1","Attribute10","Attribute11","Attribute12","Attribute13","Attribute14","Attribute15","Attribute2","Attribute3","Attribute4","Attribute5","Attribute6","Attribute7","Attribute8","Attribute9","AttributeCategory","ClassificationTypeCategCode","ClassificationTypeGroupCode","ClassificationTypeLevelCode","ClassificationTypeName","CreatedBy","CreationDate","Delimiter","EffectiveFrom","EffectiveTo","LastUpdateDate","LastUpdateLogin","LastUpdatedBy","NumCharacters","OwnerIdChar","OwnerTableCode","ProgramAppName","ProgramName","RecordTypeCode","StartPosition"
"SUPPLIER_TYPE","","","","","","","","","","","","","","","","","PARTY_FISCAL_CLASS","","1","Supplier Type","SEED_DATA_FROM_APPLICATION","2017/12/05 00:30:39.202","","1951/01/01","","2023/02/15 06:03:06.983678","-1","SEED_DATA_FROM_APPLICATION","","VENDOR TYPE","HZ_CLASS_CATEGORY","","","SEEDED",""
"JA_CN_FISCAL_TAXPAYER_TYPE","","","","","","","","","","","","","","","","","PARTY_FISCAL_CLASS","","1","Fiscal Taxpayer Type for China","SEED_DATA_FROM_APPLICATION","2017/12/05 00:30:39.217","/","1951/01/01","","2023/02/15 06:03:06.983678","-1","SEED_DATA_FROM_APPLICATION","","JA_CN_TAXPAYER_TYPE","HZ_CLASS_CATEGORY","","","SEEDED",""
"VAT PACKAGE 2010 CLIC","","","","","","","","","","","","","","","","","PARTY_FISCAL_CLASS","","1","Vat Package 2010 EU Registration","FIN_IMPL","2014/01/14 15:59:15.0","/","2010/01/01","","2014/01/14 15:59:17.565","EFF145BF2D6929F2E0436204548CF6B7","FIN_IMPL","","VAT PACKAGE 2010 CLIC","HZ_CLASS_CATEGORY","","","SEEDED",""
"GB MTIC CLIC","","","","","","","","","","","","","","","","","PARTY_FISCAL_CLASS","","1","GB Missing Trader Intra Community ","FIN_IMPL","2014/01/14 15:59:17.515","/","2007/06/01","","2014/01/14 15:59:17.71","EFF145BF2D6929F2E0436204548CF6B7","FIN_IMPL","","GB MTIC CLIC","HZ_CLASS_CATEGORY","","","SEEDED",""
"IT VAT PARTY CLASSIFICATION","","","","","","","","","","","","","","","","","PARTY_FISCAL_CLASS","","1","IT VAT Party Classification","FIN_IMPL","2015/09/25 14:45:36.634","/","2014/01/01","","2015/09/25 14:53:07.958","2092B884C1FB7AE9E053790B548C09F7","FIN_IMPL","","IT VAT ORGANIZATION TYPES","HZ_CLASS_CATEGORY","","","USER_DEFINED",""
"ES VAT PARTY CLASSIFICATION","","","","","","","","","","","","","","","","","PARTY_FISCAL_CLASS","","1","ES VAT PARTY CLASSIFICATION","FIN_IMPL","2016/10/18 09:22:52.0","/","2014/01/01","","2016/10/18 09:24:12.778","3F20B23A66026810E0537AA3FD0AA88F","FIN_IMPL","","ES VAT ORGANIZATIONS TYPES","HZ_CLASS_CATEGORY","","","USER_DEFINED",""
"EXPORTS INDIA","","","","","","","","","","","","","","","","","PARTY_FISCAL_CLASS","","1","Exports India","FIN_IMPL","2019/09/05 14:16:06.0","/","2019/01/01","","2019/09/05 14:18:41.392","91CF9D1E87A7249AE053C390DF0A49AD","FIN_IMPL","","EXPORT TYPE FOR INDIA","HZ_CLASS_CATEGORY","","","USER_DEFINED",""
"INDIA SUPPLIER TYPE","","","","","","","","","","","","","","","","","PARTY_FISCAL_CLASS","","1","Supplier Types for India","FIN_IMPL","2021/11/18 16:59:05.0","/","2019/04/01","","2021/11/18 17:21:15.442","D040705DC4866480E0530264FD0A9889","FIN_IMPL","","INDIA SUPPLIER TYPE","HZ_CLASS_CATEGORY","","","USER_DEFINED",""
"INDIA REDUCED TDS","","","","","","","","","","","","","","","","","PARTY_FISCAL_CLASS","","1","INDIA REDUCED TDS","FIN_IMPL","2021/11/22 14:02:11.0","/","2021/01/01","","2021/11/22 14:06:54.071","D132DCD93CB32368E0530364FD0A9696","FIN_IMPL","","INDIA REDUCED TDS","HZ_CLASS_CATEGORY","","","USER_DEFINED",""
