"ORA_ZX_PARTY_CLASS.ClassificationTypeCode","ClassificationTypeName","CreatedBy","CreationDate","Language","LastUpdateDate","LastUpdateLogin","LastUpdatedBy","SourceLang"
"SUPPLIER_TYPE","Supplier Type","SEED_DATA_FROM_APPLICATION","2013/08/08 06:56:06.786","US","2023/02/15 06:03:07.050477","-1","SEED_DATA_FROM_APPLICATION","US"
"SUPPLIER_TYPE","نوع المورِّد","SEED_DATA_FROM_APPLICATION","2013/08/08 06:56:06.786","AR","2014/09/10 16:50:46.337661","-1","SEED_DATA_FROM_APPLICATION","AR"
"SUPPLIER_TYPE","Typ dodavatele","SEED_DATA_FROM_APPLICATION","2013/08/08 06:56:06.786","CS","2014/09/10 18:11:52.683957","-1","SEED_DATA_FROM_APPLICATION","CS"
"SUPPLIER_TYPE","Leverandørtype","SEED_DATA_FROM_APPLICATION","2013/08/08 06:56:06.786","DK","2014/09/10 19:20:51.399073","-1","SEED_DATA_FROM_APPLICATION","DK"
"SUPPLIER_TYPE","Lieferantentyp","SEED_DATA_FROM_APPLICATION","2013/08/08 06:56:06.786","D","2014/09/11 00:46:28.138096","-1","SEED_DATA_FROM_APPLICATION","D"
"SUPPLIER_TYPE","Tipo de proveedor","SEED_DATA_FROM_APPLICATION","2013/08/08 06:56:06.786","E","2014/09/11 02:26:50.209173","-1","SEED_DATA_FROM_APPLICATION","E"
"SUPPLIER_TYPE","Toimittajatyyppi","SEED_DATA_FROM_APPLICATION","2013/08/08 06:56:06.786","SF","2014/09/11 03:23:43.822051","-1","SEED_DATA_FROM_APPLICATION","SF"
"SUPPLIER_TYPE","Type de fournisseur","SEED_DATA_FROM_APPLICATION","2013/08/08 06:56:06.786","F","2014/09/11 04:45:10.645034","-1","SEED_DATA_FROM_APPLICATION","F"
"SUPPLIER_TYPE","Type de fournisseur","SEED_DATA_FROM_APPLICATION","2013/08/08 06:56:06.786","FRC","2014/09/11 06:01:45.84537","-1","SEED_DATA_FROM_APPLICATION","FRC"
"SUPPLIER_TYPE","Szállító típusa","SEED_DATA_FROM_APPLICATION","2013/08/08 06:56:06.786","HU","2014/09/11 08:25:55.606922","-1","SEED_DATA_FROM_APPLICATION","HU"
"SUPPLIER_TYPE","Tipo fornitore","SEED_DATA_FROM_APPLICATION","2013/08/08 06:56:06.786","I","2014/09/11 10:26:06.670724","-1","SEED_DATA_FROM_APPLICATION","I"
"SUPPLIER_TYPE","סוג ספק","SEED_DATA_FROM_APPLICATION","2013/08/08 06:56:06.786","IW","2014/09/11 12:01:39.719844","-1","SEED_DATA_FROM_APPLICATION","IW"
"SUPPLIER_TYPE","サプライヤ・タイプ","SEED_DATA_FROM_APPLICATION","2013/08/08 06:56:06.786","JA","2014/09/11 12:46:45.283992","-1","SEED_DATA_FROM_APPLICATION","JA"
"SUPPLIER_TYPE","공급자 유형","SEED_DATA_FROM_APPLICATION","2013/08/08 06:56:06.786","KO","2014/09/11 13:40:32.566157","-1","SEED_DATA_FROM_APPLICATION","KO"
"SUPPLIER_TYPE","Leverancierssoort","SEED_DATA_FROM_APPLICATION","2013/08/08 06:56:06.786","NL","2014/09/11 14:36:47.671183","-1","SEED_DATA_FROM_APPLICATION","NL"
"SUPPLIER_TYPE","Leverandørtype","SEED_DATA_FROM_APPLICATION","2013/08/08 06:56:06.786","N","2014/09/11 15:51:32.434843","-1","SEED_DATA_FROM_APPLICATION","N"
"SUPPLIER_TYPE","Typ dostawcy","SEED_DATA_FROM_APPLICATION","2013/08/08 06:56:06.786","PL","2014/09/11 17:36:10.148232","-1","SEED_DATA_FROM_APPLICATION","PL"
"SUPPLIER_TYPE","Tipo de Fornecedor","SEED_DATA_FROM_APPLICATION","2013/08/08 06:56:06.786","PTB","2014/09/11 19:03:56.908445","-1","SEED_DATA_FROM_APPLICATION","PTB"
"SUPPLIER_TYPE","Tip furnizor","SEED_DATA_FROM_APPLICATION","2013/08/08 06:56:06.786","RO","2014/09/11 20:56:49.095925","-1","SEED_DATA_FROM_APPLICATION","RO"
"SUPPLIER_TYPE","Тип поставщика","SEED_DATA_FROM_APPLICATION","2013/08/08 06:56:06.786","RU","2014/09/11 22:16:35.150134","-1","SEED_DATA_FROM_APPLICATION","RU"
"SUPPLIER_TYPE","Leverantörstyp","SEED_DATA_FROM_APPLICATION","2013/08/08 06:56:06.786","S","2014/09/11 23:23:42.403315","-1","SEED_DATA_FROM_APPLICATION","S"
"SUPPLIER_TYPE","Tedarikçi Tipi","SEED_DATA_FROM_APPLICATION","2013/08/08 06:56:06.786","TR","2014/09/12 01:43:03.867706","-1","SEED_DATA_FROM_APPLICATION","TR"
"SUPPLIER_TYPE","供应商类型","SEED_DATA_FROM_APPLICATION","2013/08/08 06:56:06.786","ZHS","2014/09/12 03:00:20.074256","-1","SEED_DATA_FROM_APPLICATION","ZHS"
"SUPPLIER_TYPE","供應商類型","SEED_DATA_FROM_APPLICATION","2013/08/08 06:56:06.786","ZHT","2020/06/24 08:50:27.576032","-1","SEED_DATA_FROM_APPLICATION","ZHT"
"SUPPLIER_TYPE","ประเภทของซัพพลายเออร์","SEED_DATA_FROM_APPLICATION","2013/08/08 06:56:06.786","TH","2017/03/23 12:12:10.716549","-1","SEED_DATA_FROM_APPLICATION","TH"
"SUPPLIER_TYPE","Supplier Type","SEED_DATA_FROM_APPLICATION","2013/08/08 06:56:06.786","EL","2013/08/08 06:56:06.79","-1","SEED_DATA_FROM_APPLICATION","US"
"SUPPLIER_TYPE","Supplier Type","SEED_DATA_FROM_APPLICATION","2013/08/08 06:56:06.786","ESA","2013/08/08 06:56:06.79","-1","SEED_DATA_FROM_APPLICATION","US"
"SUPPLIER_TYPE","Supplier Type","SEED_DATA_FROM_APPLICATION","2013/08/08 06:56:06.786","HR","2013/08/08 06:56:06.79","-1","SEED_DATA_FROM_APPLICATION","US"
"SUPPLIER_TYPE","Supplier Type","SEED_DATA_FROM_APPLICATION","2013/08/08 06:56:06.786","IS","2013/08/08 06:56:06.79","-1","SEED_DATA_FROM_APPLICATION","US"
"SUPPLIER_TYPE","Supplier Type","SEED_DATA_FROM_APPLICATION","2013/08/08 06:56:06.786","LT","2013/08/08 06:56:06.79","-1","SEED_DATA_FROM_APPLICATION","US"
"SUPPLIER_TYPE","Supplier Type","SEED_DATA_FROM_APPLICATION","2013/08/08 06:56:06.786","PT","2013/08/08 06:56:06.79","-1","SEED_DATA_FROM_APPLICATION","US"
"SUPPLIER_TYPE","Supplier Type","SEED_DATA_FROM_APPLICATION","2013/08/08 06:56:06.786","SK","2013/08/08 06:56:06.79","-1","SEED_DATA_FROM_APPLICATION","US"
"SUPPLIER_TYPE","Supplier Type","SEED_DATA_FROM_APPLICATION","2013/08/08 06:56:06.786","SL","2013/08/08 06:56:06.79","-1","SEED_DATA_FROM_APPLICATION","US"
"SUPPLIER_TYPE","Supplier Type","SEED_DATA_FROM_APPLICATION","2013/08/08 06:56:06.786","ET","2013/08/08 06:56:06.79","-1","SEED_DATA_FROM_APPLICATION","US"
"SUPPLIER_TYPE","Supplier Type","SEED_DATA_FROM_APPLICATION","2013/08/08 06:56:06.786","LV","2013/08/08 06:56:06.79","-1","SEED_DATA_FROM_APPLICATION","US"
"JA_CN_FISCAL_TAXPAYER_TYPE","Fiscal Taxpayer Type for China","SEED_DATA_FROM_APPLICATION","2013/08/08 06:56:06.794","US","2023/02/15 06:03:07.050477","-1","SEED_DATA_FROM_APPLICATION","US"
"JA_CN_FISCAL_TAXPAYER_TYPE","نوع دافع الضريبة المالي في الصين","SEED_DATA_FROM_APPLICATION","2013/08/08 06:56:06.794","AR","2014/09/10 16:50:46.340244","-1","SEED_DATA_FROM_APPLICATION","AR"
"JA_CN_FISCAL_TAXPAYER_TYPE","Fiskální plátce daně pro Čínu","SEED_DATA_FROM_APPLICATION","2013/08/08 06:56:06.794","CS","2014/09/10 18:11:52.704529","-1","SEED_DATA_FROM_APPLICATION","CS"
"JA_CN_FISCAL_TAXPAYER_TYPE","Skatteydertyper til Kina","SEED_DATA_FROM_APPLICATION","2013/08/08 06:56:06.794","DK","2014/09/10 19:20:51.40241","-1","SEED_DATA_FROM_APPLICATION","DK"
"JA_CN_FISCAL_TAXPAYER_TYPE","Steuerzahlertyp für China","SEED_DATA_FROM_APPLICATION","2013/08/08 06:56:06.794","D","2014/09/11 00:46:28.146938","-1","SEED_DATA_FROM_APPLICATION","D"
"JA_CN_FISCAL_TAXPAYER_TYPE","Tipo de contribuyente fiscal para China","SEED_DATA_FROM_APPLICATION","2013/08/08 06:56:06.794","E","2014/09/11 02:26:50.211091","-1","SEED_DATA_FROM_APPLICATION","E"
"JA_CN_FISCAL_TAXPAYER_TYPE","Kiinan verovelvollisen tyyppi","SEED_DATA_FROM_APPLICATION","2013/08/08 06:56:06.794","SF","2014/09/11 03:23:43.824871","-1","SEED_DATA_FROM_APPLICATION","SF"
"JA_CN_FISCAL_TAXPAYER_TYPE","Type de contribuable fiscal pour la Chine","SEED_DATA_FROM_APPLICATION","2013/08/08 06:56:06.794","F","2015/07/03 04:50:13.06937","-1","SEED_DATA_FROM_APPLICATION","F"
"JA_CN_FISCAL_TAXPAYER_TYPE","Type de contribuable pour la Chine","SEED_DATA_FROM_APPLICATION","2013/08/08 06:56:06.794","FRC","2014/09/11 06:01:45.848634","-1","SEED_DATA_FROM_APPLICATION","FRC"
"JA_CN_FISCAL_TAXPAYER_TYPE","Pénzügyi adófizető típusa (Kína)","SEED_DATA_FROM_APPLICATION","2013/08/08 06:56:06.794","HU","2014/09/11 08:25:55.610524","-1","SEED_DATA_FROM_APPLICATION","HU"
"JA_CN_FISCAL_TAXPAYER_TYPE","Tipo contribuente fiscale (Cina)","SEED_DATA_FROM_APPLICATION","2013/08/08 06:56:06.794","I","2014/09/11 10:26:06.67344","-1","SEED_DATA_FROM_APPLICATION","I"
"JA_CN_FISCAL_TAXPAYER_TYPE","סוג נישום כספי לסין","SEED_DATA_FROM_APPLICATION","2013/08/08 06:56:06.794","IW","2014/09/11 12:01:39.72218","-1","SEED_DATA_FROM_APPLICATION","IW"
"JA_CN_FISCAL_TAXPAYER_TYPE","中国用会計納税者タイプ","SEED_DATA_FROM_APPLICATION","2013/08/08 06:56:06.794","JA","2014/09/11 12:46:45.28635","-1","SEED_DATA_FROM_APPLICATION","JA"
"JA_CN_FISCAL_TAXPAYER_TYPE","중국 회계 과세대상자 유형","SEED_DATA_FROM_APPLICATION","2013/08/08 06:56:06.794","KO","2014/09/11 13:40:32.787998","-1","SEED_DATA_FROM_APPLICATION","KO"
"JA_CN_FISCAL_TAXPAYER_TYPE","China: Fiscaal soort belastingplichtige","SEED_DATA_FROM_APPLICATION","2013/08/08 06:56:06.794","NL","2014/09/11 14:36:47.680887","-1","SEED_DATA_FROM_APPLICATION","NL"
"JA_CN_FISCAL_TAXPAYER_TYPE","Fiscal Taxpayer Type for China (landsspesifikt)","SEED_DATA_FROM_APPLICATION","2013/08/08 06:56:06.794","N","2014/09/11 15:51:32.448727","-1","SEED_DATA_FROM_APPLICATION","N"
"JA_CN_FISCAL_TAXPAYER_TYPE","Typ podatnika (Chiny)","SEED_DATA_FROM_APPLICATION","2013/08/08 06:56:06.794","PL","2014/09/11 17:36:10.154459","-1","SEED_DATA_FROM_APPLICATION","PL"
"JA_CN_FISCAL_TAXPAYER_TYPE","Tipo de Contribuinte Fiscal para China","SEED_DATA_FROM_APPLICATION","2013/08/08 06:56:06.794","PTB","2014/09/11 19:03:56.910857","-1","SEED_DATA_FROM_APPLICATION","PTB"
"JA_CN_FISCAL_TAXPAYER_TYPE","Tip cod fiscal pt. China","SEED_DATA_FROM_APPLICATION","2013/08/08 06:56:06.794","RO","2014/09/11 20:56:49.098329","-1","SEED_DATA_FROM_APPLICATION","RO"
"JA_CN_FISCAL_TAXPAYER_TYPE","Фискальный тип налогоплательщика (Китай)","SEED_DATA_FROM_APPLICATION","2013/08/08 06:56:06.794","RU","2014/09/11 22:16:35.160295","-1","SEED_DATA_FROM_APPLICATION","RU"
"JA_CN_FISCAL_TAXPAYER_TYPE","Skatteorganisationsnummertyp för Kina","SEED_DATA_FROM_APPLICATION","2013/08/08 06:56:06.794","S","2014/09/11 23:23:42.420157","-1","SEED_DATA_FROM_APPLICATION","S"
"JA_CN_FISCAL_TAXPAYER_TYPE","Çin için Mali Vergi Mükellefi Tipi","SEED_DATA_FROM_APPLICATION","2013/08/08 06:56:06.794","TR","2014/09/12 01:43:03.877002","-1","SEED_DATA_FROM_APPLICATION","TR"
"JA_CN_FISCAL_TAXPAYER_TYPE","中国会计纳税人类型","SEED_DATA_FROM_APPLICATION","2013/08/08 06:56:06.794","ZHS","2014/09/12 03:00:20.089623","-1","SEED_DATA_FROM_APPLICATION","ZHS"
"JA_CN_FISCAL_TAXPAYER_TYPE","中國會計納稅人類型","SEED_DATA_FROM_APPLICATION","2013/08/08 06:56:06.794","ZHT","2020/06/24 08:50:27.58239","-1","SEED_DATA_FROM_APPLICATION","ZHT"
"JA_CN_FISCAL_TAXPAYER_TYPE","ประเภทผู้ชำระภาษีทางการเงินของจีน","SEED_DATA_FROM_APPLICATION","2013/08/08 06:56:06.794","TH","2017/03/23 12:12:10.719074","-1","SEED_DATA_FROM_APPLICATION","TH"
"JA_CN_FISCAL_TAXPAYER_TYPE","Fiscal Taxpayer Type for China","SEED_DATA_FROM_APPLICATION","2013/08/08 06:56:06.794","EL","2013/08/08 06:56:06.798","-1","SEED_DATA_FROM_APPLICATION","US"
"JA_CN_FISCAL_TAXPAYER_TYPE","Fiscal Taxpayer Type for China","SEED_DATA_FROM_APPLICATION","2013/08/08 06:56:06.794","ESA","2013/08/08 06:56:06.798","-1","SEED_DATA_FROM_APPLICATION","US"
"JA_CN_FISCAL_TAXPAYER_TYPE","Fiscal Taxpayer Type for China","SEED_DATA_FROM_APPLICATION","2013/08/08 06:56:06.794","HR","2013/08/08 06:56:06.798","-1","SEED_DATA_FROM_APPLICATION","US"
"JA_CN_FISCAL_TAXPAYER_TYPE","Fiscal Taxpayer Type for China","SEED_DATA_FROM_APPLICATION","2013/08/08 06:56:06.794","IS","2013/08/08 06:56:06.798","-1","SEED_DATA_FROM_APPLICATION","US"
"JA_CN_FISCAL_TAXPAYER_TYPE","Fiscal Taxpayer Type for China","SEED_DATA_FROM_APPLICATION","2013/08/08 06:56:06.794","LT","2013/08/08 06:56:06.798","-1","SEED_DATA_FROM_APPLICATION","US"
"JA_CN_FISCAL_TAXPAYER_TYPE","Fiscal Taxpayer Type for China","SEED_DATA_FROM_APPLICATION","2013/08/08 06:56:06.794","PT","2013/08/08 06:56:06.798","-1","SEED_DATA_FROM_APPLICATION","US"
"JA_CN_FISCAL_TAXPAYER_TYPE","Fiscal Taxpayer Type for China","SEED_DATA_FROM_APPLICATION","2013/08/08 06:56:06.794","SK","2013/08/08 06:56:06.798","-1","SEED_DATA_FROM_APPLICATION","US"
"JA_CN_FISCAL_TAXPAYER_TYPE","Fiscal Taxpayer Type for China","SEED_DATA_FROM_APPLICATION","2013/08/08 06:56:06.794","SL","2013/08/08 06:56:06.798","-1","SEED_DATA_FROM_APPLICATION","US"
"JA_CN_FISCAL_TAXPAYER_TYPE","Fiscal Taxpayer Type for China","SEED_DATA_FROM_APPLICATION","2013/08/08 06:56:06.794","ET","2013/08/08 06:56:06.798","-1","SEED_DATA_FROM_APPLICATION","US"
"JA_CN_FISCAL_TAXPAYER_TYPE","Fiscal Taxpayer Type for China","SEED_DATA_FROM_APPLICATION","2013/08/08 06:56:06.794","LV","2013/08/08 06:56:06.798","-1","SEED_DATA_FROM_APPLICATION","US"
"VAT PACKAGE 2010 CLIC","Vat Package 2010 EU Registration","FIN_IMPL","2014/01/14 15:59:15.162","US","2014/01/14 15:59:17.677","EFF145BF2D6929F2E0436204548CF6B7","FIN_IMPL","US"
"VAT PACKAGE 2010 CLIC","Vat Package 2010 EU Registration","FIN_IMPL","2014/01/14 15:59:15.32","KO","2014/01/14 15:59:17.68","EFF145BF2D6929F2E0436204548CF6B7","FIN_IMPL","US"
"VAT PACKAGE 2010 CLIC","Vat Package 2010 EU Registration","FIN_IMPL","2014/01/14 15:59:15.162","AR","2014/01/14 15:59:17.677","EFF145BF2D6929F2E0436204548CF6B7","FIN_IMPL","US"
"VAT PACKAGE 2010 CLIC","Vat Package 2010 EU Registration","FIN_IMPL","2014/01/14 15:59:15.162","CS","2014/01/14 15:59:17.677","EFF145BF2D6929F2E0436204548CF6B7","FIN_IMPL","US"
"VAT PACKAGE 2010 CLIC","Vat Package 2010 EU Registration","FIN_IMPL","2014/01/14 15:59:15.162","DK","2014/01/14 15:59:17.677","EFF145BF2D6929F2E0436204548CF6B7","FIN_IMPL","US"
"VAT PACKAGE 2010 CLIC","Vat Package 2010 EU Registration","FIN_IMPL","2014/01/14 15:59:15.162","D","2014/01/14 15:59:17.677","EFF145BF2D6929F2E0436204548CF6B7","FIN_IMPL","US"
"VAT PACKAGE 2010 CLIC","Vat Package 2010 EU Registration","FIN_IMPL","2014/01/14 15:59:15.162","E","2014/01/14 15:59:17.677","EFF145BF2D6929F2E0436204548CF6B7","FIN_IMPL","US"
"VAT PACKAGE 2010 CLIC","Vat Package 2010 EU Registration","FIN_IMPL","2014/01/14 15:59:15.162","SF","2014/01/14 15:59:17.677","EFF145BF2D6929F2E0436204548CF6B7","FIN_IMPL","US"
"VAT PACKAGE 2010 CLIC","Vat Package 2010 EU Registration","FIN_IMPL","2014/01/14 15:59:15.162","F","2014/01/14 15:59:17.677","EFF145BF2D6929F2E0436204548CF6B7","FIN_IMPL","US"
"VAT PACKAGE 2010 CLIC","Vat Package 2010 EU Registration","FIN_IMPL","2014/01/14 15:59:15.162","FRC","2014/01/14 15:59:17.677","EFF145BF2D6929F2E0436204548CF6B7","FIN_IMPL","US"
"VAT PACKAGE 2010 CLIC","Vat Package 2010 EU Registration","FIN_IMPL","2014/01/14 15:59:15.162","HU","2014/01/14 15:59:17.677","EFF145BF2D6929F2E0436204548CF6B7","FIN_IMPL","US"
"VAT PACKAGE 2010 CLIC","Vat Package 2010 EU Registration","FIN_IMPL","2014/01/14 15:59:15.162","I","2014/01/14 15:59:17.677","EFF145BF2D6929F2E0436204548CF6B7","FIN_IMPL","US"
"VAT PACKAGE 2010 CLIC","Vat Package 2010 EU Registration","FIN_IMPL","2014/01/14 15:59:15.162","IW","2014/01/14 15:59:17.677","EFF145BF2D6929F2E0436204548CF6B7","FIN_IMPL","US"
"VAT PACKAGE 2010 CLIC","Vat Package 2010 EU Registration","FIN_IMPL","2014/01/14 15:59:15.162","JA","2014/01/14 15:59:17.677","EFF145BF2D6929F2E0436204548CF6B7","FIN_IMPL","US"
"VAT PACKAGE 2010 CLIC","Vat Package 2010 EU Registration","FIN_IMPL","2014/01/14 15:59:15.162","NL","2014/01/14 15:59:17.677","EFF145BF2D6929F2E0436204548CF6B7","FIN_IMPL","US"
"VAT PACKAGE 2010 CLIC","Vat Package 2010 EU Registration","FIN_IMPL","2014/01/14 15:59:15.162","N","2014/01/14 15:59:17.677","EFF145BF2D6929F2E0436204548CF6B7","FIN_IMPL","US"
"VAT PACKAGE 2010 CLIC","Vat Package 2010 EU Registration","FIN_IMPL","2014/01/14 15:59:15.162","PL","2014/01/14 15:59:17.677","EFF145BF2D6929F2E0436204548CF6B7","FIN_IMPL","US"
"VAT PACKAGE 2010 CLIC","Vat Package 2010 EU Registration","FIN_IMPL","2014/01/14 15:59:15.162","PTB","2014/01/14 15:59:17.677","EFF145BF2D6929F2E0436204548CF6B7","FIN_IMPL","US"
"VAT PACKAGE 2010 CLIC","Vat Package 2010 EU Registration","FIN_IMPL","2014/01/14 15:59:15.162","RO","2014/01/14 15:59:17.677","EFF145BF2D6929F2E0436204548CF6B7","FIN_IMPL","US"
"VAT PACKAGE 2010 CLIC","Vat Package 2010 EU Registration","FIN_IMPL","2014/01/14 15:59:15.162","RU","2014/01/14 15:59:17.677","EFF145BF2D6929F2E0436204548CF6B7","FIN_IMPL","US"
"VAT PACKAGE 2010 CLIC","Vat Package 2010 EU Registration","FIN_IMPL","2014/01/14 15:59:15.162","S","2014/01/14 15:59:17.677","EFF145BF2D6929F2E0436204548CF6B7","FIN_IMPL","US"
"VAT PACKAGE 2010 CLIC","Vat Package 2010 EU Registration","FIN_IMPL","2014/01/14 15:59:15.162","TR","2014/01/14 15:59:17.677","EFF145BF2D6929F2E0436204548CF6B7","FIN_IMPL","US"
"VAT PACKAGE 2010 CLIC","Vat Package 2010 EU Registration","FIN_IMPL","2014/01/14 15:59:15.162","ZHS","2014/01/14 15:59:17.677","EFF145BF2D6929F2E0436204548CF6B7","FIN_IMPL","US"
"VAT PACKAGE 2010 CLIC","Vat Package 2010 EU Registration","FIN_IMPL","2014/01/14 15:59:15.162","ZHT","2014/01/14 15:59:17.677","EFF145BF2D6929F2E0436204548CF6B7","FIN_IMPL","US"
"VAT PACKAGE 2010 CLIC","Vat Package 2010 EU Registration","FIN_IMPL","2014/01/14 15:59:15.162","TH","2014/01/14 15:59:17.677","EFF145BF2D6929F2E0436204548CF6B7","FIN_IMPL","US"
"VAT PACKAGE 2010 CLIC","Vat Package 2010 EU Registration","FIN_IMPL","2014/01/14 15:59:15.162","EL","2014/01/14 15:59:17.677","EFF145BF2D6929F2E0436204548CF6B7","FIN_IMPL","US"
"VAT PACKAGE 2010 CLIC","Vat Package 2010 EU Registration","FIN_IMPL","2014/01/14 15:59:15.162","ESA","2014/01/14 15:59:17.677","EFF145BF2D6929F2E0436204548CF6B7","FIN_IMPL","US"
"VAT PACKAGE 2010 CLIC","Vat Package 2010 EU Registration","FIN_IMPL","2014/01/14 15:59:15.162","HR","2014/01/14 15:59:17.677","EFF145BF2D6929F2E0436204548CF6B7","FIN_IMPL","US"
"VAT PACKAGE 2010 CLIC","Vat Package 2010 EU Registration","FIN_IMPL","2014/01/14 15:59:15.162","IS","2014/01/14 15:59:17.677","EFF145BF2D6929F2E0436204548CF6B7","FIN_IMPL","US"
"VAT PACKAGE 2010 CLIC","Vat Package 2010 EU Registration","FIN_IMPL","2014/01/14 15:59:15.162","LT","2014/01/14 15:59:17.677","EFF145BF2D6929F2E0436204548CF6B7","FIN_IMPL","US"
"VAT PACKAGE 2010 CLIC","Vat Package 2010 EU Registration","FIN_IMPL","2014/01/14 15:59:15.162","PT","2014/01/14 15:59:17.677","EFF145BF2D6929F2E0436204548CF6B7","FIN_IMPL","US"
"VAT PACKAGE 2010 CLIC","Vat Package 2010 EU Registration","FIN_IMPL","2014/01/14 15:59:15.162","SK","2014/01/14 15:59:17.677","EFF145BF2D6929F2E0436204548CF6B7","FIN_IMPL","US"
"VAT PACKAGE 2010 CLIC","Vat Package 2010 EU Registration","FIN_IMPL","2014/01/14 15:59:15.162","SL","2014/01/14 15:59:17.677","EFF145BF2D6929F2E0436204548CF6B7","FIN_IMPL","US"
"VAT PACKAGE 2010 CLIC","Vat Package 2010 EU Registration","FIN_IMPL","2014/01/14 15:59:15.162","ET","2014/01/14 15:59:17.677","EFF145BF2D6929F2E0436204548CF6B7","FIN_IMPL","US"
"VAT PACKAGE 2010 CLIC","Vat Package 2010 EU Registration","FIN_IMPL","2014/01/14 15:59:15.162","LV","2014/01/14 15:59:17.677","EFF145BF2D6929F2E0436204548CF6B7","FIN_IMPL","US"
"GB MTIC CLIC","GB Missing Trader Intra Community ","FIN_IMPL","2014/01/14 15:59:17.516","US","2014/01/14 15:59:17.715","EFF145BF2D6929F2E0436204548CF6B7","FIN_IMPL","US"
"GB MTIC CLIC","GB Missing Trader Intra Community ","FIN_IMPL","2014/01/14 15:59:17.516","AR","2014/01/14 15:59:17.715","EFF145BF2D6929F2E0436204548CF6B7","FIN_IMPL","US"
"GB MTIC CLIC","GB Missing Trader Intra Community ","FIN_IMPL","2014/01/14 15:59:17.516","CS","2014/01/14 15:59:17.715","EFF145BF2D6929F2E0436204548CF6B7","FIN_IMPL","US"
"GB MTIC CLIC","GB Missing Trader Intra Community ","FIN_IMPL","2014/01/14 15:59:17.516","DK","2014/01/14 15:59:17.715","EFF145BF2D6929F2E0436204548CF6B7","FIN_IMPL","US"
"GB MTIC CLIC","GB Missing Trader Intra Community ","FIN_IMPL","2014/01/14 15:59:17.516","D","2014/01/14 15:59:17.715","EFF145BF2D6929F2E0436204548CF6B7","FIN_IMPL","US"
"GB MTIC CLIC","GB Missing Trader Intra Community ","FIN_IMPL","2014/01/14 15:59:17.516","E","2014/01/14 15:59:17.715","EFF145BF2D6929F2E0436204548CF6B7","FIN_IMPL","US"
"GB MTIC CLIC","GB Missing Trader Intra Community ","FIN_IMPL","2014/01/14 15:59:17.516","SF","2014/01/14 15:59:17.715","EFF145BF2D6929F2E0436204548CF6B7","FIN_IMPL","US"
"GB MTIC CLIC","GB Missing Trader Intra Community ","FIN_IMPL","2014/01/14 15:59:17.516","F","2014/01/14 15:59:17.715","EFF145BF2D6929F2E0436204548CF6B7","FIN_IMPL","US"
"GB MTIC CLIC","GB Missing Trader Intra Community ","FIN_IMPL","2014/01/14 15:59:17.516","FRC","2014/01/14 15:59:17.715","EFF145BF2D6929F2E0436204548CF6B7","FIN_IMPL","US"
"GB MTIC CLIC","GB Missing Trader Intra Community ","FIN_IMPL","2014/01/14 15:59:17.516","HU","2014/01/14 15:59:17.715","EFF145BF2D6929F2E0436204548CF6B7","FIN_IMPL","US"
"GB MTIC CLIC","GB Missing Trader Intra Community ","FIN_IMPL","2014/01/14 15:59:17.516","I","2014/01/14 15:59:17.715","EFF145BF2D6929F2E0436204548CF6B7","FIN_IMPL","US"
"GB MTIC CLIC","GB Missing Trader Intra Community ","FIN_IMPL","2014/01/14 15:59:17.516","IW","2014/01/14 15:59:17.715","EFF145BF2D6929F2E0436204548CF6B7","FIN_IMPL","US"
"GB MTIC CLIC","GB Missing Trader Intra Community ","FIN_IMPL","2014/01/14 15:59:17.516","JA","2014/01/14 15:59:17.715","EFF145BF2D6929F2E0436204548CF6B7","FIN_IMPL","US"
"GB MTIC CLIC","GB Missing Trader Intra Community ","FIN_IMPL","2014/01/14 15:59:17.516","KO","2014/01/14 15:59:17.715","EFF145BF2D6929F2E0436204548CF6B7","FIN_IMPL","US"
"GB MTIC CLIC","GB Missing Trader Intra Community ","FIN_IMPL","2014/01/14 15:59:17.516","NL","2014/01/14 15:59:17.715","EFF145BF2D6929F2E0436204548CF6B7","FIN_IMPL","US"
"GB MTIC CLIC","GB Missing Trader Intra Community ","FIN_IMPL","2014/01/14 15:59:17.516","N","2014/01/14 15:59:17.715","EFF145BF2D6929F2E0436204548CF6B7","FIN_IMPL","US"
"GB MTIC CLIC","GB Missing Trader Intra Community ","FIN_IMPL","2014/01/14 15:59:17.516","PL","2014/01/14 15:59:17.715","EFF145BF2D6929F2E0436204548CF6B7","FIN_IMPL","US"
"GB MTIC CLIC","GB Missing Trader Intra Community ","FIN_IMPL","2014/01/14 15:59:17.516","PTB","2014/01/14 15:59:17.715","EFF145BF2D6929F2E0436204548CF6B7","FIN_IMPL","US"
"GB MTIC CLIC","GB Missing Trader Intra Community ","FIN_IMPL","2014/01/14 15:59:17.516","RO","2014/01/14 15:59:17.715","EFF145BF2D6929F2E0436204548CF6B7","FIN_IMPL","US"
"GB MTIC CLIC","GB Missing Trader Intra Community ","FIN_IMPL","2014/01/14 15:59:17.516","RU","2014/01/14 15:59:17.715","EFF145BF2D6929F2E0436204548CF6B7","FIN_IMPL","US"
"GB MTIC CLIC","GB Missing Trader Intra Community ","FIN_IMPL","2014/01/14 15:59:17.516","S","2014/01/14 15:59:17.715","EFF145BF2D6929F2E0436204548CF6B7","FIN_IMPL","US"
"GB MTIC CLIC","GB Missing Trader Intra Community ","FIN_IMPL","2014/01/14 15:59:17.516","TR","2014/01/14 15:59:17.715","EFF145BF2D6929F2E0436204548CF6B7","FIN_IMPL","US"
"GB MTIC CLIC","GB Missing Trader Intra Community ","FIN_IMPL","2014/01/14 15:59:17.516","ZHS","2014/01/14 15:59:17.715","EFF145BF2D6929F2E0436204548CF6B7","FIN_IMPL","US"
"GB MTIC CLIC","GB Missing Trader Intra Community ","FIN_IMPL","2014/01/14 15:59:17.516","ZHT","2014/01/14 15:59:17.715","EFF145BF2D6929F2E0436204548CF6B7","FIN_IMPL","US"
"GB MTIC CLIC","GB Missing Trader Intra Community ","FIN_IMPL","2014/01/14 15:59:17.516","TH","2014/01/14 15:59:17.715","EFF145BF2D6929F2E0436204548CF6B7","FIN_IMPL","US"
"GB MTIC CLIC","GB Missing Trader Intra Community ","FIN_IMPL","2014/01/14 15:59:17.516","EL","2014/01/14 15:59:17.715","EFF145BF2D6929F2E0436204548CF6B7","FIN_IMPL","US"
"GB MTIC CLIC","GB Missing Trader Intra Community ","FIN_IMPL","2014/01/14 15:59:17.516","ESA","2014/01/14 15:59:17.715","EFF145BF2D6929F2E0436204548CF6B7","FIN_IMPL","US"
"GB MTIC CLIC","GB Missing Trader Intra Community ","FIN_IMPL","2014/01/14 15:59:17.516","HR","2014/01/14 15:59:17.715","EFF145BF2D6929F2E0436204548CF6B7","FIN_IMPL","US"
"GB MTIC CLIC","GB Missing Trader Intra Community ","FIN_IMPL","2014/01/14 15:59:17.516","IS","2014/01/14 15:59:17.715","EFF145BF2D6929F2E0436204548CF6B7","FIN_IMPL","US"
"GB MTIC CLIC","GB Missing Trader Intra Community ","FIN_IMPL","2014/01/14 15:59:17.516","LT","2014/01/14 15:59:17.715","EFF145BF2D6929F2E0436204548CF6B7","FIN_IMPL","US"
"GB MTIC CLIC","GB Missing Trader Intra Community ","FIN_IMPL","2014/01/14 15:59:17.516","PT","2014/01/14 15:59:17.715","EFF145BF2D6929F2E0436204548CF6B7","FIN_IMPL","US"
"GB MTIC CLIC","GB Missing Trader Intra Community ","FIN_IMPL","2014/01/14 15:59:17.516","SK","2014/01/14 15:59:17.715","EFF145BF2D6929F2E0436204548CF6B7","FIN_IMPL","US"
"GB MTIC CLIC","GB Missing Trader Intra Community ","FIN_IMPL","2014/01/14 15:59:17.516","SL","2014/01/14 15:59:17.715","EFF145BF2D6929F2E0436204548CF6B7","FIN_IMPL","US"
"GB MTIC CLIC","GB Missing Trader Intra Community ","FIN_IMPL","2014/01/14 15:59:17.516","ET","2014/01/14 15:59:17.715","EFF145BF2D6929F2E0436204548CF6B7","FIN_IMPL","US"
"GB MTIC CLIC","GB Missing Trader Intra Community ","FIN_IMPL","2014/01/14 15:59:17.516","LV","2014/01/14 15:59:17.715","EFF145BF2D6929F2E0436204548CF6B7","FIN_IMPL","US"
"IT VAT PARTY CLASSIFICATION","IT VAT Party Classification","FIN_IMPL","2015/09/25 14:45:36.636","US","2015/09/25 14:53:08.054","2092B884C1FB7AE9E053790B548C09F7","FIN_IMPL","US"
"IT VAT PARTY CLASSIFICATION","IT VAT Party Classification","FIN_IMPL","2015/09/25 14:45:36.636","AR","2015/09/25 14:53:08.06","2092B884C1FB7AE9E053790B548C09F7","FIN_IMPL","US"
"IT VAT PARTY CLASSIFICATION","IT VAT Party Classification","FIN_IMPL","2015/09/25 14:45:36.636","D","2015/09/25 14:53:08.061","2092B884C1FB7AE9E053790B548C09F7","FIN_IMPL","US"
"IT VAT PARTY CLASSIFICATION","IT VAT Party Classification","FIN_IMPL","2015/09/25 14:45:36.637","DK","2015/09/25 14:53:08.062","2092B884C1FB7AE9E053790B548C09F7","FIN_IMPL","US"
"IT VAT PARTY CLASSIFICATION","IT VAT Party Classification","FIN_IMPL","2015/09/25 14:45:36.637","E","2015/09/25 14:53:08.063","2092B884C1FB7AE9E053790B548C09F7","FIN_IMPL","US"
"IT VAT PARTY CLASSIFICATION","IT VAT Party Classification","FIN_IMPL","2015/09/25 14:45:36.637","F","2015/09/25 14:53:08.063","2092B884C1FB7AE9E053790B548C09F7","FIN_IMPL","US"
"IT VAT PARTY CLASSIFICATION","IT VAT Party Classification","FIN_IMPL","2015/09/25 14:45:36.638","FRC","2015/09/25 14:53:08.064","2092B884C1FB7AE9E053790B548C09F7","FIN_IMPL","US"
"IT VAT PARTY CLASSIFICATION","IT VAT Party Classification","FIN_IMPL","2015/09/25 14:45:36.638","I","2015/09/25 14:53:08.065","2092B884C1FB7AE9E053790B548C09F7","FIN_IMPL","US"
"IT VAT PARTY CLASSIFICATION","IT VAT Party Classification","FIN_IMPL","2015/09/25 14:45:36.638","JA","2015/09/25 14:53:08.065","2092B884C1FB7AE9E053790B548C09F7","FIN_IMPL","US"
"IT VAT PARTY CLASSIFICATION","IT VAT Party Classification","FIN_IMPL","2015/09/25 14:45:36.639","KO","2015/09/25 14:53:08.066","2092B884C1FB7AE9E053790B548C09F7","FIN_IMPL","US"
"IT VAT PARTY CLASSIFICATION","IT VAT Party Classification","FIN_IMPL","2015/09/25 14:45:36.639","N","2015/09/25 14:53:08.067","2092B884C1FB7AE9E053790B548C09F7","FIN_IMPL","US"
"IT VAT PARTY CLASSIFICATION","IT VAT Party Classification","FIN_IMPL","2015/09/25 14:45:36.64","NL","2015/09/25 14:53:08.067","2092B884C1FB7AE9E053790B548C09F7","FIN_IMPL","US"
"IT VAT PARTY CLASSIFICATION","IT VAT Party Classification","FIN_IMPL","2015/09/25 14:45:36.64","PL","2015/09/25 14:53:08.068","2092B884C1FB7AE9E053790B548C09F7","FIN_IMPL","US"
"IT VAT PARTY CLASSIFICATION","IT VAT Party Classification","FIN_IMPL","2015/09/25 14:45:36.64","PTB","2015/09/25 14:53:08.069","2092B884C1FB7AE9E053790B548C09F7","FIN_IMPL","US"
"IT VAT PARTY CLASSIFICATION","IT VAT Party Classification","FIN_IMPL","2015/09/25 14:45:36.641","RU","2015/09/25 14:53:08.069","2092B884C1FB7AE9E053790B548C09F7","FIN_IMPL","US"
"IT VAT PARTY CLASSIFICATION","IT VAT Party Classification","FIN_IMPL","2015/09/25 14:45:36.641","S","2015/09/25 14:53:08.07","2092B884C1FB7AE9E053790B548C09F7","FIN_IMPL","US"
"IT VAT PARTY CLASSIFICATION","IT VAT Party Classification","FIN_IMPL","2015/09/25 14:45:36.641","SF","2015/09/25 14:53:08.071","2092B884C1FB7AE9E053790B548C09F7","FIN_IMPL","US"
"IT VAT PARTY CLASSIFICATION","IT VAT Party Classification","FIN_IMPL","2015/09/25 14:45:36.642","ZHS","2015/09/25 14:53:08.071","2092B884C1FB7AE9E053790B548C09F7","FIN_IMPL","US"
"IT VAT PARTY CLASSIFICATION","IT VAT Party Classification","FIN_IMPL","2015/09/25 14:45:36.642","ZHT","2015/09/25 14:53:08.072","2092B884C1FB7AE9E053790B548C09F7","FIN_IMPL","US"
"IT VAT PARTY CLASSIFICATION","IT VAT Party Classification","FIN_IMPL","2015/09/25 14:45:36.636","CS","2015/09/25 14:53:08.054","2092B884C1FB7AE9E053790B548C09F7","FIN_IMPL","US"
"IT VAT PARTY CLASSIFICATION","IT VAT Party Classification","FIN_IMPL","2015/09/25 14:45:36.636","HU","2015/09/25 14:53:08.054","2092B884C1FB7AE9E053790B548C09F7","FIN_IMPL","US"
"IT VAT PARTY CLASSIFICATION","IT VAT Party Classification","FIN_IMPL","2015/09/25 14:45:36.636","IW","2015/09/25 14:53:08.054","2092B884C1FB7AE9E053790B548C09F7","FIN_IMPL","US"
"IT VAT PARTY CLASSIFICATION","IT VAT Party Classification","FIN_IMPL","2015/09/25 14:45:36.636","RO","2015/09/25 14:53:08.054","2092B884C1FB7AE9E053790B548C09F7","FIN_IMPL","US"
"IT VAT PARTY CLASSIFICATION","IT VAT Party Classification","FIN_IMPL","2015/09/25 14:45:36.636","TR","2015/09/25 14:53:08.054","2092B884C1FB7AE9E053790B548C09F7","FIN_IMPL","US"
"IT VAT PARTY CLASSIFICATION","IT VAT Party Classification","FIN_IMPL","2015/09/25 14:45:36.636","TH","2015/09/25 14:53:08.054","2092B884C1FB7AE9E053790B548C09F7","FIN_IMPL","US"
"IT VAT PARTY CLASSIFICATION","IT VAT Party Classification","FIN_IMPL","2015/09/25 14:45:36.636","EL","2015/09/25 14:53:08.054","2092B884C1FB7AE9E053790B548C09F7","FIN_IMPL","US"
"IT VAT PARTY CLASSIFICATION","IT VAT Party Classification","FIN_IMPL","2015/09/25 14:45:36.636","ESA","2015/09/25 14:53:08.054","2092B884C1FB7AE9E053790B548C09F7","FIN_IMPL","US"
"IT VAT PARTY CLASSIFICATION","IT VAT Party Classification","FIN_IMPL","2015/09/25 14:45:36.636","HR","2015/09/25 14:53:08.054","2092B884C1FB7AE9E053790B548C09F7","FIN_IMPL","US"
"IT VAT PARTY CLASSIFICATION","IT VAT Party Classification","FIN_IMPL","2015/09/25 14:45:36.636","IS","2015/09/25 14:53:08.054","2092B884C1FB7AE9E053790B548C09F7","FIN_IMPL","US"
"IT VAT PARTY CLASSIFICATION","IT VAT Party Classification","FIN_IMPL","2015/09/25 14:45:36.636","LT","2015/09/25 14:53:08.054","2092B884C1FB7AE9E053790B548C09F7","FIN_IMPL","US"
"IT VAT PARTY CLASSIFICATION","IT VAT Party Classification","FIN_IMPL","2015/09/25 14:45:36.636","PT","2015/09/25 14:53:08.054","2092B884C1FB7AE9E053790B548C09F7","FIN_IMPL","US"
"IT VAT PARTY CLASSIFICATION","IT VAT Party Classification","FIN_IMPL","2015/09/25 14:45:36.636","SK","2015/09/25 14:53:08.054","2092B884C1FB7AE9E053790B548C09F7","FIN_IMPL","US"
"IT VAT PARTY CLASSIFICATION","IT VAT Party Classification","FIN_IMPL","2015/09/25 14:45:36.636","SL","2015/09/25 14:53:08.054","2092B884C1FB7AE9E053790B548C09F7","FIN_IMPL","US"
"IT VAT PARTY CLASSIFICATION","IT VAT Party Classification","FIN_IMPL","2015/09/25 14:45:36.636","ET","2015/09/25 14:53:08.054","2092B884C1FB7AE9E053790B548C09F7","FIN_IMPL","US"
"IT VAT PARTY CLASSIFICATION","IT VAT Party Classification","FIN_IMPL","2015/09/25 14:45:36.636","LV","2015/09/25 14:53:08.054","2092B884C1FB7AE9E053790B548C09F7","FIN_IMPL","US"
"ES VAT PARTY CLASSIFICATION","ES VAT PARTY CLASSIFICATION","FIN_IMPL","2016/10/18 09:22:52.089","US","2016/10/18 09:24:12.816","3F20B23A66026810E0537AA3FD0AA88F","FIN_IMPL","US"
"ES VAT PARTY CLASSIFICATION","ES VAT PARTY CLASSIFICATION","FIN_IMPL","2016/10/18 09:22:52.094","AR","2016/10/18 09:24:12.823","3F20B23A66026810E0537AA3FD0AA88F","FIN_IMPL","US"
"ES VAT PARTY CLASSIFICATION","ES VAT PARTY CLASSIFICATION","FIN_IMPL","2016/10/18 09:22:52.094","D","2016/10/18 09:24:12.824","3F20B23A66026810E0537AA3FD0AA88F","FIN_IMPL","US"
"ES VAT PARTY CLASSIFICATION","ES VAT PARTY CLASSIFICATION","FIN_IMPL","2016/10/18 09:22:52.096","DK","2016/10/18 09:24:12.825","3F20B23A66026810E0537AA3FD0AA88F","FIN_IMPL","US"
"ES VAT PARTY CLASSIFICATION","ES VAT PARTY CLASSIFICATION","FIN_IMPL","2016/10/18 09:22:52.096","E","2016/10/18 09:24:12.825","3F20B23A66026810E0537AA3FD0AA88F","FIN_IMPL","US"
"ES VAT PARTY CLASSIFICATION","ES VAT PARTY CLASSIFICATION","FIN_IMPL","2016/10/18 09:22:52.097","F","2016/10/18 09:24:12.826","3F20B23A66026810E0537AA3FD0AA88F","FIN_IMPL","US"
"ES VAT PARTY CLASSIFICATION","ES VAT PARTY CLASSIFICATION","FIN_IMPL","2016/10/18 09:22:52.097","FRC","2016/10/18 09:24:12.827","3F20B23A66026810E0537AA3FD0AA88F","FIN_IMPL","US"
"ES VAT PARTY CLASSIFICATION","ES VAT PARTY CLASSIFICATION","FIN_IMPL","2016/10/18 09:22:52.097","I","2016/10/18 09:24:12.827","3F20B23A66026810E0537AA3FD0AA88F","FIN_IMPL","US"
"ES VAT PARTY CLASSIFICATION","ES VAT PARTY CLASSIFICATION","FIN_IMPL","2016/10/18 09:22:52.098","JA","2016/10/18 09:24:12.828","3F20B23A66026810E0537AA3FD0AA88F","FIN_IMPL","US"
"ES VAT PARTY CLASSIFICATION","ES VAT PARTY CLASSIFICATION","FIN_IMPL","2016/10/18 09:22:52.098","KO","2016/10/18 09:24:12.829","3F20B23A66026810E0537AA3FD0AA88F","FIN_IMPL","US"
"ES VAT PARTY CLASSIFICATION","ES VAT PARTY CLASSIFICATION","FIN_IMPL","2016/10/18 09:22:52.099","N","2016/10/18 09:24:12.829","3F20B23A66026810E0537AA3FD0AA88F","FIN_IMPL","US"
"ES VAT PARTY CLASSIFICATION","ES VAT PARTY CLASSIFICATION","FIN_IMPL","2016/10/18 09:22:52.099","NL","2016/10/18 09:24:12.83","3F20B23A66026810E0537AA3FD0AA88F","FIN_IMPL","US"
"ES VAT PARTY CLASSIFICATION","ES VAT PARTY CLASSIFICATION","FIN_IMPL","2016/10/18 09:22:52.099","PL","2016/10/18 09:24:12.831","3F20B23A66026810E0537AA3FD0AA88F","FIN_IMPL","US"
"ES VAT PARTY CLASSIFICATION","ES VAT PARTY CLASSIFICATION","FIN_IMPL","2016/10/18 09:22:52.102","PTB","2016/10/18 09:24:12.832","3F20B23A66026810E0537AA3FD0AA88F","FIN_IMPL","US"
"ES VAT PARTY CLASSIFICATION","ES VAT PARTY CLASSIFICATION","FIN_IMPL","2016/10/18 09:22:52.102","RU","2016/10/18 09:24:12.834","3F20B23A66026810E0537AA3FD0AA88F","FIN_IMPL","US"
"ES VAT PARTY CLASSIFICATION","ES VAT PARTY CLASSIFICATION","FIN_IMPL","2016/10/18 09:22:52.103","S","2016/10/18 09:24:12.835","3F20B23A66026810E0537AA3FD0AA88F","FIN_IMPL","US"
"ES VAT PARTY CLASSIFICATION","ES VAT PARTY CLASSIFICATION","FIN_IMPL","2016/10/18 09:22:52.103","SF","2016/10/18 09:24:12.836","3F20B23A66026810E0537AA3FD0AA88F","FIN_IMPL","US"
"ES VAT PARTY CLASSIFICATION","ES VAT PARTY CLASSIFICATION","FIN_IMPL","2016/10/18 09:22:52.104","ZHS","2016/10/18 09:24:12.836","3F20B23A66026810E0537AA3FD0AA88F","FIN_IMPL","US"
"ES VAT PARTY CLASSIFICATION","ES VAT PARTY CLASSIFICATION","FIN_IMPL","2016/10/18 09:22:52.104","ZHT","2016/10/18 09:24:12.837","3F20B23A66026810E0537AA3FD0AA88F","FIN_IMPL","US"
"ES VAT PARTY CLASSIFICATION","ES VAT PARTY CLASSIFICATION","FIN_IMPL","2016/10/18 09:22:52.089","CS","2016/10/18 09:24:12.816","3F20B23A66026810E0537AA3FD0AA88F","FIN_IMPL","US"
"ES VAT PARTY CLASSIFICATION","ES VAT PARTY CLASSIFICATION","FIN_IMPL","2016/10/18 09:22:52.089","HU","2016/10/18 09:24:12.816","3F20B23A66026810E0537AA3FD0AA88F","FIN_IMPL","US"
"ES VAT PARTY CLASSIFICATION","ES VAT PARTY CLASSIFICATION","FIN_IMPL","2016/10/18 09:22:52.089","IW","2016/10/18 09:24:12.816","3F20B23A66026810E0537AA3FD0AA88F","FIN_IMPL","US"
"ES VAT PARTY CLASSIFICATION","ES VAT PARTY CLASSIFICATION","FIN_IMPL","2016/10/18 09:22:52.089","RO","2016/10/18 09:24:12.816","3F20B23A66026810E0537AA3FD0AA88F","FIN_IMPL","US"
"ES VAT PARTY CLASSIFICATION","ES VAT PARTY CLASSIFICATION","FIN_IMPL","2016/10/18 09:22:52.089","TR","2016/10/18 09:24:12.816","3F20B23A66026810E0537AA3FD0AA88F","FIN_IMPL","US"
"ES VAT PARTY CLASSIFICATION","ES VAT PARTY CLASSIFICATION","FIN_IMPL","2016/10/18 09:22:52.089","TH","2016/10/18 09:24:12.816","3F20B23A66026810E0537AA3FD0AA88F","FIN_IMPL","US"
"ES VAT PARTY CLASSIFICATION","ES VAT PARTY CLASSIFICATION","FIN_IMPL","2016/10/18 09:22:52.089","EL","2016/10/18 09:24:12.816","3F20B23A66026810E0537AA3FD0AA88F","FIN_IMPL","US"
"ES VAT PARTY CLASSIFICATION","ES VAT PARTY CLASSIFICATION","FIN_IMPL","2016/10/18 09:22:52.089","ESA","2016/10/18 09:24:12.816","3F20B23A66026810E0537AA3FD0AA88F","FIN_IMPL","US"
"ES VAT PARTY CLASSIFICATION","ES VAT PARTY CLASSIFICATION","FIN_IMPL","2016/10/18 09:22:52.089","HR","2016/10/18 09:24:12.816","3F20B23A66026810E0537AA3FD0AA88F","FIN_IMPL","US"
"ES VAT PARTY CLASSIFICATION","ES VAT PARTY CLASSIFICATION","FIN_IMPL","2016/10/18 09:22:52.089","IS","2016/10/18 09:24:12.816","3F20B23A66026810E0537AA3FD0AA88F","FIN_IMPL","US"
"ES VAT PARTY CLASSIFICATION","ES VAT PARTY CLASSIFICATION","FIN_IMPL","2016/10/18 09:22:52.089","LT","2016/10/18 09:24:12.816","3F20B23A66026810E0537AA3FD0AA88F","FIN_IMPL","US"
"ES VAT PARTY CLASSIFICATION","ES VAT PARTY CLASSIFICATION","FIN_IMPL","2016/10/18 09:22:52.089","PT","2016/10/18 09:24:12.816","3F20B23A66026810E0537AA3FD0AA88F","FIN_IMPL","US"
"ES VAT PARTY CLASSIFICATION","ES VAT PARTY CLASSIFICATION","FIN_IMPL","2016/10/18 09:22:52.089","SK","2016/10/18 09:24:12.816","3F20B23A66026810E0537AA3FD0AA88F","FIN_IMPL","US"
"ES VAT PARTY CLASSIFICATION","ES VAT PARTY CLASSIFICATION","FIN_IMPL","2016/10/18 09:22:52.089","SL","2016/10/18 09:24:12.816","3F20B23A66026810E0537AA3FD0AA88F","FIN_IMPL","US"
"ES VAT PARTY CLASSIFICATION","ES VAT PARTY CLASSIFICATION","FIN_IMPL","2016/10/18 09:22:52.089","ET","2016/10/18 09:24:12.816","3F20B23A66026810E0537AA3FD0AA88F","FIN_IMPL","US"
"ES VAT PARTY CLASSIFICATION","ES VAT PARTY CLASSIFICATION","FIN_IMPL","2016/10/18 09:22:52.089","LV","2016/10/18 09:24:12.816","3F20B23A66026810E0537AA3FD0AA88F","FIN_IMPL","US"
"EXPORTS INDIA","Exports India","FIN_IMPL","2019/09/05 14:16:06.205","AR","2019/09/05 14:18:41.496","91CF9D1E87A7249AE053C390DF0A49AD","FIN_IMPL","US"
"EXPORTS INDIA","Exports India","FIN_IMPL","2019/09/05 14:16:06.234","CS","2019/09/05 14:18:41.501","91CF9D1E87A7249AE053C390DF0A49AD","FIN_IMPL","US"
"EXPORTS INDIA","Exports India","FIN_IMPL","2019/09/05 14:16:06.235","D","2019/09/05 14:18:41.501","91CF9D1E87A7249AE053C390DF0A49AD","FIN_IMPL","US"
"EXPORTS INDIA","Exports India","FIN_IMPL","2019/09/05 14:16:06.236","DK","2019/09/05 14:18:41.502","91CF9D1E87A7249AE053C390DF0A49AD","FIN_IMPL","US"
"EXPORTS INDIA","Exports India","FIN_IMPL","2019/09/05 14:16:06.236","E","2019/09/05 14:18:41.503","91CF9D1E87A7249AE053C390DF0A49AD","FIN_IMPL","US"
"EXPORTS INDIA","Exports India","FIN_IMPL","2019/09/05 14:16:06.237","F","2019/09/05 14:18:41.504","91CF9D1E87A7249AE053C390DF0A49AD","FIN_IMPL","US"
"EXPORTS INDIA","Exports India","FIN_IMPL","2019/09/05 14:16:06.237","FRC","2019/09/05 14:18:41.504","91CF9D1E87A7249AE053C390DF0A49AD","FIN_IMPL","US"
"EXPORTS INDIA","Exports India","FIN_IMPL","2019/09/05 14:16:06.237","HU","2019/09/05 14:18:41.505","91CF9D1E87A7249AE053C390DF0A49AD","FIN_IMPL","US"
"EXPORTS INDIA","Exports India","FIN_IMPL","2019/09/05 14:16:06.238","I","2019/09/05 14:18:41.506","91CF9D1E87A7249AE053C390DF0A49AD","FIN_IMPL","US"
"EXPORTS INDIA","Exports India","FIN_IMPL","2019/09/05 14:16:06.238","IW","2019/09/05 14:18:41.506","91CF9D1E87A7249AE053C390DF0A49AD","FIN_IMPL","US"
"EXPORTS INDIA","Exports India","FIN_IMPL","2019/09/05 14:16:06.238","JA","2019/09/05 14:18:41.507","91CF9D1E87A7249AE053C390DF0A49AD","FIN_IMPL","US"
"EXPORTS INDIA","Exports India","FIN_IMPL","2019/09/05 14:16:06.239","KO","2019/09/05 14:18:41.508","91CF9D1E87A7249AE053C390DF0A49AD","FIN_IMPL","US"
"EXPORTS INDIA","Exports India","FIN_IMPL","2019/09/05 14:16:06.239","N","2019/09/05 14:18:41.508","91CF9D1E87A7249AE053C390DF0A49AD","FIN_IMPL","US"
"EXPORTS INDIA","Exports India","FIN_IMPL","2019/09/05 14:16:06.239","NL","2019/09/05 14:18:41.509","91CF9D1E87A7249AE053C390DF0A49AD","FIN_IMPL","US"
"EXPORTS INDIA","Exports India","FIN_IMPL","2019/09/05 14:16:06.24","PL","2019/09/05 14:18:41.509","91CF9D1E87A7249AE053C390DF0A49AD","FIN_IMPL","US"
"EXPORTS INDIA","Exports India","FIN_IMPL","2019/09/05 14:16:06.24","PTB","2019/09/05 14:18:41.51","91CF9D1E87A7249AE053C390DF0A49AD","FIN_IMPL","US"
"EXPORTS INDIA","Exports India","FIN_IMPL","2019/09/05 14:16:06.241","RO","2019/09/05 14:18:41.511","91CF9D1E87A7249AE053C390DF0A49AD","FIN_IMPL","US"
"EXPORTS INDIA","Exports India","FIN_IMPL","2019/09/05 14:16:06.241","RU","2019/09/05 14:18:41.511","91CF9D1E87A7249AE053C390DF0A49AD","FIN_IMPL","US"
"EXPORTS INDIA","Exports India","FIN_IMPL","2019/09/05 14:16:06.241","S","2019/09/05 14:18:41.512","91CF9D1E87A7249AE053C390DF0A49AD","FIN_IMPL","US"
"EXPORTS INDIA","Exports India","FIN_IMPL","2019/09/05 14:16:06.242","SF","2019/09/05 14:18:41.512","91CF9D1E87A7249AE053C390DF0A49AD","FIN_IMPL","US"
"EXPORTS INDIA","Exports India","FIN_IMPL","2019/09/05 14:16:06.242","TH","2019/09/05 14:18:41.513","91CF9D1E87A7249AE053C390DF0A49AD","FIN_IMPL","US"
"EXPORTS INDIA","Exports India","FIN_IMPL","2019/09/05 14:16:06.242","TR","2019/09/05 14:18:41.514","91CF9D1E87A7249AE053C390DF0A49AD","FIN_IMPL","US"
"EXPORTS INDIA","Exports India","FIN_IMPL","2019/09/05 14:16:06.243","US","2019/09/05 14:18:41.514","91CF9D1E87A7249AE053C390DF0A49AD","FIN_IMPL","US"
"EXPORTS INDIA","Exports India","FIN_IMPL","2019/09/05 14:16:06.243","ZHS","2019/09/05 14:18:41.515","91CF9D1E87A7249AE053C390DF0A49AD","FIN_IMPL","US"
"EXPORTS INDIA","Exports India","FIN_IMPL","2019/09/05 14:16:06.243","ZHT","2019/09/05 14:18:41.516","91CF9D1E87A7249AE053C390DF0A49AD","FIN_IMPL","US"
"INDIA SUPPLIER TYPE","Supplier Types for India","FIN_IMPL","2021/11/18 16:59:05.274","US","2021/11/18 17:21:15.804","D040705DC4866480E0530264FD0A9889","FIN_IMPL","US"
"INDIA SUPPLIER TYPE","Supplier Types for India","FIN_IMPL","2021/11/18 16:59:05.322","AR","2021/11/18 17:21:15.812","D040705DC4866480E0530264FD0A9889","FIN_IMPL","US"
"INDIA SUPPLIER TYPE","Supplier Types for India","FIN_IMPL","2021/11/18 16:59:05.322","D","2021/11/18 17:21:15.813","D040705DC4866480E0530264FD0A9889","FIN_IMPL","US"
"INDIA SUPPLIER TYPE","Supplier Types for India","FIN_IMPL","2021/11/18 16:59:05.323","DK","2021/11/18 17:21:15.814","D040705DC4866480E0530264FD0A9889","FIN_IMPL","US"
"INDIA SUPPLIER TYPE","Supplier Types for India","FIN_IMPL","2021/11/18 16:59:05.323","E","2021/11/18 17:21:15.815","D040705DC4866480E0530264FD0A9889","FIN_IMPL","US"
"INDIA SUPPLIER TYPE","Supplier Types for India","FIN_IMPL","2021/11/18 16:59:05.323","F","2021/11/18 17:21:15.816","D040705DC4866480E0530264FD0A9889","FIN_IMPL","US"
"INDIA SUPPLIER TYPE","Supplier Types for India","FIN_IMPL","2021/11/18 16:59:05.324","FRC","2021/11/18 17:21:15.817","D040705DC4866480E0530264FD0A9889","FIN_IMPL","US"
"INDIA SUPPLIER TYPE","Supplier Types for India","FIN_IMPL","2021/11/18 16:59:05.324","I","2021/11/18 17:21:15.818","D040705DC4866480E0530264FD0A9889","FIN_IMPL","US"
"INDIA SUPPLIER TYPE","Supplier Types for India","FIN_IMPL","2021/11/18 16:59:05.325","JA","2021/11/18 17:21:15.818","D040705DC4866480E0530264FD0A9889","FIN_IMPL","US"
"INDIA SUPPLIER TYPE","Supplier Types for India","FIN_IMPL","2021/11/18 16:59:05.325","KO","2021/11/18 17:21:15.819","D040705DC4866480E0530264FD0A9889","FIN_IMPL","US"
"INDIA SUPPLIER TYPE","Supplier Types for India","FIN_IMPL","2021/11/18 16:59:05.326","NL","2021/11/18 17:21:15.82","D040705DC4866480E0530264FD0A9889","FIN_IMPL","US"
"INDIA SUPPLIER TYPE","Supplier Types for India","FIN_IMPL","2021/11/18 16:59:05.326","PL","2021/11/18 17:21:15.821","D040705DC4866480E0530264FD0A9889","FIN_IMPL","US"
"INDIA SUPPLIER TYPE","Supplier Types for India","FIN_IMPL","2021/11/18 16:59:05.326","PTB","2021/11/18 17:21:15.822","D040705DC4866480E0530264FD0A9889","FIN_IMPL","US"
"INDIA SUPPLIER TYPE","Supplier Types for India","FIN_IMPL","2021/11/18 16:59:05.327","RU","2021/11/18 17:21:15.823","D040705DC4866480E0530264FD0A9889","FIN_IMPL","US"
"INDIA SUPPLIER TYPE","Supplier Types for India","FIN_IMPL","2021/11/18 16:59:05.327","S","2021/11/18 17:21:15.824","D040705DC4866480E0530264FD0A9889","FIN_IMPL","US"
"INDIA SUPPLIER TYPE","Supplier Types for India","FIN_IMPL","2021/11/18 16:59:05.328","SF","2021/11/18 17:21:15.825","D040705DC4866480E0530264FD0A9889","FIN_IMPL","US"
"INDIA SUPPLIER TYPE","Supplier Types for India","FIN_IMPL","2021/11/18 16:59:05.328","TR","2021/11/18 17:21:15.826","D040705DC4866480E0530264FD0A9889","FIN_IMPL","US"
"INDIA SUPPLIER TYPE","Supplier Types for India","FIN_IMPL","2021/11/18 16:59:05.328","ZHS","2021/11/18 17:21:15.826","D040705DC4866480E0530264FD0A9889","FIN_IMPL","US"
"INDIA SUPPLIER TYPE","Supplier Types for India","FIN_IMPL","2021/11/18 16:59:05.329","ZHT","2021/11/18 17:21:15.827","D040705DC4866480E0530264FD0A9889","FIN_IMPL","US"
"INDIA SUPPLIER TYPE","Supplier Types for India","FIN_IMPL","2021/11/18 16:59:05.274","CS","2021/11/18 17:21:15.804","D040705DC4866480E0530264FD0A9889","FIN_IMPL","US"
"INDIA SUPPLIER TYPE","Supplier Types for India","FIN_IMPL","2021/11/18 16:59:05.274","HU","2021/11/18 17:21:15.804","D040705DC4866480E0530264FD0A9889","FIN_IMPL","US"
"INDIA SUPPLIER TYPE","Supplier Types for India","FIN_IMPL","2021/11/18 16:59:05.274","IW","2021/11/18 17:21:15.804","D040705DC4866480E0530264FD0A9889","FIN_IMPL","US"
"INDIA SUPPLIER TYPE","Supplier Types for India","FIN_IMPL","2021/11/18 16:59:05.274","N","2021/11/18 17:21:15.804","D040705DC4866480E0530264FD0A9889","FIN_IMPL","US"
"INDIA SUPPLIER TYPE","Supplier Types for India","FIN_IMPL","2021/11/18 16:59:05.274","RO","2021/11/18 17:21:15.804","D040705DC4866480E0530264FD0A9889","FIN_IMPL","US"
"INDIA SUPPLIER TYPE","Supplier Types for India","FIN_IMPL","2021/11/18 16:59:05.274","TH","2021/11/18 17:21:15.804","D040705DC4866480E0530264FD0A9889","FIN_IMPL","US"
"INDIA REDUCED TDS","INDIA REDUCED TDS","FIN_IMPL","2021/11/22 14:02:11.363","US","2021/11/22 14:06:54.298","D132DCD93CB32368E0530364FD0A9696","FIN_IMPL","US"
"INDIA REDUCED TDS","INDIA REDUCED TDS","FIN_IMPL","2021/11/22 14:02:11.403","AR","2021/11/22 14:06:54.306","D132DCD93CB32368E0530364FD0A9696","FIN_IMPL","US"
"INDIA REDUCED TDS","INDIA REDUCED TDS","FIN_IMPL","2021/11/22 14:02:11.403","D","2021/11/22 14:06:54.307","D132DCD93CB32368E0530364FD0A9696","FIN_IMPL","US"
"INDIA REDUCED TDS","INDIA REDUCED TDS","FIN_IMPL","2021/11/22 14:02:11.403","DK","2021/11/22 14:06:54.308","D132DCD93CB32368E0530364FD0A9696","FIN_IMPL","US"
"INDIA REDUCED TDS","INDIA REDUCED TDS","FIN_IMPL","2021/11/22 14:02:11.403","E","2021/11/22 14:06:54.309","D132DCD93CB32368E0530364FD0A9696","FIN_IMPL","US"
"INDIA REDUCED TDS","INDIA REDUCED TDS","FIN_IMPL","2021/11/22 14:02:11.403","F","2021/11/22 14:06:54.309","D132DCD93CB32368E0530364FD0A9696","FIN_IMPL","US"
"INDIA REDUCED TDS","INDIA REDUCED TDS","FIN_IMPL","2021/11/22 14:02:11.404","FRC","2021/11/22 14:06:54.31","D132DCD93CB32368E0530364FD0A9696","FIN_IMPL","US"
"INDIA REDUCED TDS","INDIA REDUCED TDS","FIN_IMPL","2021/11/22 14:02:11.404","I","2021/11/22 14:06:54.311","D132DCD93CB32368E0530364FD0A9696","FIN_IMPL","US"
"INDIA REDUCED TDS","INDIA REDUCED TDS","FIN_IMPL","2021/11/22 14:02:11.404","JA","2021/11/22 14:06:54.312","D132DCD93CB32368E0530364FD0A9696","FIN_IMPL","US"
"INDIA REDUCED TDS","INDIA REDUCED TDS","FIN_IMPL","2021/11/22 14:02:11.404","KO","2021/11/22 14:06:54.313","D132DCD93CB32368E0530364FD0A9696","FIN_IMPL","US"
"INDIA REDUCED TDS","INDIA REDUCED TDS","FIN_IMPL","2021/11/22 14:02:11.404","NL","2021/11/22 14:06:54.314","D132DCD93CB32368E0530364FD0A9696","FIN_IMPL","US"
"INDIA REDUCED TDS","INDIA REDUCED TDS","FIN_IMPL","2021/11/22 14:02:11.405","PL","2021/11/22 14:06:54.314","D132DCD93CB32368E0530364FD0A9696","FIN_IMPL","US"
"INDIA REDUCED TDS","INDIA REDUCED TDS","FIN_IMPL","2021/11/22 14:02:11.405","PTB","2021/11/22 14:06:54.315","D132DCD93CB32368E0530364FD0A9696","FIN_IMPL","US"
"INDIA REDUCED TDS","INDIA REDUCED TDS","FIN_IMPL","2021/11/22 14:02:11.405","RU","2021/11/22 14:06:54.316","D132DCD93CB32368E0530364FD0A9696","FIN_IMPL","US"
"INDIA REDUCED TDS","INDIA REDUCED TDS","FIN_IMPL","2021/11/22 14:02:11.405","S","2021/11/22 14:06:54.317","D132DCD93CB32368E0530364FD0A9696","FIN_IMPL","US"
"INDIA REDUCED TDS","INDIA REDUCED TDS","FIN_IMPL","2021/11/22 14:02:11.405","SF","2021/11/22 14:06:54.318","D132DCD93CB32368E0530364FD0A9696","FIN_IMPL","US"
"INDIA REDUCED TDS","INDIA REDUCED TDS","FIN_IMPL","2021/11/22 14:02:11.406","TR","2021/11/22 14:06:54.318","D132DCD93CB32368E0530364FD0A9696","FIN_IMPL","US"
"INDIA REDUCED TDS","INDIA REDUCED TDS","FIN_IMPL","2021/11/22 14:02:11.406","ZHS","2021/11/22 14:06:54.319","D132DCD93CB32368E0530364FD0A9696","FIN_IMPL","US"
"INDIA REDUCED TDS","INDIA REDUCED TDS","FIN_IMPL","2021/11/22 14:02:11.406","ZHT","2021/11/22 14:06:54.32","D132DCD93CB32368E0530364FD0A9696","FIN_IMPL","US"
"INDIA REDUCED TDS","INDIA REDUCED TDS","FIN_IMPL","2021/11/22 14:02:11.363","CS","2021/11/22 14:06:54.298","D132DCD93CB32368E0530364FD0A9696","FIN_IMPL","US"
"INDIA REDUCED TDS","INDIA REDUCED TDS","FIN_IMPL","2021/11/22 14:02:11.363","HU","2021/11/22 14:06:54.298","D132DCD93CB32368E0530364FD0A9696","FIN_IMPL","US"
"INDIA REDUCED TDS","INDIA REDUCED TDS","FIN_IMPL","2021/11/22 14:02:11.363","IW","2021/11/22 14:06:54.298","D132DCD93CB32368E0530364FD0A9696","FIN_IMPL","US"
"INDIA REDUCED TDS","INDIA REDUCED TDS","FIN_IMPL","2021/11/22 14:02:11.363","N","2021/11/22 14:06:54.298","D132DCD93CB32368E0530364FD0A9696","FIN_IMPL","US"
"INDIA REDUCED TDS","INDIA REDUCED TDS","FIN_IMPL","2021/11/22 14:02:11.363","RO","2021/11/22 14:06:54.298","D132DCD93CB32368E0530364FD0A9696","FIN_IMPL","US"
"INDIA REDUCED TDS","INDIA REDUCED TDS","FIN_IMPL","2021/11/22 14:02:11.363","TH","2021/11/22 14:06:54.298","D132DCD93CB32368E0530364FD0A9696","FIN_IMPL","US"
