"PartyTypeCode","PartyNumber","LegalEntityIdentifier","LegalEstablishmentName","SupplierFlag","CustomerFlag","SiteFlag","ProcessForApplicabilityFlag","RoundingLevelCode","RoundingRuleCode","WithholdingStartDate","InclusiveTaxFlag","AllowAwtFlag","UseLeAsSubscriberFlag","LegalEstablishmentFlag","FirstPartyLeFlag","ReportingAuthorityFlag","CollectingAuthorityFlag","ProviderTypeCode","CreateAwtDistsTypeCode","CreateAwtInvoicesTypeCode","TaxClassificationCode","SelfAssessFlag","AllowOffsetTaxFlag","EffectiveFromUseLe","RecordTypeCode","CreatedBy","CreationDate","LastUpdatedBy","LastUpdateDate","LastUpdateLogin","Attribute1","Attribute2","Attribute3","Attribute4","Attribute5","Attribute6","Attribute7","Attribute8","Attribute9","Attribute10","Attribute11","Attribute12","Attribute13","Attribute14","Attribute15","AttributeCategory","RepRegistrationNumber","RegistrationTypeCode","CountryCode","MergedStatusCode","ProgramAppName","ProgramName","PartyName","WhtDateBasis","AllowZeroAmtWhtInvFlag","WhtRoundingLevelCode","WhtRoundingRuleCode","WhtUseLeAsSubscriberFlag","WhtEffectiveFromUseLe","TransportPrvdrFlag","UseSystemDefaultsFlag"
"LEGAL_ESTABLISHMENT","796443","LE_AU_01","AU  Council Legal Entity","","","","","","","","","","","","","","","","","","","","","","USER_DEFINED","FIN_IMPL","2021/02/02 16:39:22.576","FIN_IMPL","2021/02/02 16:39:34.96","BA5CCB5A83A437C4E0539E90DF0AD83E","","","","","","","","","","","","","","","","","","","","","","","AU  Council Legal Entity","","","","","","","",""
"LEGAL_ESTABLISHMENT","426107","LE_DZ_1","Algeria Legal Entity","","","","","","","","","","","","","","","","","","","","","","USER_DEFINED","BETTY.ANDERSON","2016/04/16 10:53:32.471","BETTY.ANDERSON","2016/04/16 10:53:32.783","30933E0769576FE9E053790B548C4129","","","","","","","","","","","","","","","","","","","","","","","Algeria Legal Entity","","","","","","","",""
"LEGAL_ESTABLISHMENT","414104","LE_AR_1","Argentina Legal Entity","","","","","","","","","","","","","","","","","","","","","","USER_DEFINED","BETTY.ANDERSON","2016/04/14 11:42:49.272","BETTY.ANDERSON","2016/04/14 11:42:49.768","306BDD7738BF3435E053790B548C452F","","","","","","","","","","","","","","","","","","","","","","","Argentina Legal Entity","","","","","","","",""
"LEGAL_ESTABLISHMENT","707293","LE_HE_AU","Australia HE Legal Entity","","","","","","","","","","","","","","","","","","","","","","USER_DEFINED","HCM_IMPL","2019/09/10 15:55:26.509","HCM_IMPL","2019/09/10 15:55:28.738","9235CD237F1ED5D3E053C390DF0AD12A","","","","","","","","","","","","","","","","","","","","","","","Australia HE Legal Entity","","","","","","","",""
"LEGAL_ESTABLISHMENT","2190","LE_AU_1","Australia Legal Entity","","","","","","","","","","","","","","","","","","","","","","USER_DEFINED","FIN_IMPL","2013/11/22 18:17:57.985","FIN_IMPL","2013/11/22 18:17:58.088","EBC853D873A03B2CE0436204548CB121","","","","","","","","","","","","","","","","","","","","","","","Australia Legal Entity","","","","","","","",""
"LEGAL_ESTABLISHMENT","342012","LE_AT_1","Austria Legal Entity","","","","","","","","","","","","","","","","","","","","","","USER_DEFINED","HCM_IMPL","2015/12/16 14:07:29.768","HCM_IMPL","2015/12/16 14:07:30.02","2703A67E877E1557E053790B548C7718","","","","","","","","","","","","","","","","","","","","","","","Austria Legal Entity","","","","","","","",""
"LEGAL_ESTABLISHMENT","342029","LE_BH_1","Bahrain Legal Entity","","","","","","","","","","","","","","","","","","","","","","USER_DEFINED","HCM_IMPL","2015/12/18 10:14:25.004","HCM_IMPL","2015/12/18 10:14:25.253","2727F3C181741A9FE053790B548CFFE6","","","","","","","","","","","","","","","","","","","","","","","Bahrain Legal Entity","","","","","","","",""
"LEGAL_ESTABLISHMENT","77726","LE_CN_1","Beijing Branch Office","","","","","","","","","","","","","","","","","","","","","","USER_DEFINED","HCM_IMPL","2014/08/08 07:12:40.564","HCM_IMPL","2014/08/08 07:12:44.027","0018D94ED2643E98E0536204548CBC0F","","","","","","","","","","","","","","","","","","","","","","","Beijing Branch Office","","","","","","","",""
"LEGAL_ESTABLISHMENT","187735","LE_CN_1","Beijing Center","","","","","","","","","","","","","","","","","","","","","","USER_DEFINED","HCM_IMPL","2014/09/23 01:52:12.275","HCM_IMPL","2014/09/23 01:52:20.638","03B25E4CD981479DE0536204548CB92F","","","","","","","","","","","","","","","","","","","","","","","Beijing Center","","","","","","","",""
"LEGAL_ESTABLISHMENT","242859","LE_BE_1","Belgium Legal Entity","","","","","","","","","","","","","","","","","","","","","","USER_DEFINED","HCM_IMPL","2015/06/12 11:39:20.403","HCM_IMPL","2015/06/12 11:39:24.04","184F8649502B753BE0536204548CE5DC","","","","","","","","","","","","","","","","","","","","","","","Belgium Legal Entity","","","","","","","",""
"LEGAL_ESTABLISHMENT","619450","LE_BE_2","Belgium Legal Entity 2","","","","","","","","","","","","","","","","","","","","","","USER_DEFINED","BETTY.ANDERSON","2018/02/28 12:32:37.424","BETTY.ANDERSON","2018/02/28 12:32:37.718","6645CF2E605C9C24E053E9A7FD0A103B","","","","","","","","","","","","","","","","","","","","","","","Belgium Legal Entity 2","","","","","","","",""
"LEGAL_ESTABLISHMENT","234859","LE_BR_1","Brazil Legal Entity","","","","","","","","","","","","","","","","","","","","","","USER_DEFINED","HCM_IMPL","2015/06/05 13:15:42.75","HCM_IMPL","2015/06/05 13:15:45.682","17ACF1B2D12D368DE0536204548C26B3","","","","","","","","","","","","","","","","","","","","","","","Brazil Legal Entity","","","","","","","",""
"LEGAL_ESTABLISHMENT","14374","LE_CA_1","Canada Legal Entity","","","","","","","","","","","","","","","","","","","","","","USER_DEFINED","FIN_IMPL","2013/12/20 03:24:11.746","FIN_IMPL","2013/12/20 03:24:11.915","EDEFADA5289B4C18E0436204548C783F","","","","","","","","","","","","","","","","","","","","","","","Canada Legal Entity","","","","","","","",""
"LEGAL_ESTABLISHMENT","427103","CA LE 2","Canada Legal Entity 2","","","","","","","","","","","","","","","","","","","","","","USER_DEFINED","HCM_IMPL10","2016/04/16 19:29:11.477","HCM_IMPL10","2016/04/16 19:29:11.825","30A00AE754857209E053790B548CFF38","","","","","","","","","","","","","","","","","","","","","","","Canada Legal Entity 2","","","","","","","",""
"LEGAL_ESTABLISHMENT","389104","LE_CL_1","Chile Legal Entity","","","","","","","","","","","","","","","","","","","","","","USER_DEFINED","BETTY.ANDERSON","2016/04/12 03:23:29.735","BETTY.ANDERSON","2016/04/12 03:23:30.006","3042283F8F5E321CE053790B548C5037","","","","","","","","","","","","","","","","","","","","","","","Chile Legal Entity","","","","","","","",""
"LEGAL_ESTABLISHMENT","2192","LE_CN_1","China Legal Entity","","","","","","","","","","","","","","","","","","","","","","USER_DEFINED","FIN_IMPL","2013/11/22 18:43:07.783","FIN_IMPL","2013/11/22 18:43:07.899","EBC950AF6C43533FE0436204548C3E5C","","","","","","","","","","","","","","","","","","","","","","","China Legal Entity","","","","","","","",""
"LEGAL_ESTABLISHMENT","540184","LE_CN_2","China Legal Entity 2","","","","","","","","","","","","","","","","","","","","","","USER_DEFINED","HCM_IMPL","2016/10/12 08:23:54.851","HCM_IMPL","2016/10/12 08:24:02.671","3EA4CEDCB7E7068EE0537AA3FD0AFB4E","","","","","","","","","","","","","","","","","","","","","","","China Legal Entity 2","","","","","","","",""
"LEGAL_ESTABLISHMENT","403105","LE_CO_1","Colombia Legal Entity","","","","","","","","","","","","","","","","","","","","","","USER_DEFINED","BETTY.ANDERSON","2016/04/13 05:57:18.902","BETTY.ANDERSON","2016/04/13 05:57:19.255","3057E712626540AEE053790B548C8BF8","","","","","","","","","","","","","","","","","","","","","","","Colombia Legal Entity","","","","","","","",""
"LEGAL_ESTABLISHMENT","425104","LE_CZ_1","Czech Republic Legal Entity","","","","","","","","","","","","","","","","","","","","","","USER_DEFINED","BETTY.ANDERSON","2016/04/16 09:13:35.111","BETTY.ANDERSON","2016/04/16 09:13:35.359","30933E0769576FE9E053790B548C4129","","","","","","","","","","","","","","","","","","","","","","","Czech Republic Legal Entity","","","","","","","",""
"LEGAL_ESTABLISHMENT","700287","LE_IN_1","Delhi State GST","","","","","","","","","","","","","","","","","","","","","","USER_DEFINED","FIN_IMPL","2019/07/17 09:48:26.169","FIN_IMPL","2019/07/17 09:48:31.334","8DDDBF1378A2ECFFE053C390DF0A7B5D","","","","","","","","","","","","","","","","","","","","","","","Delhi State GST","","","","","","","",""
"LEGAL_ESTABLISHMENT","235861","LE_DK_1","Denmark Legal Entity","","","","","","","","","","","","","","","","","","","","","","USER_DEFINED","HCM_IMPL","2015/06/09 11:03:49.497","HCM_IMPL","2015/06/09 11:03:49.663","1812D363E0EF02C0E0536204548CFB43","","","","","","","","","","","","","","","","","","","","","","","Denmark Legal Entity","","","","","","","",""
"LEGAL_ESTABLISHMENT","615405","LE_DK_2","Denmark Legal Entity2","","","","","","","","","","","","","","","","","","","","","","USER_DEFINED","HCM_IMPL","2017/11/08 06:47:15.275","HCM_IMPL","2017/11/08 06:47:19.665","5D739D4199BF45B6E0538DADFD0AD752","","","","","","","","","","","","","","","","","","","","","","","Denmark Legal Entity2","","","","","","","",""
"LEGAL_ESTABLISHMENT","663275","LE_E360US","E360US Legal Reporting Unit","","","","","","","","","","","","","","","","","","","","","","USER_DEFINED","FIN_IMPL","2019/01/31 14:11:33.931","FIN_IMPL","2019/01/31 14:11:38.953","80BFEAC893E957B1E053C390DF0A1224","","","","","","","","","","","","","","","","","","","","","","","E360US Legal Entity","","","","","","","",""
"LEGAL_ESTABLISHMENT","342032","LE_EE_1","Estonia Legal Entity","","","","","","","","","","","","","","","","","","","","","","USER_DEFINED","HCM_IMPL","2015/12/18 12:00:10.007","HCM_IMPL","2015/12/18 12:00:10.16","2727F3C181741A9FE053790B548CFFE6","","","","","","","","","","","","","","","","","","","","","","","Estonia Legal Entity","","","","","","","",""
"LEGAL_ESTABLISHMENT","792432","LE_FED_US1","Federal US Legal Entity","","","","","","","","","","","","","","","","","","","","","","USER_DEFINED","FIN_IMPL","2021/01/07 16:01:15.716","FIN_IMPL","2021/01/07 16:01:19.394","B84F48D8A56DF148E0539E90DF0A2828","","","","","","","","","","","","","","","","","","","","","","","Federal US Legal Entity","","","","","","","",""
"LEGAL_ESTABLISHMENT","355088","LE_FIN_SVCS_UK","Fin Svcs UK Legal Entity","","","","","","","","","","","","","","","","","","","","","","USER_DEFINED","FIN_IMPL","2016/01/20 15:43:27.236","FIN_IMPL","2016/01/20 15:43:27.434","29C641CF9ED878F4E053790B548C4045","","","","","","","","","","","","","","","","","","","","","","","Fin Svcs UK Legal Entity","","","","","","","",""
"LEGAL_ESTABLISHMENT","355083","LE_FIN_SVCS_US","Fin Svcs US Legal Entity","","","","","","","","","","","","","","","","","","","","","","USER_DEFINED","FIN_IMPL","2016/01/20 15:06:38.769","FIN_IMPL","2016/01/20 15:06:41.532","29C654153FB87AD9E053790B548CB350","","","","","","","","","","","","","","","","","","","","","","","Fin Svcs US Legal Entity","","","","","","","",""
"LEGAL_ESTABLISHMENT","244866","LE_FI_1","Finland Legal Entity","","","","","","","","","","","","","","","","","","","","","","USER_DEFINED","HCM_IMPL","2015/06/15 12:41:59.686","HCM_IMPL","2015/06/15 12:41:59.826","188E7A853980759FE0536204548C59FC","","","","","","","","","","","","","","","","","","","","","","","Finland Legal Entity","","","","","","","",""
"LEGAL_ESTABLISHMENT","615409","LE_FI_2","Finland Legal Entity2","","","","","","","","","","","","","","","","","","","","","","USER_DEFINED","HCM_IMPL","2017/11/08 07:03:12.333","HCM_IMPL","2017/11/08 07:03:12.557","5D739D4199BF45B6E0538DADFD0AD752","","","","","","","","","","","","","","","","","","","","","","","Finland Legal Entity2","","","","","","","",""
"LEGAL_ESTABLISHMENT","2065","LE_FR_1","France Legal Entity","","","","","","","","","","","","","","","","","","","","","","USER_DEFINED","FIN_IMPL","2013/11/11 13:19:55.213","FIN_IMPL","2013/11/11 13:19:55.322","EAE6FF09F9951732E0436204548CC7C4","","","","","","","","","","","","","","","","","","","","","","","France Legal Entity","","","","","","","",""
"LEGAL_ESTABLISHMENT","619448","LE_FR_2","France Legal Entity 2","","","","","","","","","","","","","","","","","","","","","","USER_DEFINED","BETTY.ANDERSON","2018/02/28 08:40:05.509","BETTY.ANDERSON","2018/02/28 08:40:10.303","6641A075DB4065A8E053E9A7FD0AC9BF","","","","","","","","","","","","","","","","","","","","","","","France Legal Entity 2","","","","","","","",""
"LEGAL_ESTABLISHMENT","702288","LE_FR_3","France Legal Entity 3","","","","","","","","","","","","","","","","","","","","","","USER_DEFINED","CURTIS.FEITTY","2019/07/30 08:56:01.373","CURTIS.FEITTY","2019/07/30 08:56:04.247","8EE0EC0A6746C8C8E053C390DF0AACFD","","","","","","","","","","","","","","","","","","","","","","","France Legal Entity 3","","","","","","","",""
"LEGAL_ESTABLISHMENT","5364","LE_DE_1","Germany Legal Entity","","","","","","","","","","","","","","","","","","","","","","USER_DEFINED","FIN_IMPL","2013/12/06 22:21:19.139","FIN_IMPL","2013/12/06 22:21:19.249","ECE57D9BE9CE74C7E0436204548CBC8E","","","","","","","","","","","","","","","","","","","","","","","Germany Legal Entity","","","","","","","",""
"LEGAL_ESTABLISHMENT","619452","LE_DE_2","Germany Legal Entity 2","","","","","","","","","","","","","","","","","","","","","","USER_DEFINED","BETTY.ANDERSON","2018/02/28 12:52:46.445","BETTY.ANDERSON","2018/02/28 12:52:46.606","6645CF2E605C9C24E053E9A7FD0A103B","","","","","","","","","","","","","","","","","","","","","","","Germany Legal Entity 2","","","","","","","",""
"LEGAL_ESTABLISHMENT","426104","LE_GR_1","Greece Legal Entity","","","","","","","","","","","","","","","","","","","","","","USER_DEFINED","BETTY.ANDERSON","2016/04/16 10:31:41.258","BETTY.ANDERSON","2016/04/16 10:31:41.421","30933E0769576FE9E053790B548C4129","","","","","","","","","","","","","","","","","","","","","","","Greece Legal Entity","","","","","","","",""
"LEGAL_ESTABLISHMENT","636116","LE_HC_PAY_US1","Healthcare Payor US1 Legal Entity","","","","","","","","","","","","","","","","","","","","","","USER_DEFINED","FIN_IMPL","2018/09/07 10:08:35.153","FIN_IMPL","2018/09/07 10:08:40.995","754328E45EF6027AE0537990DF0A5805","","","","","","","","","","","","","","","","","","","","","","","Healthcare Payor US1 Legal Entity","","","","","","","",""
"LEGAL_ESTABLISHMENT","636118","LE_HC_PAY_US2","Healthcare Payor US2 Legal Entity","","","","","","","","","","","","","","","","","","","","","","USER_DEFINED","FIN_IMPL","2018/09/07 10:13:59.977","FIN_IMPL","2018/09/07 10:14:00.304","754328E45EF6027AE0537990DF0A5805","","","","","","","","","","","","","","","","","","","","","","","Healthcare Payor US2 Legal Entity","","","","","","","",""
"LEGAL_ESTABLISHMENT","68719","LE_HC_US","Healthcare US Legal Entity","","","","","","","","","","","","","","","","","","","","","","USER_DEFINED","FIN_IMPL","2014/07/30 21:54:42.354","FIN_IMPL","2014/07/30 21:54:42.741","FF6C2C2A8DBE35AAE0436204548C093D","","","","","","","","","","","","","","","","","","","","","","","Healthcare US Legal Entity","","","","","","","",""
"LEGAL_ESTABLISHMENT","270890","LE_HC_US","Healthcare US TRU 2","","","","","","","","","","","","","","","","","","","","","","USER_DEFINED","HCM_IMPL","2015/07/30 14:53:12.339","HCM_IMPL","2015/07/30 14:53:17.684","1C18B6CD85904B11E0536204548C9455","","","","","","","","","","","","","","","","","","","","","","","Healthcare US TRU 2","","","","","","","",""
"LEGAL_ESTABLISHMENT","2210","LE_HK_1","Hong Kong Legal Entity","","","","","","","","","","","","","","","","","","","","","","USER_DEFINED","HCM_IMPL","2013/11/26 16:05:08.4","HCM_IMPL","2013/11/26 16:05:08.506","EC166516646B090FE0436204548CE1D4","","","","","","","","","","","","","","","","","","","","","","","Hong Kong Legal Entity","","","","","","","",""
"LEGAL_ESTABLISHMENT","342025","LE_HU_1","Hungary Legal Entity","","","","","","","","","","","","","","","","","","","","","","USER_DEFINED","HCM_IMPL","2015/12/17 17:42:22.339","HCM_IMPL","2015/12/17 17:42:22.651","270E300465FB3CFFE053790B548C621D","","","","","","","","","","","","","","","","","","","","","","","Hungary Legal Entity","","","","","","","",""
"LEGAL_ESTABLISHMENT","2194","LE_IN_1","India Legal Entity","","","","","","","","","","","","","","","","","","","","","","USER_DEFINED","FIN_IMPL","2013/11/22 18:47:27.61","FIN_IMPL","2013/11/22 18:47:27.72","EBC950AF6C43533FE0436204548C3E5C","","","","","","","","","","","","","","","","","","","","","","","India Legal Entity","","","","","","","",""
"LEGAL_ESTABLISHMENT","416103","LE_ID_1","Indonesia Legal Entity","","","","","","","","","","","","","","","","","","","","","","USER_DEFINED","BETTY.ANDERSON","2016/04/15 05:18:46.536","BETTY.ANDERSON","2016/04/15 05:18:47.786","307FA50B78F45E74E053790B548CD376","","","","","","","","","","","","","","","","","","","","","","","Indonesia Legal Entity","","","","","","","",""
"LEGAL_ESTABLISHMENT","231857","LE_IE_1","Ireland Legal Entity","","","","","","","","","","","","","","","","","","","","","","USER_DEFINED","HCM_IMPL","2015/06/03 14:46:49.422","HCM_IMPL","2015/06/03 14:46:52.611","179C3F9B7CE04645E0536204548CF7F1","","","","","","","","","","","","","","","","","","","","","","","Ireland Legal Entity","","","","","","","",""
"LEGAL_ESTABLISHMENT","434105","LE_IL_1","Israel Legal Entity","","","","","","","","","","","","","","","","","","","","","","USER_DEFINED","BETTY.ANDERSON","2016/04/18 12:11:49.682","BETTY.ANDERSON","2016/04/18 12:11:49.953","30BC0BEECEF020E9E053790B548CF82B","","","","","","","","","","","","","","","","","","","","","","","Israel Legal Entity","","","","","","","",""
"LEGAL_ESTABLISHMENT","5360","LE_IT_1","Italy Legal Entity","","","","","","","","","","","","","","","","","","","","","","USER_DEFINED","FIN_IMPL","2013/12/06 22:16:54.629","FIN_IMPL","2013/12/06 22:16:54.756","ECE57D9BE9CE74C7E0436204548CBC8E","","","","","","","","","","","","","","","","","","","","","","","Italy Legal Entity","","","","","","","",""
"LEGAL_ESTABLISHMENT","557197","Italy Legal Entity 2","Italy Legal Entity 2","","","","","","","","","","","","","","","","","","","","","","USER_DEFINED","HCM_IMPL","2016/12/21 11:01:15.77","HCM_IMPL","2016/12/21 11:01:20.769","4427FEC2E8F304A9E0537AA3FD0A3C73","","","","","","","","","","","","","","","","","","","","","","","Italy Legal Entity 2","","","","","","","",""
"LEGAL_ESTABLISHMENT","2196","LE_JP_1","Japan Legal Entity","","","","","","","","","","","","","","","","","","","","","","USER_DEFINED","FIN_IMPL","2013/11/22 18:49:17.599","FIN_IMPL","2013/11/22 18:49:17.674","EBC950AF6C43533FE0436204548C3E5C","","","","","","","","","","","","","","","","","","","","","","","Japan Legal Entity","","","","","","","",""
"LEGAL_ESTABLISHMENT","244864","LE_KZ_1","Kazakhstan Legal Entity","","","","","","","","","","","","","","","","","","","","","","USER_DEFINED","HCM_IMPL","2015/06/15 11:16:45.418","HCM_IMPL","2015/06/15 11:16:45.598","188C7EA950CF1FC6E0536204548C5B09","","","","","","","","","","","","","","","","","","","","","","","Kazakhstan Legal Entity","","","","","","","",""
"LEGAL_ESTABLISHMENT","338013","LE_KW_1","Kuwait Legal Entity","","","","","","","","","","","","","","","","","","","","","","USER_DEFINED","HCM_IMPL","2015/12/14 10:46:04.699","HCM_IMPL","2015/12/14 10:46:07.753","26D1829F01E2428FE053790B548C3043","","","","","","","","","","","","","","","","","","","","","","","Kuwait Legal Entity","","","","","","","",""
"LEGAL_ESTABLISHMENT","342035","LE_LV_1","Latvia Legal Entity","","","","","","","","","","","","","","","","","","","","","","USER_DEFINED","HCM_IMPL","2015/12/18 12:24:13.102","HCM_IMPL","2015/12/18 12:24:13.248","2727F3C181741A9FE053790B548CFFE6","","","","","","","","","","","","","","","","","","","","","","","Latvia Legal Entity","","","","","","","",""
"LEGAL_ESTABLISHMENT","342038","LE_LI_1","Liechtenstein Legal Entity","","","","","","","","","","","","","","","","","","","","","","USER_DEFINED","HCM_IMPL","2015/12/18 15:05:03.204","HCM_IMPL","2015/12/18 15:05:03.346","272CD8B92DD54D87E053790B548CEB82","","","","","","","","","","","","","","","","","","","","","","","Liechtenstein Legal Entity","","","","","","","",""
"LEGAL_ESTABLISHMENT","342041","LE_LT_1","Lithuania Legal Entity","","","","","","","","","","","","","","","","","","","","","","USER_DEFINED","HCM_IMPL","2015/12/18 15:24:45.327","HCM_IMPL","2015/12/18 15:24:45.746","272CD8B92DD54D87E053790B548CEB82","","","","","","","","","","","","","","","","","","","","","","","Lithuania Legal Entity","","","","","","","",""
"LEGAL_ESTABLISHMENT","436104","LE_LU_1","Luxembourg Legal Entity","","","","","","","","","","","","","","","","","","","","","","USER_DEFINED","BETTY.ANDERSON","2016/04/19 06:05:22.913","BETTY.ANDERSON","2016/04/19 06:05:23.198","30D0218C3BEE43B6E053790B548C06D8","","","","","","","","","","","","","","","","","","","","","","","Luxembourg Legal Entity","","","","","","","",""
"LEGAL_ESTABLISHMENT","244860","LE_MY_1","Malaysia Legal Entity","","","","","","","","","","","","","","","","","","","","","","USER_DEFINED","HCM_IMPL","2015/06/15 10:13:45.541","HCM_IMPL","2015/06/15 10:13:48.842","188C7EA950CF1FC6E0536204548C5B09","","","","","","","","","","","","","","","","","","","","","","","Malaysia Legal Entity","","","","","","","",""
"LEGAL_ESTABLISHMENT","75727","LE_MX_1","Mexico Legal Entity","","","","","","","","","","","","","","","","","","","","","","USER_DEFINED","FIN_IMPL","2014/08/01 14:38:12.172","FIN_IMPL","2014/08/01 14:38:12.458","FF8F76FB35407D7DE0436204548C8570","","","","","","","","","","","","","","","","","","","","","","","Mexico Legal Entity","","","","","","","",""
"LEGAL_ESTABLISHMENT","483104","LE_MA_1","Morocco Legal Entity","","","","","","","","","","","","","","","","","","","","","","USER_DEFINED","BETTY.ANDERSON","2016/05/27 11:27:49.768","BETTY.ANDERSON","2016/05/27 11:27:50.003","33D05958F57558F8E053CFFBE70A7740","","","","","","","","","","","","","","","","","","","","","","","Morocco Legal Entity","","","","","","","",""
"LEGAL_ESTABLISHMENT","5366","LE_NL_1","Netherlands Legal Entity","","","","","","","","","","","","","","","","","","","","","","USER_DEFINED","FIN_IMPL","2013/12/06 22:23:17.66","FIN_IMPL","2013/12/06 22:23:17.742","ECE57D9BE9CE74C7E0436204548CBC8E","","","","","","","","","","","","","","","","","","","","","","","Netherlands Legal Entity","","","","","","","",""
"LEGAL_ESTABLISHMENT","234865","LE_NZ_1","New Zealand Legal Entity","","","","","","","","","","","","","","","","","","","","","","USER_DEFINED","HCM_IMPL","2015/06/05 16:39:29.604","HCM_IMPL","2015/06/05 16:39:29.784","17C7DAD7F0FC0340E0536204548C50F4","","","","","","","","","","","","","","","","","","","","","","","New Zealand Legal Entity","","","","","","","",""
"LEGAL_ESTABLISHMENT","342022","LE_NO_1","Norway Legal Entity","","","","","","","","","","","","","","","","","","","","","","USER_DEFINED","HCM_IMPL","2015/12/17 16:25:19.672","HCM_IMPL","2015/12/17 16:25:19.919","271ADE5CDF657DD5E053790B548C3E2B","","","","","","","","","","","","","","","","","","","","","","","Norway Legal Entity","","","","","","","",""
"LEGAL_ESTABLISHMENT","615411","LE_NO_2","Norway Legal Entity2","","","","","","","","","","","","","","","","","","","","","","USER_DEFINED","HCM_IMPL","2017/11/08 07:10:06.298","HCM_IMPL","2017/11/08 07:10:06.565","5D739D4199BF45B6E0538DADFD0AD752","","","","","","","","","","","","","","","","","","","","","","","Norway Legal Entity2","","","","","","","",""
"LEGAL_ESTABLISHMENT","342044","LE_OM_1","Oman Legal Entity","","","","","","","","","","","","","","","","","","","","","","USER_DEFINED","HCM_IMPL","2015/12/18 15:58:17.324","HCM_IMPL","2015/12/18 15:58:17.473","272CD8B92DD54D87E053790B548CEB82","","","","","","","","","","","","","","","","","","","","","","","Oman Legal Entity","","","","","","","",""
"LEGAL_ESTABLISHMENT","440104","LE_PK_1","Pakistan Legal Entity","","","","","","","","","","","","","","","","","","","","","","USER_DEFINED","BETTY.ANDERSON","2016/04/19 08:30:17.586","BETTY.ANDERSON","2016/04/19 08:30:17.735","30D30E887969691FE053790B548C2E3B","","","","","","","","","","","","","","","","","","","","","","","Pakistan Legal Entity","","","","","","","",""
"LEGAL_ESTABLISHMENT","437104","LE_PH_1","Philippines Legal Entity","","","","","","","","","","","","","","","","","","","","","","USER_DEFINED","BETTY.ANDERSON","2016/04/19 06:22:01.708","BETTY.ANDERSON","2016/04/19 06:22:01.853","30D14D08F1B94AFBE053790B548C2F78","","","","","","","","","","","","","","","","","","","","","","","Philippines Legal Entity","","","","","","","",""
"LEGAL_ESTABLISHMENT","5376","LE_PL_1","Poland Legal Entity","","","","","","","","","","","","","","","","","","","","","","USER_DEFINED","HCM_IMPL","2013/12/12 17:55:53.944","HCM_IMPL","2013/12/12 17:55:54.074","ED597B6D3D86445DE0436204548C49D3","","","","","","","","","","","","","","","","","","","","","","","Poland Legal Entity","","","","","","","",""
"LEGAL_ESTABLISHMENT","405104","LE_PT_1","Portugal Legal Entity","","","","","","","","","","","","","","","","","","","","","","USER_DEFINED","BETTY.ANDERSON","2016/04/13 10:10:51.171","BETTY.ANDERSON","2016/04/13 10:10:51.63","3057E712626540AEE053790B548C8BF8","","","","","","","","","","","","","","","","","","","","","","","Portugal Legal Entity","","","","","","","",""
"LEGAL_ESTABLISHMENT","72729","LE_PROG_UK","Progress UK Legal Entity","","","","","","","","","","","","","","","","","","","","","","USER_DEFINED","FIN_IMPL","2014/07/31 19:38:35.245","FIN_IMPL","2014/07/31 19:38:35.44","FF80635601B46FB0E0436204548C065D","","","","","","","","","","","","","","","","","","","","","","","Progress UK Legal Entity","","","","","","","",""
"LEGAL_ESTABLISHMENT","840449","PCPS-12345","Progress US County Public Schools","","","","","","","","","","","","","","","","","","","","","","USER_DEFINED","BETTY.ANDERSON","2021/08/22 14:10:09.434","BETTY.ANDERSON","2021/08/22 14:10:12.508","CA14834236E169FEE0530364FD0A4BF1","","","","","","","","","","","","","","","","","","","","","","","Progress US County Public Schools","","","","","","","",""
"LEGAL_ESTABLISHMENT","58676","LE_PRG_US_1","Progress US Legal Entity DO NOT USE","","","","","","","","","","","","","","","","","","","","","","USER_DEFINED","HCM_IMPL","2014/06/24 20:10:17.964","HCM_IMPL","2014/06/24 20:10:18.169","FC8FF281F9F26E27E0436204548C1F5B","","","","","","","","","","","","","","","","","","","","","","","Progress US Legal Entity","","","","","","","",""
"LEGAL_ESTABLISHMENT","58669","LE_PROG_US","Progress US Legal Entity","","","","","","","","","","","","","","","","","","","","","","USER_DEFINED","FIN_IMPL","2014/06/10 10:07:10.542","FIN_IMPL","2014/06/10 10:07:10.771","FB78DCD52482617FE0436204548C9A8E","","","","","","","","","","","","","","","","","","","","","","","Progress US Legal Entity","","","","","","","",""
"LEGAL_ESTABLISHMENT","342047","LE_QA_1","Qatar Legal Entity","","","","","","","","","","","","","","","","","","","","","","USER_DEFINED","HCM_IMPL","2015/12/18 16:22:29.922","HCM_IMPL","2015/12/18 16:22:30.078","272CD8B92DD54D87E053790B548CEB82","","","","","","","","","","","","","","","","","","","","","","","Qatar Legal Entity","","","","","","","",""
"LEGAL_ESTABLISHMENT","438104","LE_RO_1","Romania Legal Entity","","","","","","","","","","","","","","","","","","","","","","USER_DEFINED","BETTY.ANDERSON","2016/04/19 07:03:34.881","BETTY.ANDERSON","2016/04/19 07:03:35.03","30D1F51427923AEFE053790B548C1557","","","","","","","","","","","","","","","","","","","","","","","Romania Legal Entity","","","","","","","",""
"LEGAL_ESTABLISHMENT","5362","LE_RU_1","Russia Legal Entity","","","","","","","","","","","","","","","","","","","","","","USER_DEFINED","FIN_IMPL","2013/12/06 22:19:10.279","FIN_IMPL","2013/12/06 22:19:10.385","ECE57D9BE9CE74C7E0436204548CBC8E","","","","","","","","","","","","","","","","","","","","","","","Russia Legal Entity","","","","","","","",""
"LEGAL_ESTABLISHMENT","5368","LE_SA_1","Saudi Arabia Legal Entity","","","","","","","","","","","","","","","","","","","","","","USER_DEFINED","FIN_IMPL","2013/12/06 22:25:39.746","FIN_IMPL","2013/12/06 22:25:39.856","ECE57D9BE9CE74C7E0436204548CBC8E","","","","","","","","","","","","","","","","","","","","","","","Saudi Arabia Legal Entity","","","","","","","",""
"LEGAL_ESTABLISHMENT","77727","LE_CN_1","Shanghai Branch Office","","","","","","","","","","","","","","","","","","","","","","USER_DEFINED","HCM_IMPL","2014/08/08 08:18:01.064","HCM_IMPL","2014/08/08 08:18:01.284","0018D94ED2643E98E0536204548CBC0F","","","","","","","","","","","","","","","","","","","","","","","Shanghai Branch Office","","","","","","","",""
"LEGAL_ESTABLISHMENT","187736","LE_CN_1","Shanghai Center","","","","","","","","","","","","","","","","","","","","","","USER_DEFINED","HCM_IMPL","2014/09/23 01:54:05.486","HCM_IMPL","2014/09/23 01:54:05.697","03B25E4CD981479DE0536204548CB92F","","","","","","","","","","","","","","","","","","","","","","","Shanghai Center","","","","","","","",""
"LEGAL_ESTABLISHMENT","77728","LE_CN_1","Shenzhen Branch Office","","","","","","","","","","","","","","","","","","","","","","USER_DEFINED","HCM_IMPL","2014/08/08 08:21:15.488","HCM_IMPL","2014/08/08 08:21:15.631","0018D94ED2643E98E0536204548CBC0F","","","","","","","","","","","","","","","","","","","","","","","Shenzhen Branch Office","","","","","","","",""
"LEGAL_ESTABLISHMENT","187737","LE_CN_1","Shenzhen Center","","","","","","","","","","","","","","","","","","","","","","USER_DEFINED","HCM_IMPL","2014/09/23 01:55:10.012","HCM_IMPL","2014/09/23 01:55:10.191","03B25E4CD981479DE0536204548CB92F","","","","","","","","","","","","","","","","","","","","","","","Shenzhen Center","","","","","","","",""
"LEGAL_ESTABLISHMENT","2208","LE_SG_1","Singapore Legal Entity","","","","","","","","","","","","","","","","","","","","","","USER_DEFINED","HCM_IMPL","2013/11/26 15:57:36.614","HCM_IMPL","2013/11/26 15:57:36.776","EC166516646B090FE0436204548CE1D4","","","","","","","","","","","","","","","","","","","","","","","Singapore Legal Entity","","","","","","","",""
"LEGAL_ESTABLISHMENT","405107","LE_ZA_1","South Africa Legal Entity","","","","","","","","","","","","","","","","","","","","","","USER_DEFINED","BETTY.ANDERSON","2016/04/13 11:30:15.545","BETTY.ANDERSON","2016/04/13 11:30:15.761","3057E712626540AEE053790B548C8BF8","","","","","","","","","","","","","","","","","","","","","","","South Africa Legal Entity","","","","","","","",""
"LEGAL_ESTABLISHMENT","234863","LE_KR_1","South Korea Legal Entity","","","","","","","","","","","","","","","","","","","","","","USER_DEFINED","HCM_IMPL","2015/06/05 15:30:14.337","HCM_IMPL","2015/06/05 15:30:14.52","17C7DAD7F0FA0340E0536204548C50F4","","","","","","","","","","","","","","","","","","","","","","","South Korea Legal Entity","","","","","","","",""
"LEGAL_ESTABLISHMENT","5374","LE_ES_1","Spain Legal Entity","","","","","","","","","","","","","","","","","","","","","","USER_DEFINED","HCM_IMPL","2013/12/12 17:05:03.365","HCM_IMPL","2013/12/12 17:05:03.547","ED588B920DFA7637E0436204548C3D47","","","","","","","","","","","","","","","","","","","","","","","Spain Legal Entity","","","","","","","",""
"LEGAL_ESTABLISHMENT","615369","LE_ES_2","Spain Legal Entity2","","","","","","","","","","","","","","","","","","","","","","USER_DEFINED","HCM_IMPL","2017/11/01 05:56:08.71","HCM_IMPL","2017/11/01 05:56:13.02","5CE67A457C770BFBE0538DADFD0ABB2E","","","","","","","","","","","","","","","","","","","","","","","Spain Legal Entity2","","","","","","","",""
"LEGAL_ESTABLISHMENT","704288","LE_E360CH","Supremo CH Legal Entity","","","","","","","","","","","","","","","","","","","","","","USER_DEFINED","FIN_IMPL","2019/08/26 13:48:53.792","FIN_IMPL","2019/08/26 13:48:56.226","9103DAE005C49811E053C390DF0AFF90","","","","","","","","","","","","","","","","","","","","","","","Supremo CH Legal Entity","","","","","","","",""
"LEGAL_ESTABLISHMENT","5378","LE_SE_1","Sweden Legal Entity","","","","","","","","","","","","","","","","","","","","","","USER_DEFINED","HCM_IMPL","2013/12/12 18:00:31.034","HCM_IMPL","2013/12/12 18:00:31.153","ED597B6D3D86445DE0436204548C49D3","","","","","","","","","","","","","","","","","","","","","","","Sweden Legal Entity","","","","","","","",""
"LEGAL_ESTABLISHMENT","615407","LE_SE_2","Sweden Legal Entity2","","","","","","","","","","","","","","","","","","","","","","USER_DEFINED","HCM_IMPL","2017/11/08 06:55:59.782","HCM_IMPL","2017/11/08 06:56:00.086","5D739D4199BF45B6E0538DADFD0AD752","","","","","","","","","","","","","","","","","","","","","","","Sweden Legal Entity2","","","","","","","",""
"LEGAL_ESTABLISHMENT","243859","LE_CH_1","Switzerland Legal Entity","","","","","","","","","","","","","","","","","","","","","","USER_DEFINED","HCM_IMPL","2015/06/12 14:36:44.695","HCM_IMPL","2015/06/12 14:36:44.97","18533CFD872B5FAEE0536204548C0494","","","","","","","","","","","","","","","","","","","","","","","Switzerland Legal Entity","","","","","","","",""
"LEGAL_ESTABLISHMENT","619454","LE_CH_2","Switzerland Legal Entity 2","","","","","","","","","","","","","","","","","","","","","","USER_DEFINED","BETTY.ANDERSON","2018/02/28 13:32:28.765","BETTY.ANDERSON","2018/02/28 13:32:28.929","6645CF2E605C9C24E053E9A7FD0A103B","","","","","","","","","","","","","","","","","","","","","","","Switzerland Legal Entity 2","","","","","","","",""
"LEGAL_ESTABLISHMENT","235859","LE_TW_1","Taiwan Legal Entity","","","","","","","","","","","","","","","","","","","","","","USER_DEFINED","HCM_IMPL","2015/06/09 10:16:23.797","HCM_IMPL","2015/06/09 10:16:26.532","1813E17520E93CC6E0536204548C3BC3","","","","","","","","","","","","","","","","","","","","","","","Taiwan Legal Entity","","","","","","","",""
"LEGAL_ESTABLISHMENT","438107","LE_TH_1","Thailand Legal Entity","","","","","","","","","","","","","","","","","","","","","","USER_DEFINED","BETTY.ANDERSON","2016/04/19 07:19:09.901","BETTY.ANDERSON","2016/04/19 07:19:10.051","30D1F51427923AEFE053790B548C1557","","","","","","","","","","","","","","","","","","","","","","","Thailand Legal Entity","","","","","","","",""
"LEGAL_ESTABLISHMENT","410104","LE_TR_1","Turkey Legal Entity","","","","","","","","","","","","","","","","","","","","","","USER_DEFINED","BETTY.ANDERSON","2016/04/13 14:37:17.213","BETTY.ANDERSON","2016/04/13 14:37:17.374","305DF5CD54FE0F9BE053790B548C2669","","","","","","","","","","","","","","","","","","","","","","","Turkey Legal Entity","","","","","","","",""
"LEGAL_ESTABLISHMENT","342016","LE_UAE_1","UAE Legal Entity","","","","","","","","","","","","","","","","","","","","","","USER_DEFINED","HCM_IMPL","2015/12/16 18:23:46.992","HCM_IMPL","2015/12/16 18:23:47.14","2703A67E877E1557E053790B548C7718","","","","","","","","","","","","","","","","","","","","","","","UAE Legal Entity","","","","","","","",""
"LEGAL_ESTABLISHMENT","2063","LE_UK_1","UK Legal Entity","","","","","","","","","","","","","","","","","","","","","","USER_DEFINED","FIN_IMPL","2013/11/11 10:54:01.604","FIN_IMPL","2013/11/11 10:54:01.75","EAE4C0361F6E1760E0436204548CBE92","","","","","","","","","","","","","","","","","","","","","","","UK Legal Entity","","","","","","","",""
"LEGAL_ESTABLISHMENT","569203","LE_US_1","US Common Pay","","","","","","","","","","","","","","","","","","","","","","USER_DEFINED","HCM_IMPL","2017/02/03 20:14:36.431","HCM_IMPL","2017/02/03 20:15:22.615","47A5C07146A67BEEE0537AA3FD0A3382","","","","","","","","","","","","","","","","","","","","","","","US Common Pay","","","","","","","",""
"LEGAL_ESTABLISHMENT","811449","Duplicate- Do not use","US Federal Legal Entity","","","","","","","","","","","","","","","","","","","","","","USER_DEFINED","HCM_IMPL","2021/04/13 08:33:59.209","HCM_IMPL","2021/04/13 08:34:03.377","BF98F9C2888BF636E0532C60FD0AA49D","","","","","","","","","","","","","","","","","","","","","","","US Federal Legal Entity","","","","","","","",""
"LEGAL_ESTABLISHMENT","830448","LE_US_1","US Fin Svcs Legal Entity","","","","","","","","","","","","","","","","","","","","","","USER_DEFINED","BETTY.ANDERSON","2021/07/12 09:45:46.955","BETTY.ANDERSON","2021/07/12 09:46:05.434","C5076D97585E5291E0530364FD0AA7D9","","","","","","","","","","","","","","","","","","","","","","","US Fin Svcs Legal Entity","","","","","","","",""
"LEGAL_ESTABLISHMENT","554185","LE_INS_US","US INS Legal Entity","","","","","","","","","","","","","","","","","","","","","","USER_DEFINED","FIN_IMPL","2016/12/05 16:02:54.579","FIN_IMPL","2016/12/05 16:03:20.479","42E99E73D2CD2741E0537AA3FD0A97DE","","","","","","","","","","","","","","","","","","","","","","","US INS Legal Entity","","","","","","","",""
"LEGAL_ESTABLISHMENT","2","LE_US_1","US1 Legal Entity","","","","","","","","","","","","","","","","","","","","","","USER_DEFINED","FIN_IMPL","2013/10/24 14:36:37.402","FIN_IMPL","2013/10/24 14:36:37.545","E97C5D11C8CD3705E0436204548C60F6","","","","","","","","","","","","","","","","","","","","","","","US1 Legal Entity","","","","","","","",""
"LEGAL_ESTABLISHMENT","4","LE_US_2","US2 Legal Entity","","","","","","","","","","","","","","","","","","","","","","USER_DEFINED","FIN_IMPL","2013/10/24 14:42:06.314","FIN_IMPL","2013/10/24 14:42:06.386","E97E5F635B162828E0436204548CD214","","","","","","","","","","","","","","","","","","","","","","","US2 Legal Entity","","","","","","","",""
"LEGAL_ESTABLISHMENT","132735","LE_US_3","US3 Legal Entity","","","","","","","","","","","","","","","","","","","","","","USER_DEFINED","HCM_IMPL","2014/08/28 15:38:28.344","HCM_IMPL","2014/08/28 15:38:30.26","01B299A0BBBC734DE0536204548C81DD","","","","","","","","","","","","","","","","","","","","","","","US3 Legal Entity","","","","","","","",""
"LEGAL_ESTABLISHMENT","244862","LE_UA_1","Ukraine Legal Entity","","","","","","","","","","","","","","","","","","","","","","USER_DEFINED","HCM_IMPL","2015/06/15 10:52:01.954","HCM_IMPL","2015/06/15 10:52:02.149","188C7EA950CF1FC6E0536204548C5B09","","","","","","","","","","","","","","","","","","","","","","","Ukraine Legal Entity","","","","","","","",""
"LEGAL_ESTABLISHMENT","192737","LE_UNIV_US","University US Legal Entity","","","","","","","","","","","","","","","","","","","","","","USER_DEFINED","FIN_IMPL","2014/11/10 10:59:48.351","FIN_IMPL","2014/11/10 10:59:51.695","074F479F714B115BE0536204548C6BEF","","","","","","","","","","","","","","","","","","","","","","","University US Legal Entity","","","","","","","",""
"LEGAL_ESTABLISHMENT","440107","LE_VE_1","Venezuela Legal Entity","","","","","","","","","","","","","","","","","","","","","","USER_DEFINED","BETTY.ANDERSON","2016/04/19 08:42:55.289","BETTY.ANDERSON","2016/04/19 08:42:55.451","30D30E887969691FE053790B548C2E3B","","","","","","","","","","","","","","","","","","","","","","","Venezuela Legal Entity","","","","","","","",""
"LEGAL_ESTABLISHMENT","439104","LE_VN_1","Viet Nam Legal Entity","","","","","","","","","","","","","","","","","","","","","","USER_DEFINED","BETTY.ANDERSON","2016/04/19 08:19:10.457","BETTY.ANDERSON","2016/04/19 08:19:10.627","30D30E887969691FE053790B548C2E3B","","","","","","","","","","","","","","","","","","","","","","","Viet Nam Legal Entity","","","","","","","",""
"LEGAL_ESTABLISHMENT","637114","LE_US_1","Vision Bistro","","","","","","","","","","","","","","","","","","","","","","USER_DEFINED","BETTY.ANDERSON","2018/09/25 16:35:56.55","BETTY.ANDERSON","2018/09/25 16:36:08.143","76B5472DB912560AE0537990DF0AE826","","","","","","","","","","","","","","","","","","","","","","","Vision Bistro","","","","","","","",""
"LEGAL_ESTABLISHMENT","646251","LE_US_RET_1","Vision Retiree Early Distribution 1","","","","","","","","","","","","","","","","","","","","","","USER_DEFINED","HCM_IMPL","2018/10/09 21:07:17.565","HCM_IMPL","2018/10/09 21:07:17.821","77CF3CB977A03A72E0537990DF0AAB2C","","","","","","","","","","","","","","","","","","","","","","","Vision Retiree Early Distribution 1","","","","","","","",""
"LEGAL_ESTABLISHMENT","646250","LE_US_RET_1","Vision Retiree Normal Distribution","","","","","","","","","","","","","","","","","","","","","","USER_DEFINED","HCM_IMPL","2018/10/09 21:05:18.956","HCM_IMPL","2018/10/09 21:05:19.261","77CF3CB977A03A72E0537990DF0AAB2C","","","","","","","","","","","","","","","","","","","","","","","Vision Retiree Normal Distribution","","","","","","","",""
"LEGAL_ESTABLISHMENT","646249","LE_US_RET_1","Vision Retirees","","","","","","","","","","","","","","","","","","","","","","USER_DEFINED","HCM_IMPL","2018/10/09 20:53:49.485","HCM_IMPL","2018/10/09 20:53:55.503","77CF3CB977A03A72E0537990DF0AAB2C","","","","","","","","","","","","","","","","","","","","","","","Vision Retirees","","","","","","","",""
