{
    "supplier_number": "10060",
    "party_id": 300000042365173,
    "supplier_type": "Voucher",
    "supplier_name": "Dyson Corp Test",
    "alternate_name": "Dyson Inc.",
    "tax_organization_type": "Individual",
    "inactive_date": null,
    "status": "ACTIVE",
    "business_relationship": "Spend Authorized",
    "parent_supplier": null,
    "change_description": "test",
    "alias": "Dyson Inc.",
    "tax_registration_country": null,
    "tax_registration_number": null,
    "federal_reportable_flag": "No",
    "federal_income_taxtype_code": null,
    "federal_income_taxtype": null,
    "state_reportable_flag": "No",
    "re_supplier_name": null,
    "re_alternate_name": null,
    "re_tax_organization_type": null,
    "re_inactive_date": null,
    "re_parent_supplier": null,
    "re_alias": null,
    "re_tax_registration_country": null,
    "re_tax_registration_number": null,
    "re_federal_reportable_flag": null,
    "re_federal_income_taxtype_code": null,
    "re_federal_income_taxtype": null,
    "taxpayer_country": "United States",
    "taxpayer_id": "37428375193",
    "re_taxpayer_country": null,
    "re_taxpayer_id": null,
    "re_state_reportable_flag": null,
    "creation_date": "2022-06-02T17:35:49Z",
    "last_update_date": "2022-06-02T17:35:49Z",
    "created_by": "C989532",
    "last_updated_by": "C989532",
    "classification_not_applicable_flag": "No"
}