<MigrationProcessCSVMetadataVO>
   <MigrationProcessCSVMetadataVORow>
      <ProcessId>-999</ProcessId>
      <ProcessName>Manage Person Lookups for US_20220308_121748_930</ProcessName>
      <ProcessDescription>Manage Person Lookups for US_20220308_121748_930</ProcessDescription>
      <ProcessDate>2022-03-08 00:18:19.711</ProcessDate>
      <ObjectShortName>HRX_MANAGE_US_PERSON_LOOKUPS</ObjectShortName>
      <ObjectType>TASK</ObjectType>
      <CreatedByFlow>TASK_CSV_SERVICE</CreatedByFlow>
      <MigrationProcessBusinessObjectCSVMetadata1>
         <MigrationProcessBusinessObjectCSVMetadataVORow>
            <ProcessId>-999</ProcessId>
            <BusinessObjectShortName>FND_APP_COMMON_LOOKUP</BusinessObjectShortName>
            <BatchName>70b3a966-bdc4-4bfe-b4f6-e95a1625c59a/FND_APP_COMMON_LOOKUP/CommonLookupType1</BatchName>
            <XmlAttributeList>LookupType,Meaning,Description,CreatedBy,CreationDate,LastUpdatedBy,LastUpdateDate,LastUpdateLogin,ModuleId,CustomizationLevel,RestAccessSecured</XmlAttributeList>
            <XmlAttributeTypeList>string,string,string,string,dateTime,string,dateTime,string,string,string,string</XmlAttributeTypeList>
            <XmlNodePath>/CommonLookupType1VO/CommonLookupType1VORow</XmlNodePath>
            <NodeSequence>1</NodeSequence>
         </MigrationProcessBusinessObjectCSVMetadataVORow>
         <MigrationProcessBusinessObjectCSVMetadataVORow>
            <ProcessId>-999</ProcessId>
            <BusinessObjectShortName>ORA_FND_APP_COMMON_LOOKUP_CODE</BusinessObjectShortName>
            <BatchName>70b3a966-bdc4-4bfe-b4f6-e95a1625c59a/FND_APP_COMMON_LOOKUP/CommonLookupType1</BatchName>
            <XmlAttributeList>LookupCode,Meaning,Description,EnabledFlag,StartDateActive,EndDateActive,DisplaySequence,CreatedBy,CreationDate,LastUpdatedBy,LastUpdateDate,LastUpdateLogin,Tag</XmlAttributeList>
            <XmlAttributeTypeList>string,string,string,string,date,date,long,string,dateTime,string,dateTime,string,string</XmlAttributeTypeList>
            <XmlNodePath>/CommonLookupType1VO/CommonLookupType1VORow/CommonLookup1VO/CommonLookup1VORow</XmlNodePath>
            <NodeSequence>2</NodeSequence>
         </MigrationProcessBusinessObjectCSVMetadataVORow>
      </MigrationProcessBusinessObjectCSVMetadata1>
      <MigrationProcessBatchCSVMetadata>
         <MigrationProcessBatchCSVMetadataVORow>
            <ProcessId>-999</ProcessId>
            <BatchName>70b3a966-bdc4-4bfe-b4f6-e95a1625c59a/FND_APP_COMMON_LOOKUP/CommonLookupType1</BatchName>
            <ImportSequence>0</ImportSequence>
            <ServiceName>oracle.apps.fnd.applcore.lookups.webservice.LookupWS</ServiceName>
            <BatchSize>500</BatchSize>
         </MigrationProcessBatchCSVMetadataVORow>
      </MigrationProcessBatchCSVMetadata>
      <MigrationProcessScopeValueCSVMetadata>
         <MigrationProcessScopeValueCSVMetadataVORow>
            <ProcessId>-999</ProcessId>
            <MigScopeValueSetId>100000897372676</MigScopeValueSetId>
            <BusinessObjectShortName>FND_APP_COMMON_LOOKUP</BusinessObjectShortName>
            <ScopeValueBoAttributeId>mode</ScopeValueBoAttributeId>
            <ScopeValueBoAttributeValue>edit</ScopeValueBoAttributeValue>
            <ScopeValueBoAttributeValueCode>edit</ScopeValueBoAttributeValueCode>
         </MigrationProcessScopeValueCSVMetadataVORow>
         <MigrationProcessScopeValueCSVMetadataVORow>
            <ProcessId>-999</ProcessId>
            <MigScopeValueSetId>100000897372676</MigScopeValueSetId>
            <BusinessObjectShortName>FND_APP_COMMON_LOOKUP</BusinessObjectShortName>
            <ScopeValueBoAttributeId>lookupType</ScopeValueBoAttributeId>
            <ScopeValueBoAttributeValue>US_W2 BOX 14 USER-DEFINED</ScopeValueBoAttributeValue>
            <ScopeValueBoAttributeValueCode>US_W2 BOX 14 USER-DEFINED</ScopeValueBoAttributeValueCode>
         </MigrationProcessScopeValueCSVMetadataVORow>
         <MigrationProcessScopeValueCSVMetadataVORow>
            <ProcessId>-999</ProcessId>
            <MigScopeValueSetId>100000897372673</MigScopeValueSetId>
            <BusinessObjectShortName>FND_APP_COMMON_LOOKUP</BusinessObjectShortName>
            <ScopeValueBoAttributeId>mode</ScopeValueBoAttributeId>
            <ScopeValueBoAttributeValue>edit</ScopeValueBoAttributeValue>
            <ScopeValueBoAttributeValueCode>edit</ScopeValueBoAttributeValueCode>
         </MigrationProcessScopeValueCSVMetadataVORow>
         <MigrationProcessScopeValueCSVMetadataVORow>
            <ProcessId>-999</ProcessId>
            <MigScopeValueSetId>100000897372673</MigScopeValueSetId>
            <BusinessObjectShortName>FND_APP_COMMON_LOOKUP</BusinessObjectShortName>
            <ScopeValueBoAttributeId>lookupType</ScopeValueBoAttributeId>
            <ScopeValueBoAttributeValue>HRX_US_NEW_HIRE_EXCEPTIONS</ScopeValueBoAttributeValue>
            <ScopeValueBoAttributeValueCode>HRX_US_NEW_HIRE_EXCEPTIONS</ScopeValueBoAttributeValueCode>
         </MigrationProcessScopeValueCSVMetadataVORow>
         <MigrationProcessScopeValueCSVMetadataVORow>
            <ProcessId>-999</ProcessId>
            <MigScopeValueSetId>100000897372670</MigScopeValueSetId>
            <BusinessObjectShortName>FND_APP_COMMON_LOOKUP</BusinessObjectShortName>
            <ScopeValueBoAttributeId>mode</ScopeValueBoAttributeId>
            <ScopeValueBoAttributeValue>edit</ScopeValueBoAttributeValue>
            <ScopeValueBoAttributeValueCode>edit</ScopeValueBoAttributeValueCode>
         </MigrationProcessScopeValueCSVMetadataVORow>
         <MigrationProcessScopeValueCSVMetadataVORow>
            <ProcessId>-999</ProcessId>
            <MigScopeValueSetId>100000897372670</MigScopeValueSetId>
            <BusinessObjectShortName>FND_APP_COMMON_LOOKUP</BusinessObjectShortName>
            <ScopeValueBoAttributeId>lookupType</ScopeValueBoAttributeId>
            <ScopeValueBoAttributeValue>HRX_US_ADA_TYPE</ScopeValueBoAttributeValue>
            <ScopeValueBoAttributeValueCode>HRX_US_ADA_TYPE</ScopeValueBoAttributeValueCode>
         </MigrationProcessScopeValueCSVMetadataVORow>
         <MigrationProcessScopeValueCSVMetadataVORow>
            <ProcessId>-999</ProcessId>
            <MigScopeValueSetId>100000897372667</MigScopeValueSetId>
            <BusinessObjectShortName>FND_APP_COMMON_LOOKUP</BusinessObjectShortName>
            <ScopeValueBoAttributeId>mode</ScopeValueBoAttributeId>
            <ScopeValueBoAttributeValue>edit</ScopeValueBoAttributeValue>
            <ScopeValueBoAttributeValueCode>edit</ScopeValueBoAttributeValueCode>
         </MigrationProcessScopeValueCSVMetadataVORow>
         <MigrationProcessScopeValueCSVMetadataVORow>
            <ProcessId>-999</ProcessId>
            <MigScopeValueSetId>100000897372667</MigScopeValueSetId>
            <BusinessObjectShortName>FND_APP_COMMON_LOOKUP</BusinessObjectShortName>
            <ScopeValueBoAttributeId>lookupType</ScopeValueBoAttributeId>
            <ScopeValueBoAttributeValue>HRX_US_ADA_STATUSES</ScopeValueBoAttributeValue>
            <ScopeValueBoAttributeValueCode>HRX_US_ADA_STATUSES</ScopeValueBoAttributeValueCode>
         </MigrationProcessScopeValueCSVMetadataVORow>
      </MigrationProcessScopeValueCSVMetadata>
      <MigrationProcessMigrationObjectCSVMetadata>
         <MigrationProcessMigrationObjectCSVMetadataVORow>
            <ProcessId>-999</ProcessId>
            <BusinessObjectShortName>FND_APP_COMMON_LOOKUP</BusinessObjectShortName>
            <MigrateFlag>Y</MigrateFlag>
            <IncludeExternalDataFlag>Y</IncludeExternalDataFlag>
         </MigrationProcessMigrationObjectCSVMetadataVORow>
      </MigrationProcessMigrationObjectCSVMetadata>
      <MigrationProcessTaskCSVMetadata null="true"/>
      <MigrationProcessServiceVersionCSVMetadata null="true"/>
   </MigrationProcessCSVMetadataVORow>
</MigrationProcessCSVMetadataVO>