{
    "items": [
        {
            "ValueId": 157003,
            "IndependentValue": null,
            "IndependentValueNumber": null,
            "IndependentValueDate": null,
            "IndependentValueTimestamp": null,
            "Value": "No",
            "ValueNumber": null,
            "ValueDate": null,
            "ValueTimestamp": null,
            "TranslatedValue": null,
            "Description": "`No",
            "EnabledFlag": "Y",
            "StartDateActive": null,
            "EndDateActive": null,
            "SortOrder": 2,
            "SummaryFlag": null,
            "DetailPostingAllowed": null,
            "DetailBudgetingAllowed": null,
            "AccountType": null,
            "ControlAccount": null,
            "ReconciliationFlag": null,
            "FinancialCategory": null,
            "ExternalDataSource": null,
            "CreationDate": "2021-12-01T08:38:46.223+00:00",
            "CreatedBy": "C987123",
            "LastUpdateDate": "2021-12-01T08:38:55.158+00:00",
            "LastUpdatedBy": "C987123",
            "links": [
                {
                    "rel": "self",
                    "href": "https://fa-etsw-dev1-saasfaprod1.fa.ocs.oraclecloud.com:443/fscmRestApi/resources/11.13.18.05/valueSets/CONST_Yes_No/child/values/157003",
                    "name": "values",
                    "kind": "item"
                },
                {
                    "rel": "canonical",
                    "href": "https://fa-etsw-dev1-saasfaprod1.fa.ocs.oraclecloud.com:443/fscmRestApi/resources/11.13.18.05/valueSets/CONST_Yes_No/child/values/157003",
                    "name": "values",
                    "kind": "item"
                },
                {
                    "rel": "parent",
                    "href": "https://fa-etsw-dev1-saasfaprod1.fa.ocs.oraclecloud.com:443/fscmRestApi/resources/11.13.18.05/valueSets/CONST_Yes_No",
                    "name": "valueSets",
                    "kind": "item"
                },
                {
                    "rel": "child",
                    "href": "https://fa-etsw-dev1-saasfaprod1.fa.ocs.oraclecloud.com:443/fscmRestApi/resources/11.13.18.05/valueSets/CONST_Yes_No/child/values/157003/child/valuesDFF",
                    "name": "valuesDFF",
                    "kind": "collection"
                }
            ]
        },
        {
            "ValueId": 157002,
            "IndependentValue": null,
            "IndependentValueNumber": null,
            "IndependentValueDate": null,
            "IndependentValueTimestamp": null,
            "Value": "Yes",
            "ValueNumber": null,
            "ValueDate": null,
            "ValueTimestamp": null,
            "TranslatedValue": null,
            "Description": "Yes",
            "EnabledFlag": "Y",
            "StartDateActive": null,
            "EndDateActive": null,
            "SortOrder": 1,
            "SummaryFlag": null,
            "DetailPostingAllowed": null,
            "DetailBudgetingAllowed": null,
            "AccountType": null,
            "ControlAccount": null,
            "ReconciliationFlag": null,
            "FinancialCategory": null,
            "ExternalDataSource": null,
            "CreationDate": "2021-12-01T08:38:38.934+00:00",
            "CreatedBy": "C987123",
            "LastUpdateDate": "2021-12-01T08:38:55.093+00:00",
            "LastUpdatedBy": "C987123",
            "links": [
                {
                    "rel": "self",
                    "href": "https://fa-etsw-dev1-saasfaprod1.fa.ocs.oraclecloud.com:443/fscmRestApi/resources/11.13.18.05/valueSets/CONST_Yes_No/child/values/157002",
                    "name": "values",
                    "kind": "item"
                },
                {
                    "rel": "canonical",
                    "href": "https://fa-etsw-dev1-saasfaprod1.fa.ocs.oraclecloud.com:443/fscmRestApi/resources/11.13.18.05/valueSets/CONST_Yes_No/child/values/157002",
                    "name": "values",
                    "kind": "item"
                },
                {
                    "rel": "parent",
                    "href": "https://fa-etsw-dev1-saasfaprod1.fa.ocs.oraclecloud.com:443/fscmRestApi/resources/11.13.18.05/valueSets/CONST_Yes_No",
                    "name": "valueSets",
                    "kind": "item"
                },
                {
                    "rel": "child",
                    "href": "https://fa-etsw-dev1-saasfaprod1.fa.ocs.oraclecloud.com:443/fscmRestApi/resources/11.13.18.05/valueSets/CONST_Yes_No/child/values/157002/child/valuesDFF",
                    "name": "valuesDFF",
                    "kind": "collection"
                }
            ]
        }
    ],
    "count": 2,
    "hasMore": false,
    "limit": 25,
    "offset": 0,
    "links": [
        {
            "rel": "self",
            "href": "https://fa-etsw-dev1-saasfaprod1.fa.ocs.oraclecloud.com:443/fscmRestApi/resources/11.13.18.05/valueSets/CONST_Yes_No/child/values",
            "name": "values",
            "kind": "collection"
        }
    ]
}