{
  "supplier_id": "<VALUE>",
  "request_id": "<VALUE>",
  "legal_structure": "<VALUE>",
  "exelon_poc": "<VALUE>",
  "employee_liability_value": "<VALUE>",
  "employer_liability_expiration_date": "<VALUE>",
  "general_liability_value": "<VALUE>",
  "general_liability_expiration_date": "<VALUE>",
  "auto_liability_value": "<VALUE>",
  "auto_liability_expiration_date": "<VALUE>",
  "excess_umbrella_liability_value": "<VALUE>",
  "excess_umbrella_liability_expiration_date": "<VALUE>",
  "workers_comp_liability_value": "<VALUE>",
  "workers_comp_liability_expiration_date": "<VALUE>",
  "professional_liability_value": "<VALUE>",
  "professional_liability_expiration_date": "<VALUE>",
  "environ_pollution_liability_value": "<VALUE>",
  "environ_pollution_liability_expiration_date": "<VALUE>",
  "miscellaneous_liability_insurance_value": "<VALUE>",
  "miscellaneous_insurance_expiration_date": "<VALUE>",
  "additional_insured": "<VALUE>",
  "policies_are_primary": "<VALUE>",
  "supplier_insurance_waiver_of_subrogation": "<VALUE>",
  "re_legal_structure": "<VALUE>",
  "re_exelon_poc": "<VALUE>",
  "re_employee_liability_value": "<VALUE>",
  "re_employer_liability_expiration_date": "<VALUE>",
  "re_general_liability_value": "<VALUE>",
  "re_general_liability_expiration_date": "<VALUE>",
  "re_auto_liability_value": "<VALUE>",
  "re_auto_liability_expiration_date": "<VALUE>",
  "re_excess_umbrella_liability_value": "<VALUE>",
  "re_excess_umbrella_liability_expiration_date": "<VALUE>",
  "re_workers_comp_liability_value": "<VALUE>",
  "re_workers_comp_liability_expiration_date": "<VALUE>",
  "re_professional_liability_value": "<VALUE>",
  "re_professional_liability_expiration_date": "<VALUE>",
  "re_environ_pollution_liability_value": "<VALUE>",
  "re_environ_pollution_liability_expiration_date": "<VALUE>",
  "re_miscellaneous_liability_insurance_value": "<VALUE>",
  "re_miscellaneous_insurance_expiration_date": "<VALUE>",
  "re_additional_insured": "<VALUE>",
  "re_policies_are_primary": "<VALUE>",
  "re_supplier_insurance_waiver_of_subrogation": "<VALUE>",
  "creation_date": "<VALUE>",
  "last_update_date": "<VALUE>",
  "created_by": "<VALUE>",
  "last_updated_by": "<VALUE>",
  "api_response": "<VALUE>"
}