{
    "items": [
        {
            "LookupCode": "Current",
            "Meaning": "System date",
            "Description": "System date",
            "EnabledFlag": "Y",
            "StartDateActive": null,
            "EndDateActive": null,
            "DisplaySequence": 1,
            "Tag": null,
            "CreatedBy": "Nagarjuna.P@exeloncorp.com",
            "CreationDate": "2022-06-07T13:33:23.171+00:00",
            "LastUpdateDate": "2022-06-07T13:35:40.524+00:00",
            "LastUpdateLogin": "E0D95B96F61AAB59E053CC61500A6035",
            "LastUpdatedBy": "Nagarjuna.P@exeloncorp.com",
            "links": [
                {
                    "rel": "self",
                    "href": "https://fa-etsw-dev1-saasfaprod1.fa.ocs.oraclecloud.com:443/fscmRestApi/resources/11.13.18.05/commonLookups/CFS_SMF_TERMS%20DATE%20BASIS/child/lookupCodes/Current",
                    "name": "lookupCodes",
                    "kind": "item"
                },
                {
                    "rel": "canonical",
                    "href": "https://fa-etsw-dev1-saasfaprod1.fa.ocs.oraclecloud.com:443/fscmRestApi/resources/11.13.18.05/commonLookups/CFS_SMF_TERMS%20DATE%20BASIS/child/lookupCodes/Current",
                    "name": "lookupCodes",
                    "kind": "item"
                },
                {
                    "rel": "parent",
                    "href": "https://fa-etsw-dev1-saasfaprod1.fa.ocs.oraclecloud.com:443/fscmRestApi/resources/11.13.18.05/commonLookups/CFS_SMF_TERMS%20DATE%20BASIS",
                    "name": "commonLookups",
                    "kind": "item"
                },
                {
                    "rel": "child",
                    "href": "https://fa-etsw-dev1-saasfaprod1.fa.ocs.oraclecloud.com:443/fscmRestApi/resources/11.13.18.05/commonLookups/CFS_SMF_TERMS%20DATE%20BASIS/child/lookupCodes/Current/child/lookupsDFF",
                    "name": "lookupsDFF",
                    "kind": "collection"
                },
                {
                    "rel": "child",
                    "href": "https://fa-etsw-dev1-saasfaprod1.fa.ocs.oraclecloud.com:443/fscmRestApi/resources/11.13.18.05/commonLookups/CFS_SMF_TERMS%20DATE%20BASIS/child/lookupCodes/Current/child/translations",
                    "name": "translations",
                    "kind": "collection"
                }
            ]
        },
        {
            "LookupCode": "Goods Received",
            "Meaning": "Goods received  date",
            "Description": "Goods received date",
            "EnabledFlag": "Y",
            "StartDateActive": null,
            "EndDateActive": null,
            "DisplaySequence": 2,
            "Tag": null,
            "CreatedBy": "Nagarjuna.P@exeloncorp.com",
            "CreationDate": "2022-06-07T13:33:50.387+00:00",
            "LastUpdateDate": "2022-06-07T13:35:40.528+00:00",
            "LastUpdateLogin": "E0D95B96F61AAB59E053CC61500A6035",
            "LastUpdatedBy": "Nagarjuna.P@exeloncorp.com",
            "links": [
                {
                    "rel": "self",
                    "href": "https://fa-etsw-dev1-saasfaprod1.fa.ocs.oraclecloud.com:443/fscmRestApi/resources/11.13.18.05/commonLookups/CFS_SMF_TERMS%20DATE%20BASIS/child/lookupCodes/Goods%20Received",
                    "name": "lookupCodes",
                    "kind": "item"
                },
                {
                    "rel": "canonical",
                    "href": "https://fa-etsw-dev1-saasfaprod1.fa.ocs.oraclecloud.com:443/fscmRestApi/resources/11.13.18.05/commonLookups/CFS_SMF_TERMS%20DATE%20BASIS/child/lookupCodes/Goods%20Received",
                    "name": "lookupCodes",
                    "kind": "item"
                },
                {
                    "rel": "parent",
                    "href": "https://fa-etsw-dev1-saasfaprod1.fa.ocs.oraclecloud.com:443/fscmRestApi/resources/11.13.18.05/commonLookups/CFS_SMF_TERMS%20DATE%20BASIS",
                    "name": "commonLookups",
                    "kind": "item"
                },
                {
                    "rel": "child",
                    "href": "https://fa-etsw-dev1-saasfaprod1.fa.ocs.oraclecloud.com:443/fscmRestApi/resources/11.13.18.05/commonLookups/CFS_SMF_TERMS%20DATE%20BASIS/child/lookupCodes/Goods%20Received/child/lookupsDFF",
                    "name": "lookupsDFF",
                    "kind": "collection"
                },
                {
                    "rel": "child",
                    "href": "https://fa-etsw-dev1-saasfaprod1.fa.ocs.oraclecloud.com:443/fscmRestApi/resources/11.13.18.05/commonLookups/CFS_SMF_TERMS%20DATE%20BASIS/child/lookupCodes/Goods%20Received/child/translations",
                    "name": "translations",
                    "kind": "collection"
                }
            ]
        },
        {
            "LookupCode": "Invoice",
            "Meaning": "Invoice date",
            "Description": "Invoice date",
            "EnabledFlag": "Y",
            "StartDateActive": null,
            "EndDateActive": null,
            "DisplaySequence": 3,
            "Tag": null,
            "CreatedBy": "Nagarjuna.P@exeloncorp.com",
            "CreationDate": "2022-06-07T13:34:24.191+00:00",
            "LastUpdateDate": "2022-06-07T13:35:40.530+00:00",
            "LastUpdateLogin": "E0D95B96F61AAB59E053CC61500A6035",
            "LastUpdatedBy": "Nagarjuna.P@exeloncorp.com",
            "links": [
                {
                    "rel": "self",
                    "href": "https://fa-etsw-dev1-saasfaprod1.fa.ocs.oraclecloud.com:443/fscmRestApi/resources/11.13.18.05/commonLookups/CFS_SMF_TERMS%20DATE%20BASIS/child/lookupCodes/Invoice",
                    "name": "lookupCodes",
                    "kind": "item"
                },
                {
                    "rel": "canonical",
                    "href": "https://fa-etsw-dev1-saasfaprod1.fa.ocs.oraclecloud.com:443/fscmRestApi/resources/11.13.18.05/commonLookups/CFS_SMF_TERMS%20DATE%20BASIS/child/lookupCodes/Invoice",
                    "name": "lookupCodes",
                    "kind": "item"
                },
                {
                    "rel": "parent",
                    "href": "https://fa-etsw-dev1-saasfaprod1.fa.ocs.oraclecloud.com:443/fscmRestApi/resources/11.13.18.05/commonLookups/CFS_SMF_TERMS%20DATE%20BASIS",
                    "name": "commonLookups",
                    "kind": "item"
                },
                {
                    "rel": "child",
                    "href": "https://fa-etsw-dev1-saasfaprod1.fa.ocs.oraclecloud.com:443/fscmRestApi/resources/11.13.18.05/commonLookups/CFS_SMF_TERMS%20DATE%20BASIS/child/lookupCodes/Invoice/child/lookupsDFF",
                    "name": "lookupsDFF",
                    "kind": "collection"
                },
                {
                    "rel": "child",
                    "href": "https://fa-etsw-dev1-saasfaprod1.fa.ocs.oraclecloud.com:443/fscmRestApi/resources/11.13.18.05/commonLookups/CFS_SMF_TERMS%20DATE%20BASIS/child/lookupCodes/Invoice/child/translations",
                    "name": "translations",
                    "kind": "collection"
                }
            ]
        },
        {
            "LookupCode": "Invoice Received",
            "Meaning": "Invoice received date",
            "Description": "Invoice received date",
            "EnabledFlag": "Y",
            "StartDateActive": null,
            "EndDateActive": null,
            "DisplaySequence": 4,
            "Tag": null,
            "CreatedBy": "Nagarjuna.P@exeloncorp.com",
            "CreationDate": "2022-06-07T13:35:02.544+00:00",
            "LastUpdateDate": "2022-06-07T13:35:40.532+00:00",
            "LastUpdateLogin": "E0D95B96F61AAB59E053CC61500A6035",
            "LastUpdatedBy": "Nagarjuna.P@exeloncorp.com",
            "links": [
                {
                    "rel": "self",
                    "href": "https://fa-etsw-dev1-saasfaprod1.fa.ocs.oraclecloud.com:443/fscmRestApi/resources/11.13.18.05/commonLookups/CFS_SMF_TERMS%20DATE%20BASIS/child/lookupCodes/Invoice%20Received",
                    "name": "lookupCodes",
                    "kind": "item"
                },
                {
                    "rel": "canonical",
                    "href": "https://fa-etsw-dev1-saasfaprod1.fa.ocs.oraclecloud.com:443/fscmRestApi/resources/11.13.18.05/commonLookups/CFS_SMF_TERMS%20DATE%20BASIS/child/lookupCodes/Invoice%20Received",
                    "name": "lookupCodes",
                    "kind": "item"
                },
                {
                    "rel": "parent",
                    "href": "https://fa-etsw-dev1-saasfaprod1.fa.ocs.oraclecloud.com:443/fscmRestApi/resources/11.13.18.05/commonLookups/CFS_SMF_TERMS%20DATE%20BASIS",
                    "name": "commonLookups",
                    "kind": "item"
                },
                {
                    "rel": "child",
                    "href": "https://fa-etsw-dev1-saasfaprod1.fa.ocs.oraclecloud.com:443/fscmRestApi/resources/11.13.18.05/commonLookups/CFS_SMF_TERMS%20DATE%20BASIS/child/lookupCodes/Invoice%20Received/child/lookupsDFF",
                    "name": "lookupsDFF",
                    "kind": "collection"
                },
                {
                    "rel": "child",
                    "href": "https://fa-etsw-dev1-saasfaprod1.fa.ocs.oraclecloud.com:443/fscmRestApi/resources/11.13.18.05/commonLookups/CFS_SMF_TERMS%20DATE%20BASIS/child/lookupCodes/Invoice%20Received/child/translations",
                    "name": "translations",
                    "kind": "collection"
                }
            ]
        }
    ],
    "count": 4,
    "hasMore": false,
    "limit": 25,
    "offset": 0,
    "links": [
        {
            "rel": "self",
            "href": "https://fa-etsw-dev1-saasfaprod1.fa.ocs.oraclecloud.com:443/fscmRestApi/resources/11.13.18.05/commonLookups/CFS_SMF_TERMS%20DATE%20BASIS/child/lookupCodes",
            "name": "lookupCodes",
            "kind": "collection"
        }
    ]
}