<MigrationProcessCSVMetadataVO>
   <MigrationProcessCSVMetadataVORow>
      <ProcessId>-999</ProcessId>
      <ProcessName>Manage Chart of Accounts Value Sets_20220309_074325_619</ProcessName>
      <ProcessDescription>Manage Chart of Accounts Value Sets_20220309_074325_619</ProcessDescription>
      <ProcessDate>2022-03-09 19:46:07.349</ProcessDate>
      <ObjectShortName>GL_MANAGE_CHART_OF_ACCOUNTS_VALUE_SETS</ObjectShortName>
      <ObjectType>TASK</ObjectType>
      <CreatedByFlow>TASK_CSV_SERVICE</CreatedByFlow>
      <MigrationProcessBusinessObjectCSVMetadata1>
         <MigrationProcessBusinessObjectCSVMetadataVORow>
            <ProcessId>-999</ProcessId>
            <BusinessObjectShortName>FND_APP_FLEX_VALUE_SET</BusinessObjectShortName>
            <BatchName>9117df74-f839-41f3-92f1-3a1278298c7b/FND_APP_FLEX_VALUE_SET/ValueSet</BatchName>
            <XmlAttributeList>ModuleId,ValueSetCode,Description,ValidationType,ValueDataType,ValueSubtype,MaximumLength,Precision,Scale,UppercaseOnlyFlag,ZeroFillFlag,SecurityEnabledFlag,DataSecurityObjectName,MinimumValue,MinimumValueNumber,MinimumValueDate,MinimumValueTimestamp,MaximumValue,MaximumValueNumber,MaximumValueDate,MaximumValueTimestamp,CreationDate,CreatedBy,LastUpdateDate,LastUpdatedBy,LastUpdateLogin,IndependentValueSetCode</XmlAttributeList>
            <XmlAttributeTypeList>string,string,string,string,string,string,int,int,int,string,string,string,string,string,decimal,date,dateTime,string,decimal,date,dateTime,dateTime,string,dateTime,string,string,string</XmlAttributeTypeList>
            <XmlNodePath>/ValueSetVO/ValueSetVORow</XmlNodePath>
            <NodeSequence>1</NodeSequence>
         </MigrationProcessBusinessObjectCSVMetadataVORow>
         <MigrationProcessBusinessObjectCSVMetadataVORow>
            <ProcessId>-999</ProcessId>
            <BusinessObjectShortName>ORA_FND_APP_FLEX_VALUE_SET_VALIDATION_TABLE</BusinessObjectShortName>
            <BatchName>9117df74-f839-41f3-92f1-3a1278298c7b/FND_APP_FLEX_VALUE_SET/ValueSet</BatchName>
            <XmlAttributeList>FromClause,WhereClause,OrderByClause,ValueColumnName,IdColumnName,DescriptionColumnName,EnabledFlagColumnName,StartDateColumnName,EndDateColumnName,ValueAttributesTableAlias,CreationDate,CreatedBy,LastUpdateDate,LastUpdatedBy,LastUpdateLogin</XmlAttributeList>
            <XmlAttributeTypeList>string,string,string,string,string,string,string,string,string,string,dateTime,string,dateTime,string,string</XmlAttributeTypeList>
            <XmlNodePath>/ValueSetVO/ValueSetVORow/ValidationTableVO/ValidationTableVORow</XmlNodePath>
            <NodeSequence>3</NodeSequence>
         </MigrationProcessBusinessObjectCSVMetadataVORow>
         <MigrationProcessBusinessObjectCSVMetadataVORow>
            <ProcessId>-999</ProcessId>
            <BusinessObjectShortName>ORA_FND_APP_FLEX_VALUE_SET_VALUE</BusinessObjectShortName>
            <BatchName>9117df74-f839-41f3-92f1-3a1278298c7b/FND_APP_FLEX_VALUE_SET/ValueSet</BatchName>
            <XmlAttributeList>IndependentValue,IndependentValueNumber,IndependentValueDate,IndependentValueTimestamp,Value,ValueNumber,ValueDate,ValueTimestamp,TranslatedValue,Description,EnabledFlag,StartDateActive,EndDateActive,SummaryFlag,FlexValueAttribute1,FlexValueAttribute2,FlexValueAttribute3,FlexValueAttribute4,FlexValueAttribute5,FlexValueAttribute6,SortOrder,ExternalDataSource,CreationDate,CreatedBy,LastUpdateDate,LastUpdatedBy,LastUpdateLogin</XmlAttributeList>
            <XmlAttributeTypeList>string,decimal,date,dateTime,string,decimal,date,dateTime,string,string,string,date,date,string,string,string,string,string,string,string,long,string,dateTime,string,dateTime,string,string</XmlAttributeTypeList>
            <XmlNodePath>/ValueSetVO/ValueSetVORow/ValueVO/ValueVORow</XmlNodePath>
            <NodeSequence>2</NodeSequence>
         </MigrationProcessBusinessObjectCSVMetadataVORow>
         <MigrationProcessBusinessObjectCSVMetadataVORow>
            <ProcessId>-999</ProcessId>
            <BusinessObjectShortName>ORA_APPLICATION_FLEXFIELD_RELATED_VALUE_SET</BusinessObjectShortName>
            <BatchName>9117df74-f839-41f3-92f1-3a1278298c7b/FND_APP_FLEX_VALUE_SET/ValueSet</BatchName>
            <XmlAttributeList>ValueSetCode1,EnabledFlag,CreationDate,CreatedBy,LastUpdateDate,LastUpdatedBy,LastUpdateLogin</XmlAttributeList>
            <XmlAttributeTypeList>string,string,dateTime,string,dateTime,string,string</XmlAttributeTypeList>
            <XmlNodePath>/ValueSetVO/ValueSetVORow/RelatedValueSetVO/RelatedValueSetVORow</XmlNodePath>
            <NodeSequence>5</NodeSequence>
         </MigrationProcessBusinessObjectCSVMetadataVORow>
         <MigrationProcessBusinessObjectCSVMetadataVORow>
            <ProcessId>-999</ProcessId>
            <BusinessObjectShortName>ORA_APPLICATION_FLEXFIELD_RELATED_VALUE_SET_VALUE</BusinessObjectShortName>
            <BatchName>9117df74-f839-41f3-92f1-3a1278298c7b/FND_APP_FLEX_VALUE_SET/ValueSet</BatchName>
            <XmlAttributeList>EnabledFlag,CreationDate,CreatedBy,LastUpdateDate,LastUpdatedBy,LastUpdateLogin,Value1,Value2</XmlAttributeList>
            <XmlAttributeTypeList>string,dateTime,string,dateTime,string,string,string,string</XmlAttributeTypeList>
            <XmlNodePath>/ValueSetVO/ValueSetVORow/RelatedValueSetVO/RelatedValueSetVORow/RelatedValueVO/RelatedValueVORow</XmlNodePath>
            <NodeSequence>6</NodeSequence>
         </MigrationProcessBusinessObjectCSVMetadataVORow>
         <MigrationProcessBusinessObjectCSVMetadataVORow>
            <ProcessId>-999</ProcessId>
            <BusinessObjectShortName>ORA_APPLICATION_FLEXFIELD_VALUE_SET_VALIDATION_VIEW_OBJECT</BusinessObjectShortName>
            <BatchName>9117df74-f839-41f3-92f1-3a1278298c7b/FND_APP_FLEX_VALUE_SET/ValueSet</BatchName>
            <XmlAttributeList>ViewObjectName,ValueAttributeName,ValueAttributeType,ValueAttributeLength,CreationDate,CreatedBy,LastUpdateDate,LastUpdatedBy,LastUpdateLogin</XmlAttributeList>
            <XmlAttributeTypeList>string,string,string,int,dateTime,string,dateTime,string,string</XmlAttributeTypeList>
            <XmlNodePath>/ValueSetVO/ValueSetVORow/ValidationViewObjectVO/ValidationViewObjectVORow</XmlNodePath>
            <NodeSequence>4</NodeSequence>
         </MigrationProcessBusinessObjectCSVMetadataVORow>
      </MigrationProcessBusinessObjectCSVMetadata1>
      <MigrationProcessBatchCSVMetadata>
         <MigrationProcessBatchCSVMetadataVORow>
            <ProcessId>-999</ProcessId>
            <BatchName>9117df74-f839-41f3-92f1-3a1278298c7b/FND_APP_FLEX_VALUE_SET/ValueSet</BatchName>
            <ImportSequence>0</ImportSequence>
            <ServiceName>oracle.apps.fnd.applcore.flex.webservice.ValueSetWS</ServiceName>
            <BatchSize>500</BatchSize>
         </MigrationProcessBatchCSVMetadataVORow>
      </MigrationProcessBatchCSVMetadata>
      <MigrationProcessScopeValueCSVMetadata>
         <MigrationProcessScopeValueCSVMetadataVORow>
            <ProcessId>-999</ProcessId>
            <MigScopeValueSetId>100000897670383</MigScopeValueSetId>
            <BusinessObjectShortName>FND_APP_FLEX_VALUE_SET</BusinessObjectShortName>
            <ScopeValueBoAttributeId>moduleType</ScopeValueBoAttributeId>
            <ScopeValueBoAttributeValue>APPLICATION</ScopeValueBoAttributeValue>
            <ScopeValueBoAttributeValueCode>APPLICATION</ScopeValueBoAttributeValueCode>
         </MigrationProcessScopeValueCSVMetadataVORow>
         <MigrationProcessScopeValueCSVMetadataVORow>
            <ProcessId>-999</ProcessId>
            <MigScopeValueSetId>100000897670383</MigScopeValueSetId>
            <BusinessObjectShortName>FND_APP_FLEX_VALUE_SET</BusinessObjectShortName>
            <ScopeValueBoAttributeId>moduleKey</ScopeValueBoAttributeId>
            <ScopeValueBoAttributeValue>GL</ScopeValueBoAttributeValue>
            <ScopeValueBoAttributeValueCode>GL</ScopeValueBoAttributeValueCode>
         </MigrationProcessScopeValueCSVMetadataVORow>
         <MigrationProcessScopeValueCSVMetadataVORow>
            <ProcessId>-999</ProcessId>
            <MigScopeValueSetId>100000897670383</MigScopeValueSetId>
            <BusinessObjectShortName>FND_APP_FLEX_VALUE_SET</BusinessObjectShortName>
            <ScopeValueBoAttributeId>mode</ScopeValueBoAttributeId>
            <ScopeValueBoAttributeValue>search</ScopeValueBoAttributeValue>
            <ScopeValueBoAttributeValueCode>search</ScopeValueBoAttributeValueCode>
         </MigrationProcessScopeValueCSVMetadataVORow>
      </MigrationProcessScopeValueCSVMetadata>
      <MigrationProcessMigrationObjectCSVMetadata>
         <MigrationProcessMigrationObjectCSVMetadataVORow>
            <ProcessId>-999</ProcessId>
            <BusinessObjectShortName>FND_APP_FLEX_VALUE_SET</BusinessObjectShortName>
            <MigrateFlag>Y</MigrateFlag>
            <IncludeExternalDataFlag>Y</IncludeExternalDataFlag>
         </MigrationProcessMigrationObjectCSVMetadataVORow>
      </MigrationProcessMigrationObjectCSVMetadata>
      <MigrationProcessTaskCSVMetadata null="true"/>
      <MigrationProcessServiceVersionCSVMetadata null="true"/>
   </MigrationProcessCSVMetadataVORow>
</MigrationProcessCSVMetadataVO>