{
  "description": "",
  "root": "resetVariablesPopupAccounts",
  "actions": {
    "callFunctionOpenDialogFunc": {
      "module": "vb/action/builtin/callModuleFunctionAction",
      "parameters": {
        "module": "[[ $functions ]]",
        "functionName": "openDialogFunc",
        "params": [
          "{{ \"#modalDialog12\" }}"
        ]
      }
    },
    "resetVariablesPopupAccounts": {
      "module": "vb/action/builtin/resetVariablesAction",
      "parameters": {
        "variables": [
          "$page.variables.popupAccounts",
          "$page.variables.popupAccounts.ReBank"          ,
          "$page.variables.popupAccounts.ReBankBranch",
          "$page.variables.popupAccounts.Bank"          ,
          "$page.variables.popupAccounts.BankBranch"
        ]
      },
      "outcomes": {
        "success": "callFunctionOpenDialogFunc"
      }
    }
  },
  "variables": {}
}