{
  "description": "",
  "root": "assignVariablesPopupNewAccounts",
  "actions": {
    "callFunctionOpenDialogFunc": {
      "module": "vb/action/builtin/callModuleFunctionAction",
      "parameters": {
        "module": "[[ $functions ]]",
        "functionName": "openDialogFunc",
        "params": [
          "{{ \"#modalDialog11\" }}"
        ]
      }
    },
    "assignVariablesPopupNewAccounts": {
      "module": "vb/action/builtin/assignVariablesAction",
      "parameters": {
        "$page.variables.popupNewAccounts": {
          "source": {
            "Country": "{{ $variables.current.country }}",
            "ReCountry": "{{ $variables.current.re_country }}"
          },
          "auto": "always",
          "reset": "toDefault"
        }
      },
      "outcomes": {
        "success": "assignVariablesPopupNewAccounts3"
      }
    },
    "assignVariablesPopupNewAccounts4": {
      "module": "vb/action/builtin/assignVariablesAction",
      "parameters": {
        "$page.variables.popupNewAccounts": {

          "source": {
            "AccountId": "{{ $variables.current.account_id }}",
            "AccountNumber": "{{ $variables.current.account_number }}",
            "AllowInternationalPayments": "{{ $variables.current.allow_international_payments }}",
            "Currency": "{{ $variables.current.currency }}",
            "IBAN": "{{ $variables.current.iban }}",
            "InactiveOn": "{{ $variables.current.inactive_on }}",
            "Primary": "{{ $variables.current.primary_flag }}",
            "ReAccountNumber": "{{ $variables.current.re_account_number }}",
            "ReAllowInternationalPayments": "{{ $variables.current.re_allow_international_payments }}",
            "ReCurrency": "{{ $variables.current.re_currency }}",
            "ReIBAN": "{{ $variables.current.re_iban }}",
            "ReInactiveOn": "{{ $variables.current.re_inactive_on }}",
            "RePrimary": "{{ $variables.current.re_primary_flag }}",
            "ReUpdateUnpaidInvoices": "{{ $variables.current.re_update_unpaid_invoices }}",
            "UpdateUnpaidInvoices": "{{ $variables.current.update_unpaid_invoices }}",
            "RowIndex": "{{ $variables.index }}"
          },
          "auto": "always",
          "reset": "none"
        }
      },
      "outcomes": {
        "success": "callFunctionOpenDialogFunc"
      }
    },
    "assignVariablesPopupNewAccounts3": {
      "module": "vb/action/builtin/assignVariablesAction",
      "parameters": {
        "$page.variables.popupNewAccounts": {
          "source": {
            "Bank": "{{ $variables.current.bank }}",
            "ReBank": "{{ $variables.current.re_bank }}"
          },
          "reset": "none",
          "auto": "always"
        }
      },
      "outcomes": {
        "success": "assignVariablesPopupNewAccounts2"
      }
    },
    "assignVariablesPopupNewAccounts2": {
      "module": "vb/action/builtin/assignVariablesAction",
      "parameters": {
        "$page.variables.popupNewAccounts": {
          "source": {
            "BankBranch": "{{ $variables.current.bank_branch?$variables.current.bank_branch:\"\" }}",
            "ReBankBranch": "{{ $variables.current.re_bank_branch?$variables.current.re_bank_branch:\"\" }}"
          },
          "reset": "none",
          "auto": "always",
          "mapping": {
            "$target.ReBankBranch": {
              "source": "$source.ReBankBranch",
              "reset": "none"
            },
            "$target.BankBranch": {
              "source": "$source.BankBranch",
              "reset": "none"
            }
          }
        }
      },
      "outcomes": {
        "success": "assignVariablesPopupNewAccounts4"
      }
    }
  },
  "variables": {
    "flag": {
      "type": "boolean"
    },
    "key": {
      "required": true,
      "type": "any",
      "input": "fromCaller"
    },
    "index": {
      "required": true,
      "type": "number",
      "input": "fromCaller"
    },
    "current": {
      "required": true,
      "type": "any",
      "input": "fromCaller"
    }

  }
}