{
  "root": "callRestGetSuppliersSupplierIdChildSites",
  "description": "",
  "actions": {
    "fireNotification": {
      "module": "vb/action/builtin/fireNotificationEventAction",
      "parameters": {
        "target": "leaf",
        "summary": "Get Sites: Failed",
        "type": "error",
        "displayMode": "persist",
        "message": "Failed to load Supplier Sites"
      }
    },
    "if": {
      "module": "vb/action/builtin/ifAction",
      "parameters": {
        "condition": "[[ $chain.results.callRestGetSuppliersSupplierIdChildSites.body.hasMore ]]"
      },
      "outcomes": {
        "true": "assignVariablesOffsetVar",
        "false": "return"
      }
    },
    "return": {
      "module": "vb/action/builtin/returnAction",
      "parameters": {
        "outcome": "success"
      }
    },
    "callRestGetSuppliersSupplierIdChildSites": {
      "module": "vb/action/builtin/restAction",
      "parameters": {
        "endpoint": "oracleEndpoints/getSuppliersSupplierIdChildSites",
        "uriParams": {
          "SupplierId": "{{ $page.variables.getSupplierToUpdateVar.SupplierId }}",
          "offset": "{{ $page.variables.offsetVarSites }}",
          "limit": "25"
        }
      },
      "outcomes": {
        "failure": "fireNotification",
        "success": "assignVariablesGetSupplierSites"
      }
    },
    "assignVariablesGetSupplierSites": {
      "module": "vb/action/builtin/assignVariablesAction",
      "parameters": {
        "$page.variables.getSupplierSites": {
          "source": {
            "data": "{{ $chain.results.callRestGetSuppliersSupplierIdChildSites.body.items }}"
          },
          "reset": "none",
          "auto": "always"
        }
      },
      "outcomes": {
        "success": "if"
      }
    },
    "assignVariablesOffsetVar": {
      "module": "vb/action/builtin/assignVariablesAction",
      "parameters": {
        "$page.variables.offsetVarSites": {
          "source": "{{ $page.variables.offsetVarSites+25 }}"
        }
      },
      "outcomes": {
        "success": "callChainRecursiveSupplierSitesREST"
      }
    },
    "callChainRecursiveSupplierSitesREST": {
      "module": "vb/action/builtin/callChainAction",
      "parameters": {
        "id": "recursiveSupplierSitesREST"
      }
    }
  }
}