{
  "description": "",
  "root": "ifKey",
  "actions": {
    "ifKey": {
      "module": "vb/action/builtin/ifAction",
      "parameters": {
        "condition": "[[ $variables.key ]]"
      },
      "outcomes": {
        "true": "ifPopupExistingSite",
        "false": "assignVariablesSupplierSiteRemittanceEmailValidation"
      }
    },
    "assignVariablesSupplierSiteRemittanceEmailValidation": {
      "module": "vb/action/builtin/assignVariablesAction",
      "parameters": {
        "$page.variables.SupplierSiteRemittanceEmailValidation": {
          "source": "{{ true }}"
        }
      }
    },
    "assignVariablesSupplierSiteRemittanceEmailValidation2": {
      "module": "vb/action/builtin/assignVariablesAction",
      "parameters": {
        "$page.variables.SupplierSiteRemittanceEmailValidation": {
          "source": "{{ false }}"
        }
      }
    },
    "assignVariablesSupplierSiteRemittanceEmailValidation3": {
      "module": "vb/action/builtin/assignVariablesAction",
      "parameters": {
        "$page.variables.SupplierSiteRemittanceEmailValidation": {
          "source": "{{ true }}"
        }
      }
    },
    "ifPopupExistingSite": {
      "module": "vb/action/builtin/ifAction",
      "parameters": {
        "condition": "[[ $page.variables.popupExistingSite.ReRemittanceAdviceDeliveryEmailId ]]"
      },
      "outcomes": {
        "true": "assignVariablesSupplierSiteRemittanceEmailValidation3",
        "false": "assignVariablesSupplierSiteRemittanceEmailValidation2"
      }
    }
  },
  "variables": {
    "key": {
      "required": true,
      "type": "any",
      "input": "fromCaller"
    },
    "data": {
      "required": true,
      "type": "any",
      "input": "fromCaller"
    },
    "metadata": {
      "required": true,
      "type": "any",
      "input": "fromCaller"
    }
  }
}