{
  "supplier_site_id": "300000042366720",
  "supplier_id": "300000042365175",
  "request_id": 10000001571,
  "supplier_site": "Dyson-2",
  "procurement_bu_id": null,
  "procurement_bu": null,
  "supplier_address_id": null,
  "supplier_address_name": null,
  "inactive_date": null,
  "site_status": null,
  "site_purpose_pay_flag": null,
  "site_purpose_primary_pay_flag": null,
  "nuclear_qualified": null,
  "status_reason_code": null,
  "alternate_site_name": null,
  "income_tax_reporting_site_flag": null,
  "invoice_currency_code": null,
  "payment_currency_code": null,
  "invoice_amount_limit": null,
  "hold_all_invoices_flag": null,
  "hold_unvalidated_invoices_flag": null,
  "payment_hold_reason": null,
  "payment_terms": null,
  "payment_terms_id": null,
  "payment_terms_date_basis": null,
  "payment_terms_date_basis_code": null,
  "pay_date_basis": null,
  "pay_date_basis_code": null,
  "payment_method": null,
  "remittance_delivery_method": null,
  "remittance_delivery_email": null,
  "client_bu": null,
  "client_bu_id": null,
  "bill_to_bu": null,
  "bill_to_bu_id": null,
  "re_supplier_site": null,
  "re_procurement_bu_id": null,
  "re_procurement_bu": null,
  "re_supplier_address_id": null,
  "re_supplier_address_name": null,
  "re_inactive_date": null,
  "re_site_status": null,
  "re_site_purpose_pay_flag": null,
  "re_site_purpose_primary_pay_flag": null,
  "re_nuclear_qualified": null,
  "re_status_reason_code": null,
  "re_alternate_site_name": null,
  "re_income_tax_reporting_site_flag": null,
  "re_invoice_currency_code": null,
  "re_payment_currency_code": null,
  "re_invoice_amount_limit": null,
  "re_hold_all_invoices_flag": null,
  "re_hold_unvalidated_invoices_flag": null,
  "re_payment_hold_reason": null,
  "re_payment_terms": null,
  "re_payment_terms_id": null,
  "re_payment_terms_date_basis": null,
  "re_payment_terms_date_basis_code": null,
  "re_pay_date_basis": null,
  "re_pay_date_basis_code": null,
  "re_payment_method": null,
  "re_remittance_delivery_method": null,
  "re_remittance_delivery_email": null,
  "re_client_bu": null,
  "re_client_bu_id": null,
  "re_bill_to_bu": null,
  "re_bill_to_bu_id": null,
  "action_requested": null,
  "creation_date": null,
  "last_update_date": null,
  "created_by": null,
  "last_updated_by": null,
  "payee_id":null
}