{

  "title": "",
  "description": "",
  "variables": {
    "employeeListSDP": {
      "type": "vb/ServiceDataProvider",
      "defaultValue": {
        "endpoint": "businessObjects/getall_Employee",
        "keyAttributes": "id",
        "itemsPath": "items",
        "responseType": "page:getallEmployeeResponse2",
        "transformsContext": {
          "vb-textFilterAttributes": [
            "firstName"
          ]
        }
      }
    },
    "selectedEmployee": {
      "type": "object"
    },
    "selectedRow": {
      "type": {
        "data": "object",
        "key": "string"

      }
    },
    "filters": {
      "type": "filter[]",
      "defaultValue": [
        {
          "op": "$sw",
          "attribute": "firstName",
          "value": ""
        },
        {
          "op": "$sw",
          "attribute": "lastName",
          "value": ""
        },
        {
          "op": "$eq",
          "attribute": "departmentObject.id",
          "value": null
        },
        {
          "op": "$eq",
          "attribute": "skillCollection.id",
          "value": []
        },
        {
          "op": "$ge",
          "attribute": "salary",
          "value": null
        },
        {
          "op": "$le",
          "attribute": "salary",
          "value": null
        }
      ]
    },
    "departmentListSDP": {
      "type": "vb/ServiceDataProvider",
      "defaultValue": {
        "endpoint": "businessObjects/getall_Department",
        "idAttribute": "id",
        "itemsPath": "items",
        "responseType": "page:getallDepartmentResponse",
        "transformsContext": {
          "vb-textFilterAttributes": [
            "departmentName"
          ]
        }
      }
    },
    "skillListSDP": {
      "type": "vb/ServiceDataProvider",
      "defaultValue": {
        "endpoint": "businessObjects/getall_Skill",
        "idAttribute": "id",
        "itemsPath": "items",
        "responseType": "page:getallSkillResponse"
      }
    },
    "AdvanceSearchEmployeeListSDP": {
      "type": "vb/ServiceDataProvider",
      "defaultValue": {
        "endpoint": "businessObjects/getall_Employee",
        "idAttribute": "id",
        "itemsPath": "items",
        "responseType": "page:getallEmployeeResponseForAdvanceSearch"
      }
    }
  },
  "metadata": {},
  "types": {
    "@decorators.getallEmployeeResponse2": {
      "endpoint": "getall_Employee",
      "service": "businessObjects",
      "path": "response"
    },
    "filter": {
      "op": "string",
      "attribute": "string",
      "value": "any"
    },
    "getallDepartmentResponse": {
      "items": [
        {
          "departmentName": "string",
          "id": "number"
        }
      ]
    },
    "@decorators.getallDepartmentResponse": {
      "endpoint": "getall_Department",
      "service": "businessObjects",
      "path": "response"
    },
    "getallEmployeeResponse2": {
      "items": [
        {
          "firstName": "string",
          "id": "number",
          "lastName": "string"
        }
      ]
    },
    "getallSkillResponse": {
      "items": [
        {
          "id": "number",
          "name": "string"
        }
      ]
    },
    "@decorators.getallSkillResponse": {
      "endpoint": "getall_Skill",
      "service": "businessObjects",
      "path": "response"
    },
    "getallEmployeeResponseForAdvanceSearch": {
      "items": [
        {
          "departmentObject": {
            "items": [
              {
                "departmentName": "string"
              }
            ]
          },
          "firstName": "string",
          "id": "number",
          "jobObject": {
            "items": [
              {
                "jobTitle": "string"
              }
            ]
          },
          "lastName": "string",
          "salary": "number",
          "skillCollection": {
            "items": [
              {
                "name": "string"
              }
            ]
          }
        }
      ]
    },
    "@decorators.getallEmployeeResponseForAdvanceSearch": {
      "endpoint": "getall_Employee",
      "service": "businessObjects",
      "path": "response"
    }
  },
  "chains": {
  },
  "eventListeners": {
    "employeeAdvSearch": {
      "chains": [
        {
          "chainId": "OpenAdvancedSearchDialog",
          "parameters": {
            "detail": "{{ $event.detail }}"
          }
        }
      ]
    },
    "spanClick": {
      "chains": [
        {
          "chainId": "DeSelectEmployeeChain",
          "parameters": {
            "detail": "{{ $event.detail }}"
          }
        }
      ]
    },
    "okojButtonOjAction": {
      "chains": [
        {
          "chainId": "OKButtonActionChain"
        }
      ]
    },
    "searchojButtonOjAction": {
      "chains": [
        {
          "chainId": "ApplyFilterActionChain",
          "parameters": {
            "detail": "{{ $event.detail }}"
          }
        }
      ]
    },
    "resetojButtonOjAction": {
      "chains": [
        {
          "chainId": "ResetFiltersActionChain",
          "parameters": {
            "detail": "{{ $event.detail }}"
          }
        }
      ]
    },
    "cancelojButtonOjAction": {
      "chains": [
        {
          "chainId": "CancelButtonActionChain"
        }
      ]
    }
  },
  "imports": {
    "components": {
      "oj-label": {
        "path": "ojs/ojlabel"
      },
      "oj-dialog": {
        "path": "ojs/ojdialog"
      },
      "oj-button": {
        "path": "ojs/ojbutton"
      },
      "oj-table": {
        "path": "ojs/ojtable"
      },
      "oj-radioset": {
        "path": "ojs/ojradioset"
      },
      "oj-option": {
        "path": "ojs/ojoption"
      },
      "oj-form-layout": {
        "path": "ojs/ojformlayout"
      },
      "oj-input-text": {
        "path": "ojs/ojinputtext"
      },
      "oj-select-single": {
        "path": "ojs/ojselectsingle"
      },
      "oj-select-many": {
        "path": "ojs/ojselectmany"
      },
      "oj-input-number": {
        "path": "ojs/ojinputnumber"
      },
      "oj-toolbar": {
        "path": "ojs/ojtoolbar"
      }
    }
  }
}