{
    "legal_structure": "FOREIGN",
    "exelon_poc": null,
    "employee_liability_value": "900",
    "employer_liability_expiration_date": "2022-06-02T00:00:00Z",
    "general_liability_value": "200",
    "general_liability_expiration_date": "2022-06-03T00:00:00Z",
    "auto_liability_value": "300",
    "auto_liability_expiration_date": "2022-06-04T00:00:00Z",
    "excess_umbrella_liability_value": "400",
    "excess_umbrella_liability_expiration_date": "2022-06-05T00:00:00Z",
    "workers_comp_liability_value": "500",
    "workers_comp_liability_expiration_date": "2022-06-06T00:00:00Z",
    "professional_liability_value": "600",
    "professional_liability_expiration_date": "2022-06-07T00:00:00Z",
    "environ_pollution_liability_value": "700",
    "environ_pollution_liability_expiration_date": "2022-06-08T00:00:00Z",
    "miscellaneous_liability_insurance_value": "800",
    "miscellaneous_insurance_expiration_date": "2022-06-09T00:00:00Z",
    "additional_insured": "No",
    "policies_are_primary": "Yes",
    "supplier_insurance_waiver_of_subrogation": "No",
    "re_legal_structure": "FOREIGN",
    "re_exelon_poc": null,
    "re_employee_liability_value": "200",
    "re_employer_liability_expiration_date": null,
    "re_general_liability_value": null,
    "re_general_liability_expiration_date": null,
    "re_auto_liability_value": null,
    "re_auto_liability_expiration_date": null,
    "re_excess_umbrella_liability_value": null,
    "re_excess_umbrella_liability_expiration_date": null,
    "re_workers_comp_liability_value": null,
    "re_workers_comp_liability_expiration_date": null,
    "re_professional_liability_value": null,
    "re_professional_liability_expiration_date": null,
    "re_environ_pollution_liability_value": null,
    "re_environ_pollution_liability_expiration_date": null,
    "re_miscellaneous_liability_insurance_value": null,
    "re_miscellaneous_insurance_expiration_date": null,
    "re_additional_insured": null,
    "re_policies_are_primary": null,
    "re_supplier_insurance_waiver_of_subrogation": null,
    "creation_date": "2022-06-02T17:35:49Z",
    "last_update_date": "2022-06-02T17:35:49Z",
    "created_by": "C989532",
    "last_updated_by": "C989532",
    "api_response": null
}