{
    "items": [
        {
            "LookupCode": "New York Council",
            "Meaning": "New York Council",
            "Description": "New York Minority Supplier Development Council",
            "EnabledFlag": "Y",
            "StartDateActive": null,
            "EndDateActive": null,
            "DisplaySequence": 1,
            "Tag": null,
            "CreatedBy": "Nagarjuna.P@exeloncorp.com",
            "CreationDate": "2022-06-07T13:29:49.281+00:00",
            "LastUpdateDate": "2022-06-07T13:32:51.189+00:00",
            "LastUpdateLogin": "E0D95B96F61AAB59E053CC61500A6035",
            "LastUpdatedBy": "Nagarjuna.P@exeloncorp.com",
            "links": [
                {
                    "rel": "self",
                    "href": "https://fa-etsw-dev1-saasfaprod1.fa.ocs.oraclecloud.com:443/fscmRestApi/resources/11.13.18.05/commonLookups/CFS_SMF_CERTIFYING%20AGENCIES/child/lookupCodes/New%20York%20Council",
                    "name": "lookupCodes",
                    "kind": "item"
                },
                {
                    "rel": "canonical",
                    "href": "https://fa-etsw-dev1-saasfaprod1.fa.ocs.oraclecloud.com:443/fscmRestApi/resources/11.13.18.05/commonLookups/CFS_SMF_CERTIFYING%20AGENCIES/child/lookupCodes/New%20York%20Council",
                    "name": "lookupCodes",
                    "kind": "item"
                },
                {
                    "rel": "parent",
                    "href": "https://fa-etsw-dev1-saasfaprod1.fa.ocs.oraclecloud.com:443/fscmRestApi/resources/11.13.18.05/commonLookups/CFS_SMF_CERTIFYING%20AGENCIES",
                    "name": "commonLookups",
                    "kind": "item"
                },
                {
                    "rel": "child",
                    "href": "https://fa-etsw-dev1-saasfaprod1.fa.ocs.oraclecloud.com:443/fscmRestApi/resources/11.13.18.05/commonLookups/CFS_SMF_CERTIFYING%20AGENCIES/child/lookupCodes/New%20York%20Council/child/lookupsDFF",
                    "name": "lookupsDFF",
                    "kind": "collection"
                },
                {
                    "rel": "child",
                    "href": "https://fa-etsw-dev1-saasfaprod1.fa.ocs.oraclecloud.com:443/fscmRestApi/resources/11.13.18.05/commonLookups/CFS_SMF_CERTIFYING%20AGENCIES/child/lookupCodes/New%20York%20Council/child/translations",
                    "name": "translations",
                    "kind": "collection"
                }
            ]
        },
        {
            "LookupCode": "SBA",
            "Meaning": "SBA",
            "Description": "Small Business Administration",
            "EnabledFlag": "Y",
            "StartDateActive": null,
            "EndDateActive": null,
            "DisplaySequence": 2,
            "Tag": null,
            "CreatedBy": "Nagarjuna.P@exeloncorp.com",
            "CreationDate": "2022-06-07T13:30:40.296+00:00",
            "LastUpdateDate": "2022-06-07T13:32:51.193+00:00",
            "LastUpdateLogin": "E0D95B96F61AAB59E053CC61500A6035",
            "LastUpdatedBy": "Nagarjuna.P@exeloncorp.com",
            "links": [
                {
                    "rel": "self",
                    "href": "https://fa-etsw-dev1-saasfaprod1.fa.ocs.oraclecloud.com:443/fscmRestApi/resources/11.13.18.05/commonLookups/CFS_SMF_CERTIFYING%20AGENCIES/child/lookupCodes/SBA",
                    "name": "lookupCodes",
                    "kind": "item"
                },
                {
                    "rel": "canonical",
                    "href": "https://fa-etsw-dev1-saasfaprod1.fa.ocs.oraclecloud.com:443/fscmRestApi/resources/11.13.18.05/commonLookups/CFS_SMF_CERTIFYING%20AGENCIES/child/lookupCodes/SBA",
                    "name": "lookupCodes",
                    "kind": "item"
                },
                {
                    "rel": "parent",
                    "href": "https://fa-etsw-dev1-saasfaprod1.fa.ocs.oraclecloud.com:443/fscmRestApi/resources/11.13.18.05/commonLookups/CFS_SMF_CERTIFYING%20AGENCIES",
                    "name": "commonLookups",
                    "kind": "item"
                },
                {
                    "rel": "child",
                    "href": "https://fa-etsw-dev1-saasfaprod1.fa.ocs.oraclecloud.com:443/fscmRestApi/resources/11.13.18.05/commonLookups/CFS_SMF_CERTIFYING%20AGENCIES/child/lookupCodes/SBA/child/lookupsDFF",
                    "name": "lookupsDFF",
                    "kind": "collection"
                },
                {
                    "rel": "child",
                    "href": "https://fa-etsw-dev1-saasfaprod1.fa.ocs.oraclecloud.com:443/fscmRestApi/resources/11.13.18.05/commonLookups/CFS_SMF_CERTIFYING%20AGENCIES/child/lookupCodes/SBA/child/translations",
                    "name": "translations",
                    "kind": "collection"
                }
            ]
        },
        {
            "LookupCode": "Self-Certified",
            "Meaning": "Self-Certified",
            "Description": "Self-Certified",
            "EnabledFlag": "Y",
            "StartDateActive": null,
            "EndDateActive": null,
            "DisplaySequence": 3,
            "Tag": null,
            "CreatedBy": "Nagarjuna.P@exeloncorp.com",
            "CreationDate": "2022-06-07T13:31:04.389+00:00",
            "LastUpdateDate": "2022-06-07T13:32:51.195+00:00",
            "LastUpdateLogin": "E0D95B96F61AAB59E053CC61500A6035",
            "LastUpdatedBy": "Nagarjuna.P@exeloncorp.com",
            "links": [
                {
                    "rel": "self",
                    "href": "https://fa-etsw-dev1-saasfaprod1.fa.ocs.oraclecloud.com:443/fscmRestApi/resources/11.13.18.05/commonLookups/CFS_SMF_CERTIFYING%20AGENCIES/child/lookupCodes/Self-Certified",
                    "name": "lookupCodes",
                    "kind": "item"
                },
                {
                    "rel": "canonical",
                    "href": "https://fa-etsw-dev1-saasfaprod1.fa.ocs.oraclecloud.com:443/fscmRestApi/resources/11.13.18.05/commonLookups/CFS_SMF_CERTIFYING%20AGENCIES/child/lookupCodes/Self-Certified",
                    "name": "lookupCodes",
                    "kind": "item"
                },
                {
                    "rel": "parent",
                    "href": "https://fa-etsw-dev1-saasfaprod1.fa.ocs.oraclecloud.com:443/fscmRestApi/resources/11.13.18.05/commonLookups/CFS_SMF_CERTIFYING%20AGENCIES",
                    "name": "commonLookups",
                    "kind": "item"
                },
                {
                    "rel": "child",
                    "href": "https://fa-etsw-dev1-saasfaprod1.fa.ocs.oraclecloud.com:443/fscmRestApi/resources/11.13.18.05/commonLookups/CFS_SMF_CERTIFYING%20AGENCIES/child/lookupCodes/Self-Certified/child/lookupsDFF",
                    "name": "lookupsDFF",
                    "kind": "collection"
                },
                {
                    "rel": "child",
                    "href": "https://fa-etsw-dev1-saasfaprod1.fa.ocs.oraclecloud.com:443/fscmRestApi/resources/11.13.18.05/commonLookups/CFS_SMF_CERTIFYING%20AGENCIES/child/lookupCodes/Self-Certified/child/translations",
                    "name": "translations",
                    "kind": "collection"
                }
            ]
        },
        {
            "LookupCode": "So Cal Minority Development",
            "Meaning": "So Cal Minority Development",
            "Description": "So Cal Minority Development",
            "EnabledFlag": "Y",
            "StartDateActive": null,
            "EndDateActive": null,
            "DisplaySequence": 4,
            "Tag": null,
            "CreatedBy": "Nagarjuna.P@exeloncorp.com",
            "CreationDate": "2022-06-07T13:31:42.386+00:00",
            "LastUpdateDate": "2022-06-07T13:32:51.196+00:00",
            "LastUpdateLogin": "E0D95B96F61AAB59E053CC61500A6035",
            "LastUpdatedBy": "Nagarjuna.P@exeloncorp.com",
            "links": [
                {
                    "rel": "self",
                    "href": "https://fa-etsw-dev1-saasfaprod1.fa.ocs.oraclecloud.com:443/fscmRestApi/resources/11.13.18.05/commonLookups/CFS_SMF_CERTIFYING%20AGENCIES/child/lookupCodes/So%20Cal%20Minority%20Development",
                    "name": "lookupCodes",
                    "kind": "item"
                },
                {
                    "rel": "canonical",
                    "href": "https://fa-etsw-dev1-saasfaprod1.fa.ocs.oraclecloud.com:443/fscmRestApi/resources/11.13.18.05/commonLookups/CFS_SMF_CERTIFYING%20AGENCIES/child/lookupCodes/So%20Cal%20Minority%20Development",
                    "name": "lookupCodes",
                    "kind": "item"
                },
                {
                    "rel": "parent",
                    "href": "https://fa-etsw-dev1-saasfaprod1.fa.ocs.oraclecloud.com:443/fscmRestApi/resources/11.13.18.05/commonLookups/CFS_SMF_CERTIFYING%20AGENCIES",
                    "name": "commonLookups",
                    "kind": "item"
                },
                {
                    "rel": "child",
                    "href": "https://fa-etsw-dev1-saasfaprod1.fa.ocs.oraclecloud.com:443/fscmRestApi/resources/11.13.18.05/commonLookups/CFS_SMF_CERTIFYING%20AGENCIES/child/lookupCodes/So%20Cal%20Minority%20Development/child/lookupsDFF",
                    "name": "lookupsDFF",
                    "kind": "collection"
                },
                {
                    "rel": "child",
                    "href": "https://fa-etsw-dev1-saasfaprod1.fa.ocs.oraclecloud.com:443/fscmRestApi/resources/11.13.18.05/commonLookups/CFS_SMF_CERTIFYING%20AGENCIES/child/lookupCodes/So%20Cal%20Minority%20Development/child/translations",
                    "name": "translations",
                    "kind": "collection"
                }
            ]
        },
        {
            "LookupCode": "Other",
            "Meaning": "Other",
            "Description": "Other Certifying Agency",
            "EnabledFlag": "Y",
            "StartDateActive": null,
            "EndDateActive": null,
            "DisplaySequence": 5,
            "Tag": null,
            "CreatedBy": "Nagarjuna.P@exeloncorp.com",
            "CreationDate": "2022-06-07T13:32:17.297+00:00",
            "LastUpdateDate": "2022-06-07T13:32:51.198+00:00",
            "LastUpdateLogin": "E0D95B96F61AAB59E053CC61500A6035",
            "LastUpdatedBy": "Nagarjuna.P@exeloncorp.com",
            "links": [
                {
                    "rel": "self",
                    "href": "https://fa-etsw-dev1-saasfaprod1.fa.ocs.oraclecloud.com:443/fscmRestApi/resources/11.13.18.05/commonLookups/CFS_SMF_CERTIFYING%20AGENCIES/child/lookupCodes/Other",
                    "name": "lookupCodes",
                    "kind": "item"
                },
                {
                    "rel": "canonical",
                    "href": "https://fa-etsw-dev1-saasfaprod1.fa.ocs.oraclecloud.com:443/fscmRestApi/resources/11.13.18.05/commonLookups/CFS_SMF_CERTIFYING%20AGENCIES/child/lookupCodes/Other",
                    "name": "lookupCodes",
                    "kind": "item"
                },
                {
                    "rel": "parent",
                    "href": "https://fa-etsw-dev1-saasfaprod1.fa.ocs.oraclecloud.com:443/fscmRestApi/resources/11.13.18.05/commonLookups/CFS_SMF_CERTIFYING%20AGENCIES",
                    "name": "commonLookups",
                    "kind": "item"
                },
                {
                    "rel": "child",
                    "href": "https://fa-etsw-dev1-saasfaprod1.fa.ocs.oraclecloud.com:443/fscmRestApi/resources/11.13.18.05/commonLookups/CFS_SMF_CERTIFYING%20AGENCIES/child/lookupCodes/Other/child/lookupsDFF",
                    "name": "lookupsDFF",
                    "kind": "collection"
                },
                {
                    "rel": "child",
                    "href": "https://fa-etsw-dev1-saasfaprod1.fa.ocs.oraclecloud.com:443/fscmRestApi/resources/11.13.18.05/commonLookups/CFS_SMF_CERTIFYING%20AGENCIES/child/lookupCodes/Other/child/translations",
                    "name": "translations",
                    "kind": "collection"
                }
            ]
        }
    ],
    "count": 5,
    "hasMore": false,
    "limit": 25,
    "offset": 0,
    "links": [
        {
            "rel": "self",
            "href": "https://fa-etsw-dev1-saasfaprod1.fa.ocs.oraclecloud.com:443/fscmRestApi/resources/11.13.18.05/commonLookups/CFS_SMF_CERTIFYING%20AGENCIES/child/lookupCodes",
            "name": "lookupCodes",
            "kind": "collection"
        }
    ]
}