"FND_APP_COMMON_LOOKUP.LookupType","LookupCode","Meaning","Description","EnabledFlag","StartDateActive","EndDateActive","DisplaySequence","CreatedBy","CreationDate","LastUpdatedBy","LastUpdateDate","LastUpdateLogin","Tag"
"LOCATION_ADDRESS_USAGE_TYPE","BILL","Billing","","Y","0001/01/01","4712/12/31","","SEED_DATA_FROM_APPLICATION","2013/08/08 06:23:47.613","SEED_DATA_FROM_APPLICATION","2021/09/17 16:38:15.871259","-1","+AR"
"LOCATION_ADDRESS_USAGE_TYPE","BUSN","Business","","Y","0001/01/01","4712/12/31","","SEED_DATA_FROM_APPLICATION","2013/08/08 06:23:47.621","SEED_DATA_FROM_APPLICATION","2021/09/17 16:38:15.871259","-1","+AR"
"LOCATION_ADDRESS_USAGE_TYPE","CHK","Check","","Y","0001/01/01","4712/12/31","","SEED_DATA_FROM_APPLICATION","2013/08/08 06:23:47.628","SEED_DATA_FROM_APPLICATION","2021/09/17 16:38:15.871259","-1","+AR"
"LOCATION_ADDRESS_USAGE_TYPE","CODE","In care of address","","Y","0001/01/01","4712/12/31","","SEED_DATA_FROM_APPLICATION","2013/08/08 06:23:47.636","SEED_DATA_FROM_APPLICATION","2021/09/17 16:38:15.871259","-1","+DK"
"LOCATION_ADDRESS_USAGE_TYPE","FLEXDEPLOY","FLEXDEPLOY","FLEXDEPLOY","Y","","","","CUSTOMIZED_USER","2022/03/10 16:54:18.0","CUSTOMIZED_USER","2022/03/10 16:54:18.846","D81BC8B9AD38EB20E0530661F00AE49D",""
"LOCATION_ADDRESS_USAGE_TYPE","H","Home address","","Y","0001/01/01","4712/12/31","","SEED_DATA_FROM_APPLICATION","2013/08/08 06:23:47.643","SEED_DATA_FROM_APPLICATION","2021/09/17 16:38:15.871259","-1","+DK"
"LOCATION_ADDRESS_USAGE_TYPE","LEGL","Legal","","Y","0001/01/01","4712/12/31","","SEED_DATA_FROM_APPLICATION","2013/08/08 06:23:47.651","SEED_DATA_FROM_APPLICATION","2021/09/17 16:38:15.871259","-1","+AR"
"LOCATION_ADDRESS_USAGE_TYPE","MAILING","Mailing address usage type","","Y","0001/01/01","4712/12/31","","SEED_DATA_FROM_APPLICATION","2013/08/08 06:23:47.657","SEED_DATA_FROM_APPLICATION","2021/09/17 16:38:15.871259","-1",""
"LOCATION_ADDRESS_USAGE_TYPE","MAIN","Main address usage type","","Y","0001/01/01","4712/12/31","","SEED_DATA_FROM_APPLICATION","2013/08/08 06:23:47.818","SEED_DATA_FROM_APPLICATION","2021/09/17 16:38:15.871259","-1",""
"LOCATION_ADDRESS_USAGE_TYPE","OTH","Other","","Y","0001/01/01","4712/12/31","","SEED_DATA_FROM_APPLICATION","2013/08/08 06:23:47.824","SEED_DATA_FROM_APPLICATION","2021/09/17 16:38:15.871259","-1","+AR"
"LOCATION_ADDRESS_USAGE_TYPE","T","Temporary address","","Y","0001/01/01","4712/12/31","","SEED_DATA_FROM_APPLICATION","2013/08/08 06:23:47.829","SEED_DATA_FROM_APPLICATION","2021/09/17 16:38:15.871259","-1","+DK"
"LOCATION_ADDRESS_USAGE_TYPE","US_LOC_OVERRIDE","Location override","","Y","0001/01/01","4712/12/31","","SEED_DATA_FROM_APPLICATION","2013/08/08 06:23:47.833","SEED_DATA_FROM_APPLICATION","2021/09/17 16:38:15.871259","-1","+US"
