"FND_APP_STANDARD_LOOKUP.LookupType","LookupCode","Meaning","Description","EnabledFlag","StartDateActive","EndDateActive","DisplaySequence","CreatedBy","CreationDate","LastUpdatedBy","LastUpdateDate","LastUpdateLogin","Tag"
"HZ_GEO_IDENTIFIER_SUBTYPE","CN_BJ_CODE","Beijing country code","Country or district code used in Beijing local tax reporting.","Y","","","","CUSTOMIZED_USER","2013/10/23 15:52:37.0","CUSTOMIZED_USER","2013/10/23 15:54:16.853","E95E9AC7196E7FCBE0436204548C65A4","C"
"HZ_GEO_IDENTIFIER_SUBTYPE","CN_GEO_CODE","Chinese geography code","Geography code from the Chinese recommended national standard document 2260, issued by the Standardization Administration of China.","Y","","","","CUSTOMIZED_USER","2013/10/23 15:53:39.449","CUSTOMIZED_USER","2013/10/23 15:54:16.905","E95E9AC7196E7FCBE0436204548C65A4","C"
"HZ_GEO_IDENTIFIER_SUBTYPE","FIPS_CODE","FIPS code","","Y","1951/01/01","","","SEED_DATA_FROM_APPLICATION","2013/08/08 06:21:27.826","SEED_DATA_FROM_APPLICATION","2021/09/17 16:38:15.871259","-1","C"
"HZ_GEO_IDENTIFIER_SUBTYPE","GEO_CODE","Tax geography code","","Y","1951/01/01","","","SEED_DATA_FROM_APPLICATION","2013/08/08 06:21:27.83","SEED_DATA_FROM_APPLICATION","2021/09/17 16:38:15.871259","-1","C"
"HZ_GEO_IDENTIFIER_SUBTYPE","ISO_COUNTRY_CODE","ISO country code","","Y","1951/01/01","","","SEED_DATA_FROM_APPLICATION","2013/08/08 06:21:27.834","SEED_DATA_FROM_APPLICATION","2021/09/17 16:38:15.871259","-1","C"
"HZ_GEO_IDENTIFIER_SUBTYPE","PRIMARY_CITY","Primary city","Primary city for a geography code, internally used.","Y","1951/01/01","","","SEED_DATA_FROM_APPLICATION","2013/08/08 06:21:27.839","SEED_DATA_FROM_APPLICATION","2021/09/17 16:38:15.871259","-1","C"
"HZ_GEO_IDENTIFIER_SUBTYPE","SECONDARY_NAME","Secondary identifier name","","Y","1951/01/01","","","SEED_DATA_FROM_APPLICATION","2013/08/08 06:21:27.844","SEED_DATA_FROM_APPLICATION","2021/09/17 16:38:15.871259","-1","N"
"HZ_GEO_IDENTIFIER_SUBTYPE","STANDARD_NAME","Standard identifier name","","Y","1951/01/01","","","SEED_DATA_FROM_APPLICATION","2013/08/08 06:21:27.848","SEED_DATA_FROM_APPLICATION","2021/09/17 16:38:15.871259","-1","N"
"HZ_GEO_IDENTIFIER_SUBTYPE","UNKNOWN","Unknown","","Y","1951/01/01","","","SEED_DATA_FROM_APPLICATION","2013/08/08 06:21:27.853","SEED_DATA_FROM_APPLICATION","2021/09/17 16:38:15.871259","-1","C"
