{
  "supplier_address_id": 300000059693131,
  "supplier_id": 300000042390398,
  "request_id": 1000000000001,
  "address_name": "Legend Address",
  "country_code": null,
  "country": "United States",
  "address_line1": null,
  "address_line2": null,
  "address_line3": null,
  "address_line4": null,
  "city": "redwood city",
  "state": null,
  "postal_code": null,
  "postal_code_extension": null,
  "province": null,
  "county": null,
  "building": null,
  "floor_number": null,
  "addressee": null,
  "address_purpose_remit_to_flag": null,
  "phone_country_code": null,
  "phone_area_code": null,
  "phone_number": null,
  "phone_extension": null,
  "fax_country_code": null,
  "fax_area_code": null,
  "fax_number": null,
  "email": null,
  "re_address_name": null,
  "re_country_code": null,
  "re_country": null,
  "re_address_line1": null,
  "re_address_line2": null,
  "re_address_line3": null,
  "re_address_line4": null,
  "re_city": null,
  "re_state": null,
  "re_postal_code": null,
  "re_postal_code_extension": null,
  "re_province": null,
  "re_county": null,
  "re_building": null,
  "re_floor_number": null,
  "re_addressee": null,
  "re_address_purpose_remit_to_flag": null,
  "re_phone_country_code": null,
  "re_phone_area_code": null,
  "re_phone_number": null,
  "re_phone_extension": null,
  "re_fax_country_code": null,
  "re_fax_area_code": null,
  "re_fax_number": null,
  "re_email": null,
  "creation_date": null,
  "last_update_date": null,
  "created_by": null,
  "last_updated_by": null,
  "action_requested": "New"
}