{
    "items": [
        {
            "PaymentMethodCode": "CNST_ACH",
            "PaymentMethodName": "ACH",
            "PaymentMethodDescription": "ACH",
            "BillsPayablePaymentMethodIndicator": "N",
            "MaturityDateOverride": null,
            "ApplicationId": 222,
            "AutoPayeeAssignIndicator": "Y",
            "links": [
                {
                    "rel": "self",
                    "href": "https://fa-etsw-dev1-saasfaprod1.fa.ocs.oraclecloud.com:443/fscmRestApi/resources/11.13.18.05/disbursementPaymentMethodsLOV/CNST_ACH",
                    "name": "disbursementPaymentMethodsLOV",
                    "kind": "item"
                },
                {
                    "rel": "canonical",
                    "href": "https://fa-etsw-dev1-saasfaprod1.fa.ocs.oraclecloud.com:443/fscmRestApi/resources/11.13.18.05/disbursementPaymentMethodsLOV/CNST_ACH",
                    "name": "disbursementPaymentMethodsLOV",
                    "kind": "item"
                }
            ]
        },
        {
            "PaymentMethodCode": "CHK",
            "PaymentMethodName": "CHECK",
            "PaymentMethodDescription": null,
            "BillsPayablePaymentMethodIndicator": "N",
            "MaturityDateOverride": null,
            "ApplicationId": 222,
            "AutoPayeeAssignIndicator": "Y",
            "links": [
                {
                    "rel": "self",
                    "href": "https://fa-etsw-dev1-saasfaprod1.fa.ocs.oraclecloud.com:443/fscmRestApi/resources/11.13.18.05/disbursementPaymentMethodsLOV/CHK",
                    "name": "disbursementPaymentMethodsLOV",
                    "kind": "item"
                },
                {
                    "rel": "canonical",
                    "href": "https://fa-etsw-dev1-saasfaprod1.fa.ocs.oraclecloud.com:443/fscmRestApi/resources/11.13.18.05/disbursementPaymentMethodsLOV/CHK",
                    "name": "disbursementPaymentMethodsLOV",
                    "kind": "item"
                }
            ]
        },
        {
            "PaymentMethodCode": "CHECK",
            "PaymentMethodName": "Check",
            "PaymentMethodDescription": null,
            "BillsPayablePaymentMethodIndicator": "N",
            "MaturityDateOverride": null,
            "ApplicationId": 222,
            "AutoPayeeAssignIndicator": "Y",
            "links": [
                {
                    "rel": "self",
                    "href": "https://fa-etsw-dev1-saasfaprod1.fa.ocs.oraclecloud.com:443/fscmRestApi/resources/11.13.18.05/disbursementPaymentMethodsLOV/CHECK",
                    "name": "disbursementPaymentMethodsLOV",
                    "kind": "item"
                },
                {
                    "rel": "canonical",
                    "href": "https://fa-etsw-dev1-saasfaprod1.fa.ocs.oraclecloud.com:443/fscmRestApi/resources/11.13.18.05/disbursementPaymentMethodsLOV/CHECK",
                    "name": "disbursementPaymentMethodsLOV",
                    "kind": "item"
                }
            ]
        },
        {
            "PaymentMethodCode": "EFT",
            "PaymentMethodName": "Electronic",
            "PaymentMethodDescription": null,
            "BillsPayablePaymentMethodIndicator": "N",
            "MaturityDateOverride": null,
            "ApplicationId": 222,
            "AutoPayeeAssignIndicator": "Y",
            "links": [
                {
                    "rel": "self",
                    "href": "https://fa-etsw-dev1-saasfaprod1.fa.ocs.oraclecloud.com:443/fscmRestApi/resources/11.13.18.05/disbursementPaymentMethodsLOV/EFT",
                    "name": "disbursementPaymentMethodsLOV",
                    "kind": "item"
                },
                {
                    "rel": "canonical",
                    "href": "https://fa-etsw-dev1-saasfaprod1.fa.ocs.oraclecloud.com:443/fscmRestApi/resources/11.13.18.05/disbursementPaymentMethodsLOV/EFT",
                    "name": "disbursementPaymentMethodsLOV",
                    "kind": "item"
                }
            ]
        },
        {
            "PaymentMethodCode": "OUTSOURCED_CHECK",
            "PaymentMethodName": "Outsourced Check",
            "PaymentMethodDescription": "Check to be printed by third party provider",
            "BillsPayablePaymentMethodIndicator": "N",
            "MaturityDateOverride": null,
            "ApplicationId": 222,
            "AutoPayeeAssignIndicator": "Y",
            "links": [
                {
                    "rel": "self",
                    "href": "https://fa-etsw-dev1-saasfaprod1.fa.ocs.oraclecloud.com:443/fscmRestApi/resources/11.13.18.05/disbursementPaymentMethodsLOV/OUTSOURCED_CHECK",
                    "name": "disbursementPaymentMethodsLOV",
                    "kind": "item"
                },
                {
                    "rel": "canonical",
                    "href": "https://fa-etsw-dev1-saasfaprod1.fa.ocs.oraclecloud.com:443/fscmRestApi/resources/11.13.18.05/disbursementPaymentMethodsLOV/OUTSOURCED_CHECK",
                    "name": "disbursementPaymentMethodsLOV",
                    "kind": "item"
                }
            ]
        },
        {
            "PaymentMethodCode": "VCC",
            "PaymentMethodName": "Virtual Credit Card",
            "PaymentMethodDescription": null,
            "BillsPayablePaymentMethodIndicator": "N",
            "MaturityDateOverride": null,
            "ApplicationId": 222,
            "AutoPayeeAssignIndicator": "Y",
            "links": [
                {
                    "rel": "self",
                    "href": "https://fa-etsw-dev1-saasfaprod1.fa.ocs.oraclecloud.com:443/fscmRestApi/resources/11.13.18.05/disbursementPaymentMethodsLOV/VCC",
                    "name": "disbursementPaymentMethodsLOV",
                    "kind": "item"
                },
                {
                    "rel": "canonical",
                    "href": "https://fa-etsw-dev1-saasfaprod1.fa.ocs.oraclecloud.com:443/fscmRestApi/resources/11.13.18.05/disbursementPaymentMethodsLOV/VCC",
                    "name": "disbursementPaymentMethodsLOV",
                    "kind": "item"
                }
            ]
        },
        {
            "PaymentMethodCode": "WRE",
            "PaymentMethodName": "WIRE",
            "PaymentMethodDescription": null,
            "BillsPayablePaymentMethodIndicator": "N",
            "MaturityDateOverride": null,
            "ApplicationId": 222,
            "AutoPayeeAssignIndicator": "Y",
            "links": [
                {
                    "rel": "self",
                    "href": "https://fa-etsw-dev1-saasfaprod1.fa.ocs.oraclecloud.com:443/fscmRestApi/resources/11.13.18.05/disbursementPaymentMethodsLOV/WRE",
                    "name": "disbursementPaymentMethodsLOV",
                    "kind": "item"
                },
                {
                    "rel": "canonical",
                    "href": "https://fa-etsw-dev1-saasfaprod1.fa.ocs.oraclecloud.com:443/fscmRestApi/resources/11.13.18.05/disbursementPaymentMethodsLOV/WRE",
                    "name": "disbursementPaymentMethodsLOV",
                    "kind": "item"
                }
            ]
        },
        {
            "PaymentMethodCode": "WIRE",
            "PaymentMethodName": "Wire",
            "PaymentMethodDescription": null,
            "BillsPayablePaymentMethodIndicator": "N",
            "MaturityDateOverride": null,
            "ApplicationId": 222,
            "AutoPayeeAssignIndicator": "Y",
            "links": [
                {
                    "rel": "self",
                    "href": "https://fa-etsw-dev1-saasfaprod1.fa.ocs.oraclecloud.com:443/fscmRestApi/resources/11.13.18.05/disbursementPaymentMethodsLOV/WIRE",
                    "name": "disbursementPaymentMethodsLOV",
                    "kind": "item"
                },
                {
                    "rel": "canonical",
                    "href": "https://fa-etsw-dev1-saasfaprod1.fa.ocs.oraclecloud.com:443/fscmRestApi/resources/11.13.18.05/disbursementPaymentMethodsLOV/WIRE",
                    "name": "disbursementPaymentMethodsLOV",
                    "kind": "item"
                }
            ]
        }
    ],
    "count": 8,
    "hasMore": false,
    "limit": 25,
    "offset": 0,
    "links": [
        {
            "rel": "self",
            "href": "https://fa-etsw-dev1-saasfaprod1.fa.ocs.oraclecloud.com:443/fscmRestApi/resources/11.13.18.05/disbursementPaymentMethodsLOV",
            "name": "disbursementPaymentMethodsLOV",
            "kind": "collection"
        }
    ]
}