<MigrationProcessCSVMetadataVO>
   <MigrationProcessCSVMetadataVORow>
      <ProcessId>-999</ProcessId>
      <ProcessName>Manage Action Reasons_20220308_121957_586</ProcessName>
      <ProcessDescription>Manage Action Reasons_20220308_121957_586</ProcessDescription>
      <ProcessDate>2022-03-08 00:21:00.487</ProcessDate>
      <ObjectShortName>PER_MANAGE_ACTION_REASONS</ObjectShortName>
      <ObjectType>TASK</ObjectType>
      <CreatedByFlow>TASK_CSV_SERVICE</CreatedByFlow>
      <MigrationProcessBusinessObjectCSVMetadata1>
         <MigrationProcessBusinessObjectCSVMetadataVORow>
            <ProcessId>-999</ProcessId>
            <BusinessObjectShortName>ORA_PER_EMPLOYMENT_ACTION_REASON_USAGE_ROLE_MAPPING</BusinessObjectShortName>
            <BatchName>ActionReasonsMigration</BatchName>
            <XmlAttributeList>ViewInstanceName,GroupingKey,ActionTypeCode,RoleCommonName,Type,ActionCode,ActionReasonCode,ActUsgId,RoleId</XmlAttributeList>
            <XmlAttributeTypeList>string,string,string,string,string,string,string,string,string</XmlAttributeTypeList>
            <XmlNodePath>/ActionsMigrationVO/ActionsMigrationVORow/ActionReasonUsagesMigrationVO/ActionReasonUsagesMigrationVORow/ActionReasonUsagesRoleMappingMigrationVO/ActionReasonUsagesRoleMappingMigrationVORow</XmlNodePath>
            <NodeSequence>3</NodeSequence>
         </MigrationProcessBusinessObjectCSVMetadataVORow>
         <MigrationProcessBusinessObjectCSVMetadataVORow>
            <ProcessId>-999</ProcessId>
            <BusinessObjectShortName>ORA_PER_EMPLOYMENT_ACTION_ROLE_MAPPING</BusinessObjectShortName>
            <BatchName>ActionReasonsMigration</BatchName>
            <XmlAttributeList>ViewInstanceName,GroupingKey,ActionTypeCode,RoleCommonName,Type,ActionCode,ActUsgId,RoleId</XmlAttributeList>
            <XmlAttributeTypeList>string,string,string,string,string,string,string,string</XmlAttributeTypeList>
            <XmlNodePath>/ActionsMigrationVO/ActionsMigrationVORow/ActionRoleMappingMigrationVO/ActionRoleMappingMigrationVORow</XmlNodePath>
            <NodeSequence>4</NodeSequence>
         </MigrationProcessBusinessObjectCSVMetadataVORow>
         <MigrationProcessBusinessObjectCSVMetadataVORow>
            <ProcessId>-999</ProcessId>
            <BusinessObjectShortName>ORA_PER_EMPLOYMENT_ACTION</BusinessObjectShortName>
            <BatchName>ActionReasonsMigration</BatchName>
            <XmlAttributeList>ViewInstanceName,GroupingKey,ActionCode,ActionName,Description,ActionTypeCode,StartDate,EndDate,AllRoles,Country,IsSystemAction,DfltAsgStatusCode,UsedInContract,ActAttribute1,ActAttribute10,ActAttribute11,ActAttribute12,ActAttribute13,ActAttribute14,ActAttribute15,ActAttribute16,ActAttribute17,ActAttribute18,ActAttribute19,ActAttribute2,ActAttribute20,ActAttribute21,ActAttribute22,ActAttribute23,ActAttribute24,ActAttribute25,ActAttribute26,ActAttribute27,ActAttribute28,ActAttribute29,ActAttribute3,ActAttribute30,ActAttribute4,ActAttribute5,ActAttribute6,ActAttribute7,ActAttribute8,ActAttribute9,ActAttributeCategory,ActAttributeDate1,ActAttributeDate10,ActAttributeDate11,ActAttributeDate12,ActAttributeDate13,ActAttributeDate14,ActAttributeDate15,ActAttributeDate2,ActAttributeDate3,ActAttributeDate4,ActAttributeDate5,ActAttributeDate6,ActAttributeDate7,ActAttributeDate8,ActAttributeDate9,ActAttributeNumber1,ActAttributeNumber10,ActAttributeNumber11,ActAttributeNumber12,ActAttributeNumber13,ActAttributeNumber14,ActAttributeNumber15,ActAttributeNumber16,ActAttributeNumber17,ActAttributeNumber18,ActAttributeNumber19,ActAttributeNumber2,ActAttributeNumber20,ActAttributeNumber3,ActAttributeNumber4,ActAttributeNumber5,ActAttributeNumber6,ActAttributeNumber7,ActAttributeNumber8,ActAttributeNumber9,ActInformation1,ActInformation10,ActInformation11,ActInformation12,ActInformation13,ActInformation14,ActInformation15,ActInformation16,ActInformation17,ActInformation18,ActInformation19,ActInformation2,ActInformation20,ActInformation21,ActInformation22,ActInformation23,ActInformation24,ActInformation25,ActInformation26,ActInformation27,ActInformation28,ActInformation29,ActInformation3,ActInformation30,ActInformation4,ActInformation5,ActInformation6,ActInformation7,ActInformation8,ActInformation9,ActInformationCategory,ActInformationDate1,ActInformationDate10,ActInformationDate2,ActInformationDate3,ActInformationDate4,ActInformationDate5,ActInformationDate6,ActInformationDate7,ActInformationDate8,ActInformationDate9,ActInformationNumber1,ActInformationNumber10,ActInformationNumber11,ActInformationNumber12,ActInformationNumber13,ActInformationNumber14,ActInformationNumber15,ActInformationNumber16,ActInformationNumber17,ActInformationNumber18,ActInformationNumber19,ActInformationNumber2,ActInformationNumber20,ActInformationNumber3,ActInformationNumber4,ActInformationNumber5,ActInformationNumber6,ActInformationNumber7,ActInformationNumber8,ActInformationNumber9,ActionTypeId,ActionId,DfltAsgStatusTypeId</XmlAttributeList>
            <XmlAttributeTypeList>string,string,string,string,string,string,date,date,string,string,string,string,string,string,string,string,string,string,string,string,string,string,string,string,string,string,string,string,string,string,string,string,string,string,string,string,string,string,string,string,string,string,string,string,date,date,date,date,date,date,date,date,date,date,date,date,date,date,date,string,string,string,string,string,string,string,string,string,string,string,string,string,string,string,string,string,string,string,string,string,string,string,string,string,string,string,string,string,string,string,string,string,string,string,string,string,string,string,string,string,string,string,string,string,string,string,string,string,string,string,date,date,date,date,date,date,date,date,date,date,string,string,string,string,string,string,string,string,string,string,string,string,string,string,string,string,string,string,string,string,string,string,string</XmlAttributeTypeList>
            <XmlNodePath>/ActionsMigrationVO/ActionsMigrationVORow</XmlNodePath>
            <NodeSequence>1</NodeSequence>
         </MigrationProcessBusinessObjectCSVMetadataVORow>
         <MigrationProcessBusinessObjectCSVMetadataVORow>
            <ProcessId>-999</ProcessId>
            <BusinessObjectShortName>ORA_PER_EMPLOYMENT_ACTION_TRANSLATION</BusinessObjectShortName>
            <BatchName>ActionReasonsMigration</BatchName>
            <XmlAttributeList>ViewInstanceName,GroupingKey,ActionName,SourceLang,Language,Description,ActionCode,ActionId</XmlAttributeList>
            <XmlAttributeTypeList>string,string,string,string,string,string,string,string</XmlAttributeTypeList>
            <XmlNodePath>/ActionsMigrationVO/ActionsMigrationVORow/ActionsMigrationTranslationVO/ActionsMigrationTranslationVORow</XmlNodePath>
            <NodeSequence>1</NodeSequence>
         </MigrationProcessBusinessObjectCSVMetadataVORow>
         <MigrationProcessBusinessObjectCSVMetadataVORow>
            <ProcessId>-999</ProcessId>
            <BusinessObjectShortName>PER_EMPLOYMENT_ACTION_REASON</BusinessObjectShortName>
            <BatchName>ActionReasonsMigration</BatchName>
            <XmlAttributeList>ViewInstanceName,GroupingKey,ActionReasonCode,ActionReason,StartDate,EndDate,Description,RsnAttribute1,RsnAttribute10,RsnAttribute11,RsnAttribute12,RsnAttribute13,RsnAttribute14,RsnAttribute15,RsnAttribute16,RsnAttribute17,RsnAttribute18,RsnAttribute19,RsnAttribute2,RsnAttribute20,RsnAttribute21,RsnAttribute22,RsnAttribute23,RsnAttribute24,RsnAttribute25,RsnAttribute26,RsnAttribute27,RsnAttribute28,RsnAttribute29,RsnAttribute3,RsnAttribute30,RsnAttribute4,RsnAttribute5,RsnAttribute6,RsnAttribute7,RsnAttribute8,RsnAttribute9,RsnAttributeCategory,RsnAttributeDate1,RsnAttributeDate10,RsnAttributeDate11,RsnAttributeDate12,RsnAttributeDate13,RsnAttributeDate14,RsnAttributeDate15,RsnAttributeDate2,RsnAttributeDate3,RsnAttributeDate4,RsnAttributeDate5,RsnAttributeDate6,RsnAttributeDate7,RsnAttributeDate8,RsnAttributeDate9,RsnAttributeNumber1,RsnAttributeNumber10,RsnAttributeNumber11,RsnAttributeNumber12,RsnAttributeNumber13,RsnAttributeNumber14,RsnAttributeNumber15,RsnAttributeNumber16,RsnAttributeNumber17,RsnAttributeNumber18,RsnAttributeNumber19,RsnAttributeNumber2,RsnAttributeNumber20,RsnAttributeNumber3,RsnAttributeNumber4,RsnAttributeNumber5,RsnAttributeNumber6,RsnAttributeNumber7,RsnAttributeNumber8,RsnAttributeNumber9,ActionReasonId</XmlAttributeList>
            <XmlAttributeTypeList>string,string,string,string,date,date,string,string,string,string,string,string,string,string,string,string,string,string,string,string,string,string,string,string,string,string,string,string,string,string,string,string,string,string,string,string,string,string,date,date,date,date,date,date,date,date,date,date,date,date,date,date,date,string,string,string,string,string,string,string,string,string,string,string,string,string,string,string,string,string,string,string,string,string</XmlAttributeTypeList>
            <XmlNodePath>/ActionReasonsMigrationVO/ActionReasonsMigrationVORow</XmlNodePath>
            <NodeSequence>6</NodeSequence>
         </MigrationProcessBusinessObjectCSVMetadataVORow>
         <MigrationProcessBusinessObjectCSVMetadataVORow>
            <ProcessId>-999</ProcessId>
            <BusinessObjectShortName>PER_EMPLOYMENT_ACTION_REASON_TRANSLATION</BusinessObjectShortName>
            <BatchName>ActionReasonsMigration</BatchName>
            <XmlAttributeList>ViewInstanceName,GroupingKey,ActionReason,Language,SourceLang,ActionReasonCode,Description,ActionReasonId</XmlAttributeList>
            <XmlAttributeTypeList>string,string,string,string,string,string,string,string</XmlAttributeTypeList>
            <XmlNodePath>/ActionReasonsMigrationVO/ActionReasonsMigrationVORow/ActionReasonsMigrationTranslationVO/ActionReasonsMigrationTranslationVORow</XmlNodePath>
            <NodeSequence>6</NodeSequence>
         </MigrationProcessBusinessObjectCSVMetadataVORow>
         <MigrationProcessBusinessObjectCSVMetadataVORow>
            <ProcessId>-999</ProcessId>
            <BusinessObjectShortName>ORA_PER_EMPLOYMENT_ACTION_REASON_USAGE</BusinessObjectShortName>
            <BatchName>ActionReasonsMigration</BatchName>
            <XmlAttributeList>ViewInstanceName,GroupingKey,ActionCode,ActionReasonCode,EndDate,StartDate,Country,AllRole,UsgAttribute1,UsgAttribute10,UsgAttribute11,UsgAttribute12,UsgAttribute13,UsgAttribute14,UsgAttribute15,UsgAttribute16,UsgAttribute17,UsgAttribute18,UsgAttribute19,UsgAttribute2,UsgAttribute20,UsgAttribute21,UsgAttribute22,UsgAttribute23,UsgAttribute24,UsgAttribute25,UsgAttribute26,UsgAttribute27,UsgAttribute28,UsgAttribute29,UsgAttribute3,UsgAttribute30,UsgAttribute4,UsgAttribute5,UsgAttribute6,UsgAttribute7,UsgAttribute8,UsgAttribute9,UsgAttributeCategory,UsgAttributeDate1,UsgAttributeDate10,UsgAttributeDate11,UsgAttributeDate12,UsgAttributeDate13,UsgAttributeDate14,UsgAttributeDate15,UsgAttributeDate2,UsgAttributeDate3,UsgAttributeDate4,UsgAttributeDate5,UsgAttributeDate6,UsgAttributeDate7,UsgAttributeDate8,UsgAttributeDate9,UsgAttributeNumber1,UsgAttributeNumber10,UsgAttributeNumber11,UsgAttributeNumber12,UsgAttributeNumber13,UsgAttributeNumber14,UsgAttributeNumber15,UsgAttributeNumber16,UsgAttributeNumber17,UsgAttributeNumber18,UsgAttributeNumber19,UsgAttributeNumber2,UsgAttributeNumber20,UsgAttributeNumber3,UsgAttributeNumber4,UsgAttributeNumber5,UsgAttributeNumber6,UsgAttributeNumber7,UsgAttributeNumber8,UsgAttributeNumber9,ActionId,ActionReasonId,ActionReasonUsageId</XmlAttributeList>
            <XmlAttributeTypeList>string,string,string,string,date,date,string,string,string,string,string,string,string,string,string,string,string,string,string,string,string,string,string,string,string,string,string,string,string,string,string,string,string,string,string,string,string,string,string,date,date,date,date,date,date,date,date,date,date,date,date,date,date,date,string,string,string,string,string,string,string,string,string,string,string,string,string,string,string,string,string,string,string,string,string,string,string</XmlAttributeTypeList>
            <XmlNodePath>/ActionsMigrationVO/ActionsMigrationVORow/ActionReasonUsagesMigrationVO/ActionReasonUsagesMigrationVORow</XmlNodePath>
            <NodeSequence>2</NodeSequence>
         </MigrationProcessBusinessObjectCSVMetadataVORow>
      </MigrationProcessBusinessObjectCSVMetadata1>
      <MigrationProcessBatchCSVMetadata>
         <MigrationProcessBatchCSVMetadataVORow>
            <ProcessId>-999</ProcessId>
            <BatchName>ActionReasonsMigration</BatchName>
            <ImportSequence>0</ImportSequence>
            <ServiceName>oracle.apps.hcm.actions.setup.actionsMigrationServiceV2.ActionsMigrationServiceV2</ServiceName>
            <BatchSize>500</BatchSize>
         </MigrationProcessBatchCSVMetadataVORow>
      </MigrationProcessBatchCSVMetadata>
      <MigrationProcessScopeValueCSVMetadata null="true"/>
      <MigrationProcessMigrationObjectCSVMetadata>
         <MigrationProcessMigrationObjectCSVMetadataVORow>
            <ProcessId>-999</ProcessId>
            <BusinessObjectShortName>ORA_PER_EMPLOYMENT_ACTION</BusinessObjectShortName>
            <MigrateFlag>Y</MigrateFlag>
            <IncludeExternalDataFlag>Y</IncludeExternalDataFlag>
         </MigrationProcessMigrationObjectCSVMetadataVORow>
         <MigrationProcessMigrationObjectCSVMetadataVORow>
            <ProcessId>-999</ProcessId>
            <BusinessObjectShortName>ORA_PER_EMPLOYMENT_ACTION_REASON_USAGE</BusinessObjectShortName>
            <MigrateFlag>Y</MigrateFlag>
            <IncludeExternalDataFlag>Y</IncludeExternalDataFlag>
         </MigrationProcessMigrationObjectCSVMetadataVORow>
         <MigrationProcessMigrationObjectCSVMetadataVORow>
            <ProcessId>-999</ProcessId>
            <BusinessObjectShortName>PER_EMPLOYMENT_ACTION_REASON</BusinessObjectShortName>
            <MigrateFlag>Y</MigrateFlag>
            <IncludeExternalDataFlag>Y</IncludeExternalDataFlag>
         </MigrationProcessMigrationObjectCSVMetadataVORow>
      </MigrationProcessMigrationObjectCSVMetadata>
      <MigrationProcessTaskCSVMetadata null="true"/>
      <MigrationProcessServiceVersionCSVMetadata null="true"/>
   </MigrationProcessCSVMetadataVORow>
</MigrationProcessCSVMetadataVO>