"ORA_PER_EMPLOYMENT_ACTION.ActionCode","ActionCode","ActionReasonCode","ViewInstanceName","GroupingKey","EndDate","StartDate","Country","AllRole","UsgAttribute1","UsgAttribute10","UsgAttribute11","UsgAttribute12","UsgAttribute13","UsgAttribute14","UsgAttribute15","UsgAttribute16","UsgAttribute17","UsgAttribute18","UsgAttribute19","UsgAttribute2","UsgAttribute20","UsgAttribute21","UsgAttribute22","UsgAttribute23","UsgAttribute24","UsgAttribute25","UsgAttribute26","UsgAttribute27","UsgAttribute28","UsgAttribute29","UsgAttribute3","UsgAttribute30","UsgAttribute4","UsgAttribute5","UsgAttribute6","UsgAttribute7","UsgAttribute8","UsgAttribute9","UsgAttributeCategory","UsgAttributeDate1","UsgAttributeDate10","UsgAttributeDate11","UsgAttributeDate12","UsgAttributeDate13","UsgAttributeDate14","UsgAttributeDate15","UsgAttributeDate2","UsgAttributeDate3","UsgAttributeDate4","UsgAttributeDate5","UsgAttributeDate6","UsgAttributeDate7","UsgAttributeDate8","UsgAttributeDate9","UsgAttributeNumber1","UsgAttributeNumber10","UsgAttributeNumber11","UsgAttributeNumber12","UsgAttributeNumber13","UsgAttributeNumber14","UsgAttributeNumber15","UsgAttributeNumber16","UsgAttributeNumber17","UsgAttributeNumber18","UsgAttributeNumber19","UsgAttributeNumber2","UsgAttributeNumber20","UsgAttributeNumber3","UsgAttributeNumber4","UsgAttributeNumber5","UsgAttributeNumber6","UsgAttributeNumber7","UsgAttributeNumber8","UsgAttributeNumber9","ActionId","ActionReasonId","ActionReasonUsageId"
"ADD_ASSIGN","ADD_ASSIGN","INTERNREC","ActionReasonUsagesMigration","ADD_ASSIGN,INTERNREC","4712/12/31","1951/01/01","","","","","","","","","","","","","","","","","","","","","","","","","","","","","","","","","","","","","","","","","","","","","","","","","","","","","","","","","","","","","","","","","","","","","","",""
"ADD_ASSIGN","ADD_ASSIGN","PER_REORGANIZATION","ActionReasonUsagesMigration","ADD_ASSIGN,PER_REORGANIZATION","4712/12/31","1951/01/01","","","","","","","","","","","","","","","","","","","","","","","","","","","","","","","","","","","","","","","","","","","","","","","","","","","","","","","","","","","","","","","","","","","","","","",""
"ADD_ASSIGN","ADD_ASSIGN","INITIAL CONTRACT","ActionReasonUsagesMigration","ADD_ASSIGN,INITIAL CONTRACT","4712/12/31","1951/01/01","","","","","","","","","","","","","","","","","","","","","","","","","","","","","","","","","","","","","","","","","","","","","","","","","","","","","","","","","","","","","","","","","","","","","","",""
"ADD_CWK","ADD_CWK","PLACE","ActionReasonUsagesMigration","ADD_CWK,PLACE","4712/12/31","1900/01/01","","","","","","","","","","","","","","","","","","","","","","","","","","","","","","","","","","","","","","","","","","","","","","","","","","","","","","","","","","","","","","","","","","","","","","",""
"ADD_CWK_WORK_RELATION","ADD_CWK_WORK_RELATION","PLACE_WORK_RELATION","ActionReasonUsagesMigration","ADD_CWK_WORK_RELATION,PLACE_WORK_RELATION","4712/12/31","1900/01/01","","","","","","","","","","","","","","","","","","","","","","","","","","","","","","","","","","","","","","","","","","","","","","","","","","","","","","","","","","","","","","","","","","","","","","",""
"ADD_EMP_TERMS","ADD_EMP_TERMS","PER_REORGANIZATION","ActionReasonUsagesMigration","ADD_EMP_TERMS,PER_REORGANIZATION","4712/12/31","1951/01/01","","","","","","","","","","","","","","","","","","","","","","","","","","","","","","","","","","","","","","","","","","","","","","","","","","","","","","","","","","","","","","","","","","","","","","",""
"ADD_EMP_TERMS","ADD_EMP_TERMS","INTERNREC","ActionReasonUsagesMigration","ADD_EMP_TERMS,INTERNREC","4712/12/31","1951/01/01","","","","","","","","","","","","","","","","","","","","","","","","","","","","","","","","","","","","","","","","","","","","","","","","","","","","","","","","","","","","","","","","","","","","","","",""
"ADD_NON_WKR","ADD_NON_WKR","NON_WKR","ActionReasonUsagesMigration","ADD_NON_WKR,NON_WKR","4712/12/31","1900/01/01","","","","","","","","","","","","","","","","","","","","","","","","","","","","","","","","","","","","","","","","","","","","","","","","","","","","","","","","","","","","","","","","","","","","","","",""
"ADD_NON_WKR_WORK_RELATION","ADD_NON_WKR_WORK_RELATION","NON_WKR_WORK_RELATION","ActionReasonUsagesMigration","ADD_NON_WKR_WORK_RELATION,NON_WKR_WORK_RELATION","4712/12/31","1900/01/01","","","","","","","","","","","","","","","","","","","","","","","","","","","","","","","","","","","","","","","","","","","","","","","","","","","","","","","","","","","","","","","","","","","","","","",""
"ADD_PEN_WKR","ADD_PEN_WKR","PENDWKR","ActionReasonUsagesMigration","ADD_PEN_WKR,PENDWKR","4712/12/31","1900/01/01","","","","","","","","","","","","","","","","","","","","","","","","","","","","","","","","","","","","","","","","","","","","","","","","","","","","","","","","","","","","","","","","","","","","","","",""
"ASG_CHANGE","ASG_CHANGE","CAREERPRO","ActionReasonUsagesMigration","ASG_CHANGE,CAREERPRO","4712/12/31","1951/01/01","","","","","","","","","","","","","","","","","","","","","","","","","","","","","","","","","","","","","","","","","","","","","","","","","","","","","","","","","","","","","","","","","","","","","","",""
"ASG_CHANGE","ASG_CHANGE","PER_REORGANIZATION","ActionReasonUsagesMigration","ASG_CHANGE,PER_REORGANIZATION","4712/12/31","1951/01/01","","","","","","","","","","","","","","","","","","","","","","","","","","","","","","","","","","","","","","","","","","","","","","","","","","","","","","","","","","","","","","","","","","","","","","",""
"ASG_CHANGE","ASG_CHANGE","GSE_PROJ_ASG","ActionReasonUsagesMigration","ASG_CHANGE,GSE_PROJ_ASG","4712/12/31","1951/01/01","","","","","","","","","","","","","","","","","","","","","","","","","","","","","","","","","","","","","","","","","","","","","","","","","","","","","","","","","","","","","","","","","","","","","","",""
"ASG_CHANGE","ASG_CHANGE","TENURE_SERVICE_UNIT","ActionReasonUsagesMigration","ASG_CHANGE,TENURE_SERVICE_UNIT","4712/12/31","1951/01/01","","","","","","","","","","","","","","","","","","","","","","","","","","","","","","","","","","","","","","","","","","","","","","","","","","","","","","","","","","","","","","","","","","","","","","",""
"ASG_CHANGE","ASG_CHANGE","TENURE_AWARD","ActionReasonUsagesMigration","ASG_CHANGE,TENURE_AWARD","4712/12/31","1951/01/01","","","","","","","","","","","","","","","","","","","","","","","","","","","","","","","","","","","","","","","","","","","","","","","","","","","","","","","","","","","","","","","","","","","","","","",""
"ASG_CHANGE","ASG_CHANGE","CONTRACT_RENEWAL","ActionReasonUsagesMigration","ASG_CHANGE,CONTRACT_RENEWAL","4712/12/31","1951/01/01","","","","","","","","","","","","","","","","","","","","","","","","","","","","","","","","","","","","","","","","","","","","","","","","","","","","","","","","","","","","","","","","","","","","","","",""
"ASG_CHANGE","ASG_CHANGE","GSE_LOA","ActionReasonUsagesMigration","ASG_CHANGE,GSE_LOA","4712/12/31","1951/01/01","","","","","","","","","","","","","","","","","","","","","","","","","","","","","","","","","","","","","","","","","","","","","","","","","","","","","","","","","","","","","","","","","","","","","","",""
"ASG_CHANGE","ASG_CHANGE","GSE_RFL","ActionReasonUsagesMigration","ASG_CHANGE,GSE_RFL","4712/12/31","1951/01/01","","","","","","","","","","","","","","","","","","","","","","","","","","","","","","","","","","","","","","","","","","","","","","","","","","","","","","","","","","","","","","","","","","","","","","",""
"ASG_CHANGE","ASG_CHANGE","LOAUNPD","ActionReasonUsagesMigration","ASG_CHANGE,LOAUNPD","4712/12/31","2018/01/01","","","","","","","","","","","","","","","","","","","","","","","","","","","","","","","","","","","","","","","","","","","","","","","","","","","","","","","","","","","","","","","","","","","","","","",""
"ASG_CHANGE","ASG_CHANGE","LOA_SABB","ActionReasonUsagesMigration","ASG_CHANGE,LOA_SABB","4712/12/31","1951/01/02","","","","","","","","","","","","","","","","","","","","","","","","","","","","","","","","","","","","","","","","","","","","","","","","","","","","","","","","","","","","","","","","","","","","","","",""
"ASG_CHANGE","ASG_CHANGE","SABB_RETURN","ActionReasonUsagesMigration","ASG_CHANGE,SABB_RETURN","4712/12/31","1951/01/01","","","","","","","","","","","","","","","","","","","","","","","","","","","","","","","","","","","","","","","","","","","","","","","","","","","","","","","","","","","","","","","","","","","","","","",""
"CONTRACT_EXTENSION","CONTRACT_EXTENSION","CMP_PERE","ActionReasonUsagesMigration","CONTRACT_EXTENSION,CMP_PERE","4712/12/31","1951/01/01","","","","","","","","","","","","","","","","","","","","","","","","","","","","","","","","","","","","","","","","","","","","","","","","","","","","","","","","","","","","","","","","","","","","","","",""
"CONTRACT_EXTENSION","CONTRACT_EXTENSION","MGRREQ","ActionReasonUsagesMigration","CONTRACT_EXTENSION,MGRREQ","4712/12/31","1951/01/01","","","","","","","","","","","","","","","","","","","","","","","","","","","","","","","","","","","","","","","","","","","","","","","","","","","","","","","","","","","","","","","","","","","","","","",""
"DEATH","DEATH","WORK_RELATED","ActionReasonUsagesMigration","DEATH,WORK_RELATED","4712/12/31","1900/01/01","","","","","","","","","","","","","","","","","","","","","","","","","","","","","","","","","","","","","","","","","","","","","","","","","","","","","","","","","","","","","","","","","","","","","","",""
"DEMOTION","DEMOTION","CMP_PERF","ActionReasonUsagesMigration","DEMOTION,CMP_PERF","4712/12/31","1951/01/01","","","","","","","","","","","","","","","","","","","","","","","","","","","","","","","","","","","","","","","","","","","","","","","","","","","","","","","","","","","","","","","","","","","","","","",""
"DEMOTION","DEMOTION","PER_REORGANIZATION","ActionReasonUsagesMigration","DEMOTION,PER_REORGANIZATION","4712/12/31","1951/01/01","","","","","","","","","","","","","","","","","","","","","","","","","","","","","","","","","","","","","","","","","","","","","","","","","","","","","","","","","","","","","","","","","","","","","","",""
"DEMOTION","DEMOTION","WORKERREQ","ActionReasonUsagesMigration","DEMOTION,WORKERREQ","4712/12/31","1951/01/01","","","","","","","","","","","","","","","","","","","","","","","","","","","","","","","","","","","","","","","","","","","","","","","","","","","","","","","","","","","","","","","","","","","","","","",""
"END_ASG","END_ASG","ENDPROB","ActionReasonUsagesMigration","END_ASG,ENDPROB","4712/12/31","1900/01/01","","","","","","","","","","","","","","","","","","","","","","","","","","","","","","","","","","","","","","","","","","","","","","","","","","","","","","","","","","","","","","","","","","","","","","",""
"END_ASG","END_ASG","MGRREQ","ActionReasonUsagesMigration","END_ASG,MGRREQ","4712/12/31","1900/01/01","","","","","","","","","","","","","","","","","","","","","","","","","","","","","","","","","","","","","","","","","","","","","","","","","","","","","","","","","","","","","","","","","","","","","","",""
"END_ASG","END_ASG","PLANEND","ActionReasonUsagesMigration","END_ASG,PLANEND","4712/12/31","1900/01/01","","","","","","","","","","","","","","","","","","","","","","","","","","","","","","","","","","","","","","","","","","","","","","","","","","","","","","","","","","","","","","","","","","","","","","",""
"END_ASG","END_ASG","WORKERREQ","ActionReasonUsagesMigration","END_ASG,WORKERREQ","4712/12/31","1900/01/01","","","","","","","","","","","","","","","","","","","","","","","","","","","","","","","","","","","","","","","","","","","","","","","","","","","","","","","","","","","","","","","","","","","","","","",""
"END_GLB_TEMP_ASG","END_GLB_TEMP_ASG","ENDPROB","ActionReasonUsagesMigration","END_GLB_TEMP_ASG,ENDPROB","4712/12/31","1900/01/01","","","","","","","","","","","","","","","","","","","","","","","","","","","","","","","","","","","","","","","","","","","","","","","","","","","","","","","","","","","","","","","","","","","","","","",""
"END_GLB_TEMP_ASG","END_GLB_TEMP_ASG","MGRREQ","ActionReasonUsagesMigration","END_GLB_TEMP_ASG,MGRREQ","4712/12/31","1900/01/01","","","","","","","","","","","","","","","","","","","","","","","","","","","","","","","","","","","","","","","","","","","","","","","","","","","","","","","","","","","","","","","","","","","","","","",""
"END_GLB_TEMP_ASG","END_GLB_TEMP_ASG","PLANEND","ActionReasonUsagesMigration","END_GLB_TEMP_ASG,PLANEND","4712/12/31","1900/01/01","","","","","","","","","","","","","","","","","","","","","","","","","","","","","","","","","","","","","","","","","","","","","","","","","","","","","","","","","","","","","","","","","","","","","","",""
"END_GLB_TEMP_ASG","END_GLB_TEMP_ASG","WORKERREQ","ActionReasonUsagesMigration","END_GLB_TEMP_ASG,WORKERREQ","4712/12/31","1900/01/01","","","","","","","","","","","","","","","","","","","","","","","","","","","","","","","","","","","","","","","","","","","","","","","","","","","","","","","","","","","","","","","","","","","","","","",""
"END_PROBATION","END_PROBATION","ENDPROB","ActionReasonUsagesMigration","END_PROBATION,ENDPROB","4712/12/31","1951/01/01","","","","","","","","","","","","","","","","","","","","","","","","","","","","","","","","","","","","","","","","","","","","","","","","","","","","","","","","","","","","","","","","","","","","","","",""
"END_PROBATION","END_PROBATION","CMP_PERF","ActionReasonUsagesMigration","END_PROBATION,CMP_PERF","4712/12/31","1951/01/01","","","","","","","","","","","","","","","","","","","","","","","","","","","","","","","","","","","","","","","","","","","","","","","","","","","","","","","","","","","","","","","","","","","","","","",""
"END_TEMP_ASG","END_TEMP_ASG","ENDPROB","ActionReasonUsagesMigration","END_TEMP_ASG,ENDPROB","4712/12/31","1900/01/01","","","","","","","","","","","","","","","","","","","","","","","","","","","","","","","","","","","","","","","","","","","","","","","","","","","","","","","","","","","","","","","","","","","","","","",""
"END_TEMP_ASG","END_TEMP_ASG","MGRREQ","ActionReasonUsagesMigration","END_TEMP_ASG,MGRREQ","4712/12/31","1900/01/01","","","","","","","","","","","","","","","","","","","","","","","","","","","","","","","","","","","","","","","","","","","","","","","","","","","","","","","","","","","","","","","","","","","","","","",""
"END_TEMP_ASG","END_TEMP_ASG","PLANEND","ActionReasonUsagesMigration","END_TEMP_ASG,PLANEND","4712/12/31","1900/01/01","","","","","","","","","","","","","","","","","","","","","","","","","","","","","","","","","","","","","","","","","","","","","","","","","","","","","","","","","","","","","","","","","","","","","","",""
"END_TEMP_ASG","END_TEMP_ASG","WORKERREQ","ActionReasonUsagesMigration","END_TEMP_ASG,WORKERREQ","4712/12/31","1900/01/01","","","","","","","","","","","","","","","","","","","","","","","","","","","","","","","","","","","","","","","","","","","","","","","","","","","","","","","","","","","","","","","","","","","","","","",""
"EXTEND_TEMP_ASG","EXTEND_TEMP_ASG","MGRREQ","ActionReasonUsagesMigration","EXTEND_TEMP_ASG,MGRREQ","4712/12/31","1951/01/01","","","","","","","","","","","","","","","","","","","","","","","","","","","","","","","","","","","","","","","","","","","","","","","","","","","","","","","","","","","","","","","","","","","","","","",""
"EXTEND_TEMP_ASG","EXTEND_TEMP_ASG","CMP_PERE","ActionReasonUsagesMigration","EXTEND_TEMP_ASG,CMP_PERE","4712/12/31","1951/01/01","","","","","","","","","","","","","","","","","","","","","","","","","","","","","","","","","","","","","","","","","","","","","","","","","","","","","","","","","","","","","","","","","","","","","","",""
"EXTEND_TEMP_ASG","EXTEND_TEMP_ASG","PER_REORGANIZATION","ActionReasonUsagesMigration","EXTEND_TEMP_ASG,PER_REORGANIZATION","4712/12/31","1951/01/01","","","","","","","","","","","","","","","","","","","","","","","","","","","","","","","","","","","","","","","","","","","","","","","","","","","","","","","","","","","","","","","","","","","","","","",""
"GLB_TEMP_ASG","GLB_TEMP_ASG","CAREERPRO","ActionReasonUsagesMigration","GLB_TEMP_ASG,CAREERPRO","4712/12/31","1900/01/01","","","","","","","","","","","","","","","","","","","","","","","","","","","","","","","","","","","","","","","","","","","","","","","","","","","","","","","","","","","","","","","","","","","","","","",""
"GLB_TEMP_ASG","GLB_TEMP_ASG","MGRREQ","ActionReasonUsagesMigration","GLB_TEMP_ASG,MGRREQ","4712/12/31","1900/01/01","","","","","","","","","","","","","","","","","","","","","","","","","","","","","","","","","","","","","","","","","","","","","","","","","","","","","","","","","","","","","","","","","","","","","","",""
"GLB_TEMP_ASG","GLB_TEMP_ASG","PROBATION","ActionReasonUsagesMigration","GLB_TEMP_ASG,PROBATION","4712/12/31","1900/01/01","","","","","","","","","","","","","","","","","","","","","","","","","","","","","","","","","","","","","","","","","","","","","","","","","","","","","","","","","","","","","","","","","","","","","","",""
"GLB_TEMP_ASG","GLB_TEMP_ASG","REORG","ActionReasonUsagesMigration","GLB_TEMP_ASG,REORG","4712/12/31","1900/01/01","","","","","","","","","","","","","","","","","","","","","","","","","","","","","","","","","","","","","","","","","","","","","","","","","","","","","","","","","","","","","","","","","","","","","","",""
"GLB_TEMP_ASG","GLB_TEMP_ASG","STAFFSHRT","ActionReasonUsagesMigration","GLB_TEMP_ASG,STAFFSHRT","4712/12/31","1900/01/01","","","","","","","","","","","","","","","","","","","","","","","","","","","","","","","","","","","","","","","","","","","","","","","","","","","","","","","","","","","","","","","","","","","","","","",""
"GLB_TEMP_ASG","GLB_TEMP_ASG","WORKERREQ","ActionReasonUsagesMigration","GLB_TEMP_ASG,WORKERREQ","4712/12/31","1900/01/01","","","","","","","","","","","","","","","","","","","","","","","","","","","","","","","","","","","","","","","","","","","","","","","","","","","","","","","","","","","","","","","","","","","","","","",""
"GLB_TRANSFER","GLB_TRANSFER","CAREERPRO","ActionReasonUsagesMigration","GLB_TRANSFER,CAREERPRO","4712/12/31","1900/01/01","","","","","","","","","","","","","","","","","","","","","","","","","","","","","","","","","","","","","","","","","","","","","","","","","","","","","","","","","","","","","","","","","","","","","","",""
"GLB_TRANSFER","GLB_TRANSFER","INTERNREC","ActionReasonUsagesMigration","GLB_TRANSFER,INTERNREC","4712/12/31","1900/01/01","","","","","","","","","","","","","","","","","","","","","","","","","","","","","","","","","","","","","","","","","","","","","","","","","","","","","","","","","","","","","","","","","","","","","","",""
"GLB_TRANSFER","GLB_TRANSFER","LOCCHANGE","ActionReasonUsagesMigration","GLB_TRANSFER,LOCCHANGE","4712/12/31","1900/01/01","","","","","","","","","","","","","","","","","","","","","","","","","","","","","","","","","","","","","","","","","","","","","","","","","","","","","","","","","","","","","","","","","","","","","","",""
"GLB_TRANSFER","GLB_TRANSFER","MGRREQ","ActionReasonUsagesMigration","GLB_TRANSFER,MGRREQ","4712/12/31","1900/01/01","","","","","","","","","","","","","","","","","","","","","","","","","","","","","","","","","","","","","","","","","","","","","","","","","","","","","","","","","","","","","","","","","","","","","","",""
"GLB_TRANSFER","GLB_TRANSFER","REORG","ActionReasonUsagesMigration","GLB_TRANSFER,REORG","4712/12/31","1900/01/01","","","","","","","","","","","","","","","","","","","","","","","","","","","","","","","","","","","","","","","","","","","","","","","","","","","","","","","","","","","","","","","","","","","","","","",""
"GLB_TRANSFER","GLB_TRANSFER","WORKERREQ","ActionReasonUsagesMigration","GLB_TRANSFER,WORKERREQ","4712/12/31","1900/01/01","","","","","","","","","","","","","","","","","","","","","","","","","","","","","","","","","","","","","","","","","","","","","","","","","","","","","","","","","","","","","","","","","","","","","","",""
"HIRE","HIRE","NEWHIRE","ActionReasonUsagesMigration","HIRE,NEWHIRE","4712/12/31","1900/01/01","","","","","","","","","","","","","","","","","","","","","","","","","","","","","","","","","","","","","","","","","","","","","","","","","","","","","","","","","","","","","","","","","","","","","","",""
"HIRE_ADD_WORK_RELATION","HIRE_ADD_WORK_RELATION","HIRE_WORK_RELATION","ActionReasonUsagesMigration","HIRE_ADD_WORK_RELATION,HIRE_WORK_RELATION","4712/12/31","1900/01/01","","","","","","","","","","","","","","","","","","","","","","","","","","","","","","","","","","","","","","","","","","","","","","","","","","","","","","","","","","","","","","","","","","","","","","",""
"INVOLUNTARY_TERMINATION","INVOLUNTARY_TERMINATION","DISMISSAL","ActionReasonUsagesMigration","INVOLUNTARY_TERMINATION,DISMISSAL","4712/12/31","1900/01/01","","","","","","","","","","","","","","","","","","","","","","","","","","","","","","","","","","","","","","","","","","","","","","","","","","","","","","","","","","","","","","","","","","","","","","",""
"INVOLUNTARY_TERMINATION","INVOLUNTARY_TERMINATION","WORK_RELATED","ActionReasonUsagesMigration","INVOLUNTARY_TERMINATION,WORK_RELATED","4712/12/31","1900/01/01","","","","","","","","","","","","","","","","","","","","","","","","","","","","","","","","","","","","","","","","","","","","","","","","","","","","","","","","","","","","","","","","","","","","","","",""
"INVOL_TERMINATE_PLACEMENT","INVOL_TERMINATE_PLACEMENT","WORK_RELATED","ActionReasonUsagesMigration","INVOL_TERMINATE_PLACEMENT,WORK_RELATED","4712/12/31","1951/01/01","","","","","","","","","","","","","","","","","","","","","","","","","","","","","","","","","","","","","","","","","","","","","","","","","","","","","","","","","","","","","","","","","","","","","","",""
"INVOL_TERMINATE_PLACEMENT","INVOL_TERMINATE_PLACEMENT","CMP_PERF","ActionReasonUsagesMigration","INVOL_TERMINATE_PLACEMENT,CMP_PERF","4712/12/31","1951/01/01","","","","","","","","","","","","","","","","","","","","","","","","","","","","","","","","","","","","","","","","","","","","","","","","","","","","","","","","","","","","","","","","","","","","","","",""
"JOB_CHANGE","JOB_CHANGE","CMP_PERF","ActionReasonUsagesMigration","JOB_CHANGE,CMP_PERF","4712/12/31","1951/01/01","","","","","","","","","","","","","","","","","","","","","","","","","","","","","","","","","","","","","","","","","","","","","","","","","","","","","","","","","","","","","","","","","","","","","","",""
"JOB_CHANGE","JOB_CHANGE","PER_REORGANIZATION","ActionReasonUsagesMigration","JOB_CHANGE,PER_REORGANIZATION","4712/12/31","1951/01/01","","","","","","","","","","","","","","","","","","","","","","","","","","","","","","","","","","","","","","","","","","","","","","","","","","","","","","","","","","","","","","","","","","","","","","",""
"JOB_CHANGE","JOB_CHANGE","WORKERREQ","ActionReasonUsagesMigration","JOB_CHANGE,WORKERREQ","4712/12/31","1951/01/01","","","","","","","","","","","","","","","","","","","","","","","","","","","","","","","","","","","","","","","","","","","","","","","","","","","","","","","","","","","","","","","","","","","","","","",""
"LOCATION_CHANGE","LOCATION_CHANGE","PER_RELOCATION","ActionReasonUsagesMigration","LOCATION_CHANGE,PER_RELOCATION","4712/12/31","1951/01/01","","","","","","","","","","","","","","","","","","","","","","","","","","","","","","","","","","","","","","","","","","","","","","","","","","","","","","","","","","","","","","","","","","","","","","",""
"LOCATION_CHANGE","LOCATION_CHANGE","PER_REORGANIZATION","ActionReasonUsagesMigration","LOCATION_CHANGE,PER_REORGANIZATION","4712/12/31","1951/01/01","","","","","","","","","","","","","","","","","","","","","","","","","","","","","","","","","","","","","","","","","","","","","","","","","","","","","","","","","","","","","","","","","","","","","","",""
"LOCATION_CHANGE","LOCATION_CHANGE","WORKERREQ","ActionReasonUsagesMigration","LOCATION_CHANGE,WORKERREQ","4712/12/31","1951/01/01","","","","","","","","","","","","","","","","","","","","","","","","","","","","","","","","","","","","","","","","","","","","","","","","","","","","","","","","","","","","","","","","","","","","","","",""
"MANAGER_CHANGE","MANAGER_CHANGE","PER_REORGANIZATION","ActionReasonUsagesMigration","MANAGER_CHANGE,PER_REORGANIZATION","4712/12/31","1951/01/01","","","","","","","","","","","","","","","","","","","","","","","","","","","","","","","","","","","","","","","","","","","","","","","","","","","","","","","","","","","","","","","","","","","","","","",""
"MANAGER_CHANGE","MANAGER_CHANGE","CORRECT_INVALID_SUP_ASG_PROC","ActionReasonUsagesMigration","MANAGER_CHANGE,CORRECT_INVALID_SUP_ASG_PROC","2000/12/31","1900/01/01","","","","","","","","","","","","","","","","","","","","","","","","","","","","","","","","","","","","","","","","","","","","","","","","","","","","","","","","","","","","","","","","","","","","","","",""
"MANAGER_CHANGE","MANAGER_CHANGE","GSE_REASSIGN","ActionReasonUsagesMigration","MANAGER_CHANGE,GSE_REASSIGN","4712/12/31","2000/01/01","","","","","","","","","","","","","","","","","","","","","","","","","","","","","","","","","","","","","","","","","","","","","","","","","","","","","","","","","","","","","","","","","","","","","","",""
"MANAGER_CHANGE","MANAGER_CHANGE","MANAGER_ADD_ASSIGN","ActionReasonUsagesMigration","MANAGER_CHANGE,MANAGER_ADD_ASSIGN","4712/12/31","1900/01/01","","","","","","","","","","","","","","","","","","","","","","","","","","","","","","","","","","","","","","","","","","","","","","","","","","","","","","","","","","","","","","","","","","","","","","",""
"MANAGER_CHANGE","MANAGER_CHANGE","MANAGER_ADD_CWK","ActionReasonUsagesMigration","MANAGER_CHANGE,MANAGER_ADD_CWK","4712/12/31","1900/01/01","","","","","","","","","","","","","","","","","","","","","","","","","","","","","","","","","","","","","","","","","","","","","","","","","","","","","","","","","","","","","","","","","","","","","","",""
"MANAGER_CHANGE","MANAGER_CHANGE","MANAGER_ADD_CWK_WORK_RELATION","ActionReasonUsagesMigration","MANAGER_CHANGE,MANAGER_ADD_CWK_WORK_RELATION","4712/12/31","1900/01/01","","","","","","","","","","","","","","","","","","","","","","","","","","","","","","","","","","","","","","","","","","","","","","","","","","","","","","","","","","","","","","","","","","","","","","",""
"MANAGER_CHANGE","MANAGER_CHANGE","MANAGER_ADD_EMP_TERMS","ActionReasonUsagesMigration","MANAGER_CHANGE,MANAGER_ADD_EMP_TERMS","4712/12/31","1900/01/01","","","","","","","","","","","","","","","","","","","","","","","","","","","","","","","","","","","","","","","","","","","","","","","","","","","","","","","","","","","","","","","","","","","","","","",""
"MANAGER_CHANGE","MANAGER_CHANGE","MANAGER_ADD_NON_WKR","ActionReasonUsagesMigration","MANAGER_CHANGE,MANAGER_ADD_NON_WKR","4712/12/31","1900/01/01","","","","","","","","","","","","","","","","","","","","","","","","","","","","","","","","","","","","","","","","","","","","","","","","","","","","","","","","","","","","","","","","","","","","","","",""
"MANAGER_CHANGE","MANAGER_CHANGE","MANAGER_ADD_NON_WKR_WORK_RELAT","ActionReasonUsagesMigration","MANAGER_CHANGE,MANAGER_ADD_NON_WKR_WORK_RELAT","4712/12/31","1900/01/01","","","","","","","","","","","","","","","","","","","","","","","","","","","","","","","","","","","","","","","","","","","","","","","","","","","","","","","","","","","","","","","","","","","","","","",""
"MANAGER_CHANGE","MANAGER_CHANGE","MANAGER_ADD_PEN_WKR","ActionReasonUsagesMigration","MANAGER_CHANGE,MANAGER_ADD_PEN_WKR","4712/12/31","1900/01/01","","","","","","","","","","","","","","","","","","","","","","","","","","","","","","","","","","","","","","","","","","","","","","","","","","","","","","","","","","","","","","","","","","","","","","",""
"MANAGER_CHANGE","MANAGER_CHANGE","MANAGER_END_ASG","ActionReasonUsagesMigration","MANAGER_CHANGE,MANAGER_END_ASG","4712/12/31","1900/01/01","","","","","","","","","","","","","","","","","","","","","","","","","","","","","","","","","","","","","","","","","","","","","","","","","","","","","","","","","","","","","","","","","","","","","","",""
"MANAGER_CHANGE","MANAGER_CHANGE","MANAGER_END_EMP_TERMS","ActionReasonUsagesMigration","MANAGER_CHANGE,MANAGER_END_EMP_TERMS","4712/12/31","1900/01/01","","","","","","","","","","","","","","","","","","","","","","","","","","","","","","","","","","","","","","","","","","","","","","","","","","","","","","","","","","","","","","","","","","","","","","",""
"MANAGER_CHANGE","MANAGER_CHANGE","MANAGER_END_GLB_TEMP_ASG","ActionReasonUsagesMigration","MANAGER_CHANGE,MANAGER_END_GLB_TEMP_ASG","4712/12/31","1900/01/01","","","","","","","","","","","","","","","","","","","","","","","","","","","","","","","","","","","","","","","","","","","","","","","","","","","","","","","","","","","","","","","","","","","","","","",""
"MANAGER_CHANGE","MANAGER_CHANGE","MANAGER_END_TEMP_ASG","ActionReasonUsagesMigration","MANAGER_CHANGE,MANAGER_END_TEMP_ASG","4712/12/31","1900/01/01","","","","","","","","","","","","","","","","","","","","","","","","","","","","","","","","","","","","","","","","","","","","","","","","","","","","","","","","","","","","","","","","","","","","","","",""
"MANAGER_CHANGE","MANAGER_CHANGE","MANAGER_GLB_TEMP_ASG","ActionReasonUsagesMigration","MANAGER_CHANGE,MANAGER_GLB_TEMP_ASG","4712/12/31","1900/01/01","","","","","","","","","","","","","","","","","","","","","","","","","","","","","","","","","","","","","","","","","","","","","","","","","","","","","","","","","","","","","","","","","","","","","","",""
"MANAGER_CHANGE","MANAGER_CHANGE","MANAGER_GLB_TRANSFER","ActionReasonUsagesMigration","MANAGER_CHANGE,MANAGER_GLB_TRANSFER","4712/12/31","1900/01/01","","","","","","","","","","","","","","","","","","","","","","","","","","","","","","","","","","","","","","","","","","","","","","","","","","","","","","","","","","","","","","","","","","","","","","",""
"MANAGER_CHANGE","MANAGER_CHANGE","MANAGER_HIRE","ActionReasonUsagesMigration","MANAGER_CHANGE,MANAGER_HIRE","4712/12/31","1900/01/01","","","","","","","","","","","","","","","","","","","","","","","","","","","","","","","","","","","","","","","","","","","","","","","","","","","","","","","","","","","","","","","","","","","","","","",""
"MANAGER_CHANGE","MANAGER_CHANGE","MANAGER_HIRE_ADD_WORK_RELATION","ActionReasonUsagesMigration","MANAGER_CHANGE,MANAGER_HIRE_ADD_WORK_RELATION","4712/12/31","1900/01/01","","","","","","","","","","","","","","","","","","","","","","","","","","","","","","","","","","","","","","","","","","","","","","","","","","","","","","","","","","","","","","","","","","","","","","",""
"MANAGER_CHANGE","MANAGER_CHANGE","MANAGER_LOCATION_CHANGE","ActionReasonUsagesMigration","MANAGER_CHANGE,MANAGER_LOCATION_CHANGE","4712/12/31","1900/01/01","","","","","","","","","","","","","","","","","","","","","","","","","","","","","","","","","","","","","","","","","","","","","","","","","","","","","","","","","","","","","","","","","","","","","","",""
"MANAGER_CHANGE","MANAGER_CHANGE","MANAGER_MANAGER_CHANGE","ActionReasonUsagesMigration","MANAGER_CHANGE,MANAGER_MANAGER_CHANGE","4712/12/31","1900/01/01","","","","","","","","","","","","","","","","","","","","","","","","","","","","","","","","","","","","","","","","","","","","","","","","","","","","","","","","","","","","","","","","","","","","","","",""
"MANAGER_CHANGE","MANAGER_CHANGE","MANAGER_PROMOTION","ActionReasonUsagesMigration","MANAGER_CHANGE,MANAGER_PROMOTION","4712/12/31","1900/01/01","","","","","","","","","","","","","","","","","","","","","","","","","","","","","","","","","","","","","","","","","","","","","","","","","","","","","","","","","","","","","","","","","","","","","","",""
"MANAGER_CHANGE","MANAGER_CHANGE","MANAGER_RESIGNATION","ActionReasonUsagesMigration","MANAGER_CHANGE,MANAGER_RESIGNATION","4712/12/31","1900/01/01","","","","","","","","","","","","","","","","","","","","","","","","","","","","","","","","","","","","","","","","","","","","","","","","","","","","","","","","","","","","","","","","","","","","","","",""
"MANAGER_CHANGE","MANAGER_CHANGE","MANAGER_TEMP_ASG","ActionReasonUsagesMigration","MANAGER_CHANGE,MANAGER_TEMP_ASG","4712/12/31","1900/01/01","","","","","","","","","","","","","","","","","","","","","","","","","","","","","","","","","","","","","","","","","","","","","","","","","","","","","","","","","","","","","","","","","","","","","","",""
"MANAGER_CHANGE","MANAGER_CHANGE","MANAGER_TERMINATION","ActionReasonUsagesMigration","MANAGER_CHANGE,MANAGER_TERMINATION","4712/12/31","1900/01/01","","","","","","","","","","","","","","","","","","","","","","","","","","","","","","","","","","","","","","","","","","","","","","","","","","","","","","","","","","","","","","","","","","","","","","",""
"MANAGER_CHANGE","MANAGER_CHANGE","MANAGER_TRANSFER","ActionReasonUsagesMigration","MANAGER_CHANGE,MANAGER_TRANSFER","4712/12/31","1900/01/01","","","","","","","","","","","","","","","","","","","","","","","","","","","","","","","","","","","","","","","","","","","","","","","","","","","","","","","","","","","","","","","","","","","","","","",""
"PER_GRD_LDR_UPD","PER_GRD_LDR_UPD","PER_COST_OF_LIVING","ActionReasonUsagesMigration","PER_GRD_LDR_UPD,PER_COST_OF_LIVING","4712/12/31","1900/01/01","","","","","","","","","","","","","","","","","","","","","","","","","","","","","","","","","","","","","","","","","","","","","","","","","","","","","","","","","","","","","","","","","","","","","","",""
"PER_GRD_LDR_UPD","PER_GRD_LDR_UPD","PER_DATA_CORRECTION","ActionReasonUsagesMigration","PER_GRD_LDR_UPD,PER_DATA_CORRECTION","4712/12/31","1900/01/01","","","","","","","","","","","","","","","","","","","","","","","","","","","","","","","","","","","","","","","","","","","","","","","","","","","","","","","","","","","","","","","","","","","","","","",""
"PER_GRD_LDR_UPD","PER_GRD_LDR_UPD","PER_MARKET_ADJUSTMENT","ActionReasonUsagesMigration","PER_GRD_LDR_UPD,PER_MARKET_ADJUSTMENT","4712/12/31","1900/01/01","","","","","","","","","","","","","","","","","","","","","","","","","","","","","","","","","","","","","","","","","","","","","","","","","","","","","","","","","","","","","","","","","","","","","","",""
"PER_GRD_LDR_UPD","PER_GRD_LDR_UPD","PER_RAISE","ActionReasonUsagesMigration","PER_GRD_LDR_UPD,PER_RAISE","4712/12/31","1900/01/01","","","","","","","","","","","","","","","","","","","","","","","","","","","","","","","","","","","","","","","","","","","","","","","","","","","","","","","","","","","","","","","","","","","","","","",""
"PER_GRD_LDR_UPD","PER_GRD_LDR_UPD","PER_REORGANIZATION","ActionReasonUsagesMigration","PER_GRD_LDR_UPD,PER_REORGANIZATION","4712/12/31","1900/01/01","","","","","","","","","","","","","","","","","","","","","","","","","","","","","","","","","","","","","","","","","","","","","","","","","","","","","","","","","","","","","","","","","","","","","","",""
"PER_GRD_NEW","PER_GRD_NEW","PER_REORGANIZATION","ActionReasonUsagesMigration","PER_GRD_NEW,PER_REORGANIZATION","4712/12/31","0001/01/01","","","","","","","","","","","","","","","","","","","","","","","","","","","","","","","","","","","","","","","","","","","","","","","","","","","","","","","","","","","","","","","","","","","","","","",""
"PER_GRD_RATE_UPD","PER_GRD_RATE_UPD","PER_COST_OF_LIVING","ActionReasonUsagesMigration","PER_GRD_RATE_UPD,PER_COST_OF_LIVING","4712/12/31","1900/01/01","","","","","","","","","","","","","","","","","","","","","","","","","","","","","","","","","","","","","","","","","","","","","","","","","","","","","","","","","","","","","","","","","","","","","","",""
"PER_GRD_RATE_UPD","PER_GRD_RATE_UPD","PER_DATA_CORRECTION","ActionReasonUsagesMigration","PER_GRD_RATE_UPD,PER_DATA_CORRECTION","4712/12/31","1900/01/01","","","","","","","","","","","","","","","","","","","","","","","","","","","","","","","","","","","","","","","","","","","","","","","","","","","","","","","","","","","","","","","","","","","","","","",""
"PER_GRD_RATE_UPD","PER_GRD_RATE_UPD","PER_MARKET_ADJUSTMENT","ActionReasonUsagesMigration","PER_GRD_RATE_UPD,PER_MARKET_ADJUSTMENT","4712/12/31","1900/01/01","","","","","","","","","","","","","","","","","","","","","","","","","","","","","","","","","","","","","","","","","","","","","","","","","","","","","","","","","","","","","","","","","","","","","","",""
"PER_GRD_RATE_UPD","PER_GRD_RATE_UPD","PER_RAISE","ActionReasonUsagesMigration","PER_GRD_RATE_UPD,PER_RAISE","4712/12/31","1900/01/01","","","","","","","","","","","","","","","","","","","","","","","","","","","","","","","","","","","","","","","","","","","","","","","","","","","","","","","","","","","","","","","","","","","","","","",""
"PER_GRD_RATE_UPD","PER_GRD_RATE_UPD","PER_REORGANIZATION","ActionReasonUsagesMigration","PER_GRD_RATE_UPD,PER_REORGANIZATION","4712/12/31","1900/01/01","","","","","","","","","","","","","","","","","","","","","","","","","","","","","","","","","","","","","","","","","","","","","","","","","","","","","","","","","","","","","","","","","","","","","","",""
"PER_GRD_UPD","PER_GRD_UPD","PER_REORGANIZATION","ActionReasonUsagesMigration","PER_GRD_UPD,PER_REORGANIZATION","4712/12/31","1900/01/01","","","","","","","","","","","","","","","","","","","","","","","","","","","","","","","","","","","","","","","","","","","","","","","","","","","","","","","","","","","","","","","","","","","","","","",""
"PER_JOB_NEW","PER_JOB_NEW","PER_REORGANIZATION","ActionReasonUsagesMigration","PER_JOB_NEW,PER_REORGANIZATION","4712/12/31","0001/01/01","","","","","","","","","","","","","","","","","","","","","","","","","","","","","","","","","","","","","","","","","","","","","","","","","","","","","","","","","","","","","","","","","","","","","","",""
"PER_JOB_UPD","PER_JOB_UPD","PER_REORGANIZATION","ActionReasonUsagesMigration","PER_JOB_UPD,PER_REORGANIZATION","4712/12/31","1900/01/01","","","","","","","","","","","","","","","","","","","","","","","","","","","","","","","","","","","","","","","","","","","","","","","","","","","","","","","","","","","","","","","","","","","","","","",""
"PER_LOC_NEW","PER_LOC_NEW","PER_REORGANIZATION","ActionReasonUsagesMigration","PER_LOC_NEW,PER_REORGANIZATION","4712/12/31","0001/01/01","","","","","","","","","","","","","","","","","","","","","","","","","","","","","","","","","","","","","","","","","","","","","","","","","","","","","","","","","","","","","","","","","","","","","","",""
"PER_LOC_UPD","PER_LOC_UPD","PER_RELOCATION","ActionReasonUsagesMigration","PER_LOC_UPD,PER_RELOCATION","4712/12/31","1900/01/01","","","","","","","","","","","","","","","","","","","","","","","","","","","","","","","","","","","","","","","","","","","","","","","","","","","","","","","","","","","","","","","","","","","","","","",""
"PER_LOC_UPD","PER_LOC_UPD","PER_SEASONAL_CLOSURE","ActionReasonUsagesMigration","PER_LOC_UPD,PER_SEASONAL_CLOSURE","4712/12/31","1900/01/01","","","","","","","","","","","","","","","","","","","","","","","","","","","","","","","","","","","","","","","","","","","","","","","","","","","","","","","","","","","","","","","","","","","","","","",""
"PER_LOC_UPD","PER_LOC_UPD","PER_ZIPCHANGE","ActionReasonUsagesMigration","PER_LOC_UPD,PER_ZIPCHANGE","4712/12/31","1900/01/01","","","","","","","","","","","","","","","","","","","","","","","","","","","","","","","","","","","","","","","","","","","","","","","","","","","","","","","","","","","","","","","","","","","","","","",""
"PER_ORG_NEW","PER_ORG_NEW","PER_REORGANIZATION","ActionReasonUsagesMigration","PER_ORG_NEW,PER_REORGANIZATION","4712/12/31","0001/01/01","","","","","","","","","","","","","","","","","","","","","","","","","","","","","","","","","","","","","","","","","","","","","","","","","","","","","","","","","","","","","","","","","","","","","","",""
"PER_ORG_UPD","PER_ORG_UPD","PER_REORGANIZATION","ActionReasonUsagesMigration","PER_ORG_UPD,PER_REORGANIZATION","4712/12/31","1900/01/01","","","","","","","","","","","","","","","","","","","","","","","","","","","","","","","","","","","","","","","","","","","","","","","","","","","","","","","","","","","","","","","","","","","","","","",""
"PER_POS_NEW","PER_POS_NEW","PER_REORGANIZATION","ActionReasonUsagesMigration","PER_POS_NEW,PER_REORGANIZATION","4712/12/31","0001/01/01","","","","","","","","","","","","","","","","","","","","","","","","","","","","","","","","","","","","","","","","","","","","","","","","","","","","","","","","","","","","","","","","","","","","","","",""
"PER_POS_UPD","PER_POS_UPD","PER_PROMOTION","ActionReasonUsagesMigration","PER_POS_UPD,PER_PROMOTION","4712/12/31","1900/01/01","","","","","","","","","","","","","","","","","","","","","","","","","","","","","","","","","","","","","","","","","","","","","","","","","","","","","","","","","","","","","","","","","","","","","","",""
"PER_POS_UPD","PER_POS_UPD","PER_REORGANIZATION","ActionReasonUsagesMigration","PER_POS_UPD,PER_REORGANIZATION","4712/12/31","1900/01/01","","","","","","","","","","","","","","","","","","","","","","","","","","","","","","","","","","","","","","","","","","","","","","","","","","","","","","","","","","","","","","","","","","","","","","",""
"POSITION_CHANGE","POSITION_CHANGE","CMP_PERF","ActionReasonUsagesMigration","POSITION_CHANGE,CMP_PERF","4712/12/31","1951/01/01","","","","","","","","","","","","","","","","","","","","","","","","","","","","","","","","","","","","","","","","","","","","","","","","","","","","","","","","","","","","","","","","","","","","","","",""
"POSITION_CHANGE","POSITION_CHANGE","PER_REORGANIZATION","ActionReasonUsagesMigration","POSITION_CHANGE,PER_REORGANIZATION","4712/12/31","1951/01/01","","","","","","","","","","","","","","","","","","","","","","","","","","","","","","","","","","","","","","","","","","","","","","","","","","","","","","","","","","","","","","","","","","","","","","",""
"POSITION_CHANGE","POSITION_CHANGE","WORKERREQ","ActionReasonUsagesMigration","POSITION_CHANGE,WORKERREQ","4712/12/31","1951/01/01","","","","","","","","","","","","","","","","","","","","","","","","","","","","","","","","","","","","","","","","","","","","","","","","","","","","","","","","","","","","","","","","","","","","","","",""
"POSITION_CHANGE","POSITION_CHANGE","POS_ACCOUNTING","ActionReasonUsagesMigration","POSITION_CHANGE,POS_ACCOUNTING","4712/12/31","1951/01/01","","","","","","","","","","","","","","","","","","","","","","","","","","","","","","","","","","","","","","","","","","","","","","","","","","","","","","","","","","","","","","","","","","","","","","",""
"POSITION_CHANGE","POSITION_CHANGE","POS_BUDGET_CHANGE","ActionReasonUsagesMigration","POSITION_CHANGE,POS_BUDGET_CHANGE","1951/01/02","1951/01/01","","","","","","","","","","","","","","","","","","","","","","","","","","","","","","","","","","","","","","","","","","","","","","","","","","","","","","","","","","","","","","","","","","","","","","",""
"POSITION_CHANGE","POSITION_CHANGE","POS_BUDGET_CHANGES","ActionReasonUsagesMigration","POSITION_CHANGE,POS_BUDGET_CHANGES","4712/12/31","1951/01/01","","","","","","","","","","","","","","","","","","","","","","","","","","","","","","","","","","","","","","","","","","","","","","","","","","","","","","","","","","","","","","","","","","","","","","",""
"POSITION_CHANGE","POSITION_CHANGE","POS_RECLASS","ActionReasonUsagesMigration","POSITION_CHANGE,POS_RECLASS","4712/12/31","1951/01/01","","","","","","","","","","","","","","","","","","","","","","","","","","","","","","","","","","","","","","","","","","","","","","","","","","","","","","","","","","","","","","","","","","","","","","",""
"POSITION_CHANGE","POSITION_CHANGE","POS_SALARY_SCHEDULE","ActionReasonUsagesMigration","POSITION_CHANGE,POS_SALARY_SCHEDULE","4712/12/31","1951/01/01","","","","","","","","","","","","","","","","","","","","","","","","","","","","","","","","","","","","","","","","","","","","","","","","","","","","","","","","","","","","","","","","","","","","","","",""
"PRIMARY_WR_CHANGE","PRIMARY_WR_CHANGE","PER_REORGANIZATION","ActionReasonUsagesMigration","PRIMARY_WR_CHANGE,PER_REORGANIZATION","4712/12/31","1951/01/01","","","","","","","","","","","","","","","","","","","","","","","","","","","","","","","","","","","","","","","","","","","","","","","","","","","","","","","","","","","","","","","","","","","","","","",""
"PRIMARY_WR_CHANGE","PRIMARY_WR_CHANGE","WORKERREQ","ActionReasonUsagesMigration","PRIMARY_WR_CHANGE,WORKERREQ","4712/12/31","1951/01/01","","","","","","","","","","","","","","","","","","","","","","","","","","","","","","","","","","","","","","","","","","","","","","","","","","","","","","","","","","","","","","","","","","","","","","",""
"PRIMARY_WR_CHANGE","PRIMARY_WR_CHANGE","INTERNREC","ActionReasonUsagesMigration","PRIMARY_WR_CHANGE,INTERNREC","4712/12/31","1951/01/01","","","","","","","","","","","","","","","","","","","","","","","","","","","","","","","","","","","","","","","","","","","","","","","","","","","","","","","","","","","","","","","","","","","","","","",""
"PROBATION","PROBATION","DISCIPLINARY","ActionReasonUsagesMigration","PROBATION,DISCIPLINARY","4712/12/31","1951/01/01","","","","","","","","","","","","","","","","","","","","","","","","","","","","","","","","","","","","","","","","","","","","","","","","","","","","","","","","","","","","","","","","","","","","","","",""
"PROBATION","PROBATION","PROBATION","ActionReasonUsagesMigration","PROBATION,PROBATION","4712/12/31","1951/01/01","","","","","","","","","","","","","","","","","","","","","","","","","","","","","","","","","","","","","","","","","","","","","","","","","","","","","","","","","","","","","","","","","","","","","","",""
"PROBATION","PROBATION","PER_REORGANIZATION","ActionReasonUsagesMigration","PROBATION,PER_REORGANIZATION","4712/12/31","1951/01/01","","","","","","","","","","","","","","","","","","","","","","","","","","","","","","","","","","","","","","","","","","","","","","","","","","","","","","","","","","","","","","","","","","","","","","",""
"PROBATION","PROBATION","CMP_PERF","ActionReasonUsagesMigration","PROBATION,CMP_PERF","4712/12/31","1951/01/01","","","","","","","","","","","","","","","","","","","","","","","","","","","","","","","","","","","","","","","","","","","","","","","","","","","","","","","","","","","","","","","","","","","","","","",""
"PROMOTION","PROMOTION","INTERNREC","ActionReasonUsagesMigration","PROMOTION,INTERNREC","4712/12/31","1951/01/01","","","","","","","","","","","","","","","","","","","","","","","","","","","","","","","","","","","","","","","","","","","","","","","","","","","","","","","","","","","","","","","","","","","","","","",""
"PROMOTION","PROMOTION","CMP_PERF","ActionReasonUsagesMigration","PROMOTION,CMP_PERF","4712/12/31","1951/01/01","","","","","","","","","","","","","","","","","","","","","","","","","","","","","","","","","","","","","","","","","","","","","","","","","","","","","","","","","","","","","","","","","","","","","","",""
"PROMOTION","PROMOTION","PER_REORGANIZATION","ActionReasonUsagesMigration","PROMOTION,PER_REORGANIZATION","4712/12/31","1951/01/01","","","","","","","","","","","","","","","","","","","","","","","","","","","","","","","","","","","","","","","","","","","","","","","","","","","","","","","","","","","","","","","","","","","","","","",""
"REDUCTION_FORCE","REDUCTION_FORCE","PER_REORGANIZATION","ActionReasonUsagesMigration","REDUCTION_FORCE,PER_REORGANIZATION","4712/12/31","1951/01/01","","","","","","","","","","","","","","","","","","","","","","","","","","","","","","","","","","","","","","","","","","","","","","","","","","","","","","","","","","","","","","","","","","","","","","",""
"REHIRE","REHIRE","REHIRE_WKR","ActionReasonUsagesMigration","REHIRE,REHIRE_WKR","4712/12/31","1900/01/01","","","","","","","","","","","","","","","","","","","","","","","","","","","","","","","","","","","","","","","","","","","","","","","","","","","","","","","","","","","","","","","","","","","","","","",""
"REN_CWK","REN_CWK","RENEW_CWK","ActionReasonUsagesMigration","REN_CWK,RENEW_CWK","4712/12/31","1900/01/01","","","","","","","","","","","","","","","","","","","","","","","","","","","","","","","","","","","","","","","","","","","","","","","","","","","","","","","","","","","","","","","","","","","","","","",""
"RESIGNATION","RESIGNATION","RESIGN_PERSONAL","ActionReasonUsagesMigration","RESIGNATION,RESIGN_PERSONAL","4712/12/31","1900/01/01","","","","","","","","","","","","","","","","","","","","","","","","","","","","","","","","","","","","","","","","","","","","","","","","","","","","","","","","","","","","","","","","","","","","","","",""
"RESIGNATION","RESIGNATION","RESIGN_BEN","ActionReasonUsagesMigration","RESIGNATION,RESIGN_BEN","4712/12/31","1951/01/01","","","","","","","","","","","","","","","","","","","","","","","","","","","","","","","","","","","","","","","","","","","","","","","","","","","","","","","","","","","","","","","","","","","","","","",""
"RESIGNATION","RESIGNATION","RESIGN_BETTER_OP","ActionReasonUsagesMigration","RESIGNATION,RESIGN_BETTER_OP","4712/12/31","1951/01/01","","","","","","","","","","","","","","","","","","","","","","","","","","","","","","","","","","","","","","","","","","","","","","","","","","","","","","","","","","","","","","","","","","","","","","",""
"RESIGNATION","RESIGNATION","RESIGN_COMP","ActionReasonUsagesMigration","RESIGNATION,RESIGN_COMP","4712/12/31","1951/01/01","","","","","","","","","","","","","","","","","","","","","","","","","","","","","","","","","","","","","","","","","","","","","","","","","","","","","","","","","","","","","","","","","","","","","","",""
"RESIGNATION","RESIGNATION","RESIGN_MGR","ActionReasonUsagesMigration","RESIGNATION,RESIGN_MGR","4712/12/31","1951/01/01","","","","","","","","","","","","","","","","","","","","","","","","","","","","","","","","","","","","","","","","","","","","","","","","","","","","","","","","","","","","","","","","","","","","","","",""
"RESIGNATION","RESIGNATION","RESIGN_ADVANCE","ActionReasonUsagesMigration","RESIGNATION,RESIGN_ADVANCE","4712/12/31","1951/01/01","","","","","","","","","","","","","","","","","","","","","","","","","","","","","","","","","","","","","","","","","","","","","","","","","","","","","","","","","","","","","","","","","","","","","","",""
"RETIREMENT","RETIREMENT","RESIGN_PERSONAL","ActionReasonUsagesMigration","RETIREMENT,RESIGN_PERSONAL","4712/12/31","1951/01/01","","","","","","","","","","","","","","","","","","","","","","","","","","","","","","","","","","","","","","","","","","","","","","","","","","","","","","","","","","","","","","","","","","","","","","",""
"RETIREMENT","RETIREMENT","HEALTH","ActionReasonUsagesMigration","RETIREMENT,HEALTH","4712/12/31","1951/01/01","","","","","","","","","","","","","","","","","","","","","","","","","","","","","","","","","","","","","","","","","","","","","","","","","","","","","","","","","","","","","","","","","","","","","","",""
"RETIREMENT","RETIREMENT","RETIREMENT","ActionReasonUsagesMigration","RETIREMENT,RETIREMENT","4712/12/31","1951/01/01","","","","","","","","","","","","","","","","","","","","","","","","","","","","","","","","","","","","","","","","","","","","","","","","","","","","","","","","","","","","","","","","","","","","","","",""
"RETIREMENT","RETIREMENT","PER_REORGANIZATION","ActionReasonUsagesMigration","RETIREMENT,PER_REORGANIZATION","4712/12/31","1951/01/01","","","","","","","","","","","","","","","","","","","","","","","","","","","","","","","","","","","","","","","","","","","","","","","","","","","","","","","","","","","","","","","","","","","","","","",""
"SUSP_ASSIGN","SUSP_ASSIGN","CMP_PERF","ActionReasonUsagesMigration","SUSP_ASSIGN,CMP_PERF","4712/12/31","1951/01/01","","","","","","","","","","","","","","","","","","","","","","","","","","","","","","","","","","","","","","","","","","","","","","","","","","","","","","","","","","","","","","","","","","","","","","",""
"SUSP_ASSIGN","SUSP_ASSIGN","PER_REORGANIZATION","ActionReasonUsagesMigration","SUSP_ASSIGN,PER_REORGANIZATION","4712/12/31","1951/01/01","","","","","","","","","","","","","","","","","","","","","","","","","","","","","","","","","","","","","","","","","","","","","","","","","","","","","","","","","","","","","","","","","","","","","","",""
"SUSP_EMP_TERMS","SUSP_EMP_TERMS","CMP_PERF","ActionReasonUsagesMigration","SUSP_EMP_TERMS,CMP_PERF","4712/12/31","1951/01/01","","","","","","","","","","","","","","","","","","","","","","","","","","","","","","","","","","","","","","","","","","","","","","","","","","","","","","","","","","","","","","","","","","","","","","",""
"SUSP_EMP_TERMS","SUSP_EMP_TERMS","PER_REORGANIZATION","ActionReasonUsagesMigration","SUSP_EMP_TERMS,PER_REORGANIZATION","4712/12/31","1951/01/01","","","","","","","","","","","","","","","","","","","","","","","","","","","","","","","","","","","","","","","","","","","","","","","","","","","","","","","","","","","","","","","","","","","","","","",""
"TEMP_ASG","TEMP_ASG","CAREERPRO","ActionReasonUsagesMigration","TEMP_ASG,CAREERPRO","4712/12/31","1900/01/01","","","","","","","","","","","","","","","","","","","","","","","","","","","","","","","","","","","","","","","","","","","","","","","","","","","","","","","","","","","","","","","","","","","","","","",""
"TEMP_ASG","TEMP_ASG","MGRREQ","ActionReasonUsagesMigration","TEMP_ASG,MGRREQ","4712/12/31","1900/01/01","","","","","","","","","","","","","","","","","","","","","","","","","","","","","","","","","","","","","","","","","","","","","","","","","","","","","","","","","","","","","","","","","","","","","","",""
"TEMP_ASG","TEMP_ASG","PROBATION","ActionReasonUsagesMigration","TEMP_ASG,PROBATION","4712/12/31","1900/01/01","","","","","","","","","","","","","","","","","","","","","","","","","","","","","","","","","","","","","","","","","","","","","","","","","","","","","","","","","","","","","","","","","","","","","","",""
"TEMP_ASG","TEMP_ASG","REORG","ActionReasonUsagesMigration","TEMP_ASG,REORG","4712/12/31","1900/01/01","","","","","","","","","","","","","","","","","","","","","","","","","","","","","","","","","","","","","","","","","","","","","","","","","","","","","","","","","","","","","","","","","","","","","","",""
"TEMP_ASG","TEMP_ASG","STAFFSHRT","ActionReasonUsagesMigration","TEMP_ASG,STAFFSHRT","4712/12/31","1900/01/01","","","","","","","","","","","","","","","","","","","","","","","","","","","","","","","","","","","","","","","","","","","","","","","","","","","","","","","","","","","","","","","","","","","","","","",""
"TEMP_ASG","TEMP_ASG","WORKERREQ","ActionReasonUsagesMigration","TEMP_ASG,WORKERREQ","4712/12/31","1900/01/01","","","","","","","","","","","","","","","","","","","","","","","","","","","","","","","","","","","","","","","","","","","","","","","","","","","","","","","","","","","","","","","","","","","","","","",""
"TERMINATE_PLACEMENT","TERMINATE_PLACEMENT","CMP_PERF","ActionReasonUsagesMigration","TERMINATE_PLACEMENT,CMP_PERF","4712/12/31","1951/01/01","","","","","","","","","","","","","","","","","","","","","","","","","","","","","","","","","","","","","","","","","","","","","","","","","","","","","","","","","","","","","","","","","","","","","","",""
"TERMINATE_PLACEMENT","TERMINATE_PLACEMENT","CMP_PERE","ActionReasonUsagesMigration","TERMINATE_PLACEMENT,CMP_PERE","4712/12/31","1951/01/01","","","","","","","","","","","","","","","","","","","","","","","","","","","","","","","","","","","","","","","","","","","","","","","","","","","","","","","","","","","","","","","","","","","","","","",""
"TERMINATE_PLACEMENT","TERMINATE_PLACEMENT","PLANEND","ActionReasonUsagesMigration","TERMINATE_PLACEMENT,PLANEND","4712/12/31","1951/01/01","","","","","","","","","","","","","","","","","","","","","","","","","","","","","","","","","","","","","","","","","","","","","","","","","","","","","","","","","","","","","","","","","","","","","","",""
"TERMINATE_PLACEMENT","TERMINATE_PLACEMENT","PER_REORGANIZATION","ActionReasonUsagesMigration","TERMINATE_PLACEMENT,PER_REORGANIZATION","4712/12/31","1951/01/01","","","","","","","","","","","","","","","","","","","","","","","","","","","","","","","","","","","","","","","","","","","","","","","","","","","","","","","","","","","","","","","","","","","","","","",""
"TERMINATION","TERMINATION","WORK_RELATED","ActionReasonUsagesMigration","TERMINATION,WORK_RELATED","4712/12/31","1900/01/01","","","","","","","","","","","","","","","","","","","","","","","","","","","","","","","","","","","","","","","","","","","","","","","","","","","","","","","","","","","","","","","","","","","","","","",""
"TERMINATION","TERMINATION","CMP_PERF","ActionReasonUsagesMigration","TERMINATION,CMP_PERF","4712/12/31","1951/01/01","","","","","","","","","","","","","","","","","","","","","","","","","","","","","","","","","","","","","","","","","","","","","","","","","","","","","","","","","","","","","","","","","","","","","","",""
"TERMINATION","TERMINATION","DISCIPLINARY","ActionReasonUsagesMigration","TERMINATION,DISCIPLINARY","4712/12/31","1951/01/01","","","","","","","","","","","","","","","","","","","","","","","","","","","","","","","","","","","","","","","","","","","","","","","","","","","","","","","","","","","","","","","","","","","","","","",""
"TERMINATION","TERMINATION","HEALTH","ActionReasonUsagesMigration","TERMINATION,HEALTH","4712/12/31","1951/01/01","","","","","","","","","","","","","","","","","","","","","","","","","","","","","","","","","","","","","","","","","","","","","","","","","","","","","","","","","","","","","","","","","","","","","","",""
"TRANSFER","TRANSFER","CAREERPRO","ActionReasonUsagesMigration","TRANSFER,CAREERPRO","4712/12/31","1900/01/01","","","","","","","","","","","","","","","","","","","","","","","","","","","","","","","","","","","","","","","","","","","","","","","","","","","","","","","","","","","","","","","","","","","","","","",""
"TRANSFER","TRANSFER","INTERNREC","ActionReasonUsagesMigration","TRANSFER,INTERNREC","4712/12/31","1900/01/01","","","","","","","","","","","","","","","","","","","","","","","","","","","","","","","","","","","","","","","","","","","","","","","","","","","","","","","","","","","","","","","","","","","","","","",""
"TRANSFER","TRANSFER","LOCCHANGE","ActionReasonUsagesMigration","TRANSFER,LOCCHANGE","4712/12/31","1900/01/01","","","","","","","","","","","","","","","","","","","","","","","","","","","","","","","","","","","","","","","","","","","","","","","","","","","","","","","","","","","","","","","","","","","","","","",""
"TRANSFER","TRANSFER","MGRREQ","ActionReasonUsagesMigration","TRANSFER,MGRREQ","4712/12/31","1900/01/01","","","","","","","","","","","","","","","","","","","","","","","","","","","","","","","","","","","","","","","","","","","","","","","","","","","","","","","","","","","","","","","","","","","","","","",""
"TRANSFER","TRANSFER","REORG","ActionReasonUsagesMigration","TRANSFER,REORG","4712/12/31","1900/01/01","","","","","","","","","","","","","","","","","","","","","","","","","","","","","","","","","","","","","","","","","","","","","","","","","","","","","","","","","","","","","","","","","","","","","","",""
"TRANSFER","TRANSFER","WORKERREQ","ActionReasonUsagesMigration","TRANSFER,WORKERREQ","4712/12/31","1900/01/01","","","","","","","","","","","","","","","","","","","","","","","","","","","","","","","","","","","","","","","","","","","","","","","","","","","","","","","","","","","","","","","","","","","","","","",""
"WORK_HOURS_CHANGE","WORK_HOURS_CHANGE","PER_REORGANIZATION","ActionReasonUsagesMigration","WORK_HOURS_CHANGE,PER_REORGANIZATION","4712/12/31","1951/01/01","","","","","","","","","","","","","","","","","","","","","","","","","","","","","","","","","","","","","","","","","","","","","","","","","","","","","","","","","","","","","","","","","","","","","","",""
"WORK_HOURS_CHANGE","WORK_HOURS_CHANGE","WORKERREQ","ActionReasonUsagesMigration","WORK_HOURS_CHANGE,WORKERREQ","4712/12/31","1951/01/01","","","","","","","","","","","","","","","","","","","","","","","","","","","","","","","","","","","","","","","","","","","","","","","","","","","","","","","","","","","","","","","","","","","","","","",""
"ALLOCATE_GRP_CMP","ALLOCATE_GRP_CMP","CMP_ANNV","ActionReasonUsagesMigration","ALLOCATE_GRP_CMP,CMP_ANNV","4712/12/31","1900/01/01","","","","","","","","","","","","","","","","","","","","","","","","","","","","","","","","","","","","","","","","","","","","","","","","","","","","","","","","","","","","","","","","","","","","","","",""
"ALLOCATE_GRP_CMP","ALLOCATE_GRP_CMP","CMP_COLA","ActionReasonUsagesMigration","ALLOCATE_GRP_CMP,CMP_COLA","4712/12/31","1900/01/01","","","","","","","","","","","","","","","","","","","","","","","","","","","","","","","","","","","","","","","","","","","","","","","","","","","","","","","","","","","","","","","","","","","","","","",""
"ALLOCATE_GRP_CMP","ALLOCATE_GRP_CMP","CMP_MASS","ActionReasonUsagesMigration","ALLOCATE_GRP_CMP,CMP_MASS","4712/12/31","1900/01/01","","","","","","","","","","","","","","","","","","","","","","","","","","","","","","","","","","","","","","","","","","","","","","","","","","","","","","","","","","","","","","","","","","","","","","",""
"ALLOCATE_GRP_CMP","ALLOCATE_GRP_CMP","CMP_MERI","ActionReasonUsagesMigration","ALLOCATE_GRP_CMP,CMP_MERI","4712/12/31","1900/01/01","","","","","","","","","","","","","","","","","","","","","","","","","","","","","","","","","","","","","","","","","","","","","","","","","","","","","","","","","","","","","","","","","","","","","","",""
"ALLOCATE_GRP_CMP","ALLOCATE_GRP_CMP","CMP_MKAD","ActionReasonUsagesMigration","ALLOCATE_GRP_CMP,CMP_MKAD","4712/12/31","1900/01/01","","","","","","","","","","","","","","","","","","","","","","","","","","","","","","","","","","","","","","","","","","","","","","","","","","","","","","","","","","","","","","","","","","","","","","",""
"ALLOCATE_GRP_CMP","ALLOCATE_GRP_CMP","CMP_PERE","ActionReasonUsagesMigration","ALLOCATE_GRP_CMP,CMP_PERE","4712/12/31","1900/01/01","","","","","","","","","","","","","","","","","","","","","","","","","","","","","","","","","","","","","","","","","","","","","","","","","","","","","","","","","","","","","","","","","","","","","","",""
"ALLOCATE_GRP_CMP","ALLOCATE_GRP_CMP","CMP_PERF","ActionReasonUsagesMigration","ALLOCATE_GRP_CMP,CMP_PERF","4712/12/31","1900/01/01","","","","","","","","","","","","","","","","","","","","","","","","","","","","","","","","","","","","","","","","","","","","","","","","","","","","","","","","","","","","","","","","","","","","","","",""
"ALLOCATE_GRP_CMP","ALLOCATE_GRP_CMP","CMP_PROG","ActionReasonUsagesMigration","ALLOCATE_GRP_CMP,CMP_PROG","4712/12/31","1900/01/01","","","","","","","","","","","","","","","","","","","","","","","","","","","","","","","","","","","","","","","","","","","","","","","","","","","","","","","","","","","","","","","","","","","","","","",""
"ALLOCATE_GRP_CMP","ALLOCATE_GRP_CMP","CMP_PROM","ActionReasonUsagesMigration","ALLOCATE_GRP_CMP,CMP_PROM","4712/12/31","1900/01/01","","","","","","","","","","","","","","","","","","","","","","","","","","","","","","","","","","","","","","","","","","","","","","","","","","","","","","","","","","","","","","","","","","","","","","",""
"CHANGE_SALARY","CHANGE_SALARY","CMP_AGRE","ActionReasonUsagesMigration","CHANGE_SALARY,CMP_AGRE","4712/12/31","1900/01/01","","","","","","","","","","","","","","","","","","","","","","","","","","","","","","","","","","","","","","","","","","","","","","","","","","","","","","","","","","","","","","","","","","","","","","",""
"CHANGE_SALARY","CHANGE_SALARY","CMP_ANNL","ActionReasonUsagesMigration","CHANGE_SALARY,CMP_ANNL","4712/12/31","1900/01/01","","","","","","","","","","","","","","","","","","","","","","","","","","","","","","","","","","","","","","","","","","","","","","","","","","","","","","","","","","","","","","","","","","","","","","",""
"CHANGE_SALARY","CHANGE_SALARY","CMP_ANNV","ActionReasonUsagesMigration","CHANGE_SALARY,CMP_ANNV","4712/12/31","1900/01/01","","","","","","","","","","","","","","","","","","","","","","","","","","","","","","","","","","","","","","","","","","","","","","","","","","","","","","","","","","","","","","","","","","","","","","",""
"CHANGE_SALARY","CHANGE_SALARY","CMP_ANTD","ActionReasonUsagesMigration","CHANGE_SALARY,CMP_ANTD","4712/12/31","1900/01/01","","","","","","","","","","","","","","","","","","","","","","","","","","","","","","","","","","","","","","","","","","","","","","","","","","","","","","","","","","","","","","","","","","","","","","",""
"CHANGE_SALARY","CHANGE_SALARY","CMP_COLA","ActionReasonUsagesMigration","CHANGE_SALARY,CMP_COLA","4712/12/31","1900/01/01","","","","","","","","","","","","","","","","","","","","","","","","","","","","","","","","","","","","","","","","","","","","","","","","","","","","","","","","","","","","","","","","","","","","","","",""
"CHANGE_SALARY","CHANGE_SALARY","CMP_CONV","ActionReasonUsagesMigration","CHANGE_SALARY,CMP_CONV","4712/12/31","1900/01/01","","","","","","","","","","","","","","","","","","","","","","","","","","","","","","","","","","","","","","","","","","","","","","","","","","","","","","","","","","","","","","","","","","","","","","",""
"CHANGE_SALARY","CHANGE_SALARY","CMP_DISS","ActionReasonUsagesMigration","CHANGE_SALARY,CMP_DISS","4712/12/31","1900/01/01","","","","","","","","","","","","","","","","","","","","","","","","","","","","","","","","","","","","","","","","","","","","","","","","","","","","","","","","","","","","","","","","","","","","","","",""
"CHANGE_SALARY","CHANGE_SALARY","CMP_GNTE","ActionReasonUsagesMigration","CHANGE_SALARY,CMP_GNTE","4712/12/31","1900/01/01","","","","","","","","","","","","","","","","","","","","","","","","","","","","","","","","","","","","","","","","","","","","","","","","","","","","","","","","","","","","","","","","","","","","","","",""
"CHANGE_SALARY","CHANGE_SALARY","CMP_GSP","ActionReasonUsagesMigration","CHANGE_SALARY,CMP_GSP","4712/12/31","1900/01/01","","","","","","","","","","","","","","","","","","","","","","","","","","","","","","","","","","","","","","","","","","","","","","","","","","","","","","","","","","","","","","","","","","","","","","",""
"CHANGE_SALARY","CHANGE_SALARY","CMP_HRLY","ActionReasonUsagesMigration","CHANGE_SALARY,CMP_HRLY","4712/12/31","1900/01/01","","","","","","","","","","","","","","","","","","","","","","","","","","","","","","","","","","","","","","","","","","","","","","","","","","","","","","","","","","","","","","","","","","","","","","",""
"CHANGE_SALARY","CHANGE_SALARY","CMP_JBCH","ActionReasonUsagesMigration","CHANGE_SALARY,CMP_JBCH","4712/12/31","1900/01/01","","","","","","","","","","","","","","","","","","","","","","","","","","","","","","","","","","","","","","","","","","","","","","","","","","","","","","","","","","","","","","","","","","","","","","",""
"CHANGE_SALARY","CHANGE_SALARY","CMP_JOEV","ActionReasonUsagesMigration","CHANGE_SALARY,CMP_JOEV","4712/12/31","1900/01/01","","","","","","","","","","","","","","","","","","","","","","","","","","","","","","","","","","","","","","","","","","","","","","","","","","","","","","","","","","","","","","","","","","","","","","",""
"CHANGE_SALARY","CHANGE_SALARY","CMP_LOAD","ActionReasonUsagesMigration","CHANGE_SALARY,CMP_LOAD","4712/12/31","1900/01/01","","","","","","","","","","","","","","","","","","","","","","","","","","","","","","","","","","","","","","","","","","","","","","","","","","","","","","","","","","","","","","","","","","","","","","",""
"CHANGE_SALARY","CHANGE_SALARY","CMP_MASS","ActionReasonUsagesMigration","CHANGE_SALARY,CMP_MASS","4712/12/31","1900/01/01","","","","","","","","","","","","","","","","","","","","","","","","","","","","","","","","","","","","","","","","","","","","","","","","","","","","","","","","","","","","","","","","","","","","","","",""
"CHANGE_SALARY","CHANGE_SALARY","CMP_MERI","ActionReasonUsagesMigration","CHANGE_SALARY,CMP_MERI","4712/12/31","1900/01/01","","","","","","","","","","","","","","","","","","","","","","","","","","","","","","","","","","","","","","","","","","","","","","","","","","","","","","","","","","","","","","","","","","","","","","",""
"CHANGE_SALARY","CHANGE_SALARY","CMP_MKAD","ActionReasonUsagesMigration","CHANGE_SALARY,CMP_MKAD","4712/12/31","1900/01/01","","","","","","","","","","","","","","","","","","","","","","","","","","","","","","","","","","","","","","","","","","","","","","","","","","","","","","","","","","","","","","","","","","","","","","",""
"CHANGE_SALARY","CHANGE_SALARY","CMP_MNTH","ActionReasonUsagesMigration","CHANGE_SALARY,CMP_MNTH","4712/12/31","1900/01/01","","","","","","","","","","","","","","","","","","","","","","","","","","","","","","","","","","","","","","","","","","","","","","","","","","","","","","","","","","","","","","","","","","","","","","",""
"CHANGE_SALARY","CHANGE_SALARY","CMP_NEWH","ActionReasonUsagesMigration","CHANGE_SALARY,CMP_NEWH","4712/12/31","1900/01/01","","","","","","","","","","","","","","","","","","","","","","","","","","","","","","","","","","","","","","","","","","","","","","","","","","","","","","","","","","","","","","","","","","","","","","",""
"CHANGE_SALARY","CHANGE_SALARY","CMP_OTH","ActionReasonUsagesMigration","CHANGE_SALARY,CMP_OTH","4712/12/31","1900/01/01","","","","","","","","","","","","","","","","","","","","","","","","","","","","","","","","","","","","","","","","","","","","","","","","","","","","","","","","","","","","","","","","","","","","","","",""
"CHANGE_SALARY","CHANGE_SALARY","CMP_PERE","ActionReasonUsagesMigration","CHANGE_SALARY,CMP_PERE","4712/12/31","1900/01/01","","","","","","","","","","","","","","","","","","","","","","","","","","","","","","","","","","","","","","","","","","","","","","","","","","","","","","","","","","","","","","","","","","","","","","",""
"CHANGE_SALARY","CHANGE_SALARY","CMP_PERF","ActionReasonUsagesMigration","CHANGE_SALARY,CMP_PERF","4712/12/31","1900/01/01","","","","","","","","","","","","","","","","","","","","","","","","","","","","","","","","","","","","","","","","","","","","","","","","","","","","","","","","","","","","","","","","","","","","","","",""
"CHANGE_SALARY","CHANGE_SALARY","CMP_PROD","ActionReasonUsagesMigration","CHANGE_SALARY,CMP_PROD","4712/12/31","1900/01/01","","","","","","","","","","","","","","","","","","","","","","","","","","","","","","","","","","","","","","","","","","","","","","","","","","","","","","","","","","","","","","","","","","","","","","",""
"CHANGE_SALARY","CHANGE_SALARY","CMP_PROG","ActionReasonUsagesMigration","CHANGE_SALARY,CMP_PROG","4712/12/31","1900/01/01","","","","","","","","","","","","","","","","","","","","","","","","","","","","","","","","","","","","","","","","","","","","","","","","","","","","","","","","","","","","","","","","","","","","","","",""
"CHANGE_SALARY","CHANGE_SALARY","CMP_PROM","ActionReasonUsagesMigration","CHANGE_SALARY,CMP_PROM","4712/12/31","1900/01/01","","","","","","","","","","","","","","","","","","","","","","","","","","","","","","","","","","","","","","","","","","","","","","","","","","","","","","","","","","","","","","","","","","","","","","",""
"CHANGE_SALARY","CHANGE_SALARY","CMP_REAJ","ActionReasonUsagesMigration","CHANGE_SALARY,CMP_REAJ","4712/12/31","1900/01/01","","","","","","","","","","","","","","","","","","","","","","","","","","","","","","","","","","","","","","","","","","","","","","","","","","","","","","","","","","","","","","","","","","","","","","",""
"CHANGE_SALARY","CHANGE_SALARY","CMP_RET","ActionReasonUsagesMigration","CHANGE_SALARY,CMP_RET","4712/12/31","1900/01/01","","","","","","","","","","","","","","","","","","","","","","","","","","","","","","","","","","","","","","","","","","","","","","","","","","","","","","","","","","","","","","","","","","","","","","",""
"CHANGE_SALARY","CHANGE_SALARY","CMP_SEN","ActionReasonUsagesMigration","CHANGE_SALARY,CMP_SEN","4712/12/31","1900/01/01","","","","","","","","","","","","","","","","","","","","","","","","","","","","","","","","","","","","","","","","","","","","","","","","","","","","","","","","","","","","","","","","","","","","","","",""
"CHANGE_SALARY","CHANGE_SALARY","CMP_TRAN","ActionReasonUsagesMigration","CHANGE_SALARY,CMP_TRAN","4712/12/31","1900/01/01","","","","","","","","","","","","","","","","","","","","","","","","","","","","","","","","","","","","","","","","","","","","","","","","","","","","","","","","","","","","","","","","","","","","","","",""
"CHANGE_SALARY","CHANGE_SALARY","CMP_WKHR","ActionReasonUsagesMigration","CHANGE_SALARY,CMP_WKHR","4712/12/31","1900/01/01","","","","","","","","","","","","","","","","","","","","","","","","","","","","","","","","","","","","","","","","","","","","","","","","","","","","","","","","","","","","","","","","","","","","","","",""
"MNG_CONTRIB","MNG_CONTRIB","CMP_CHG","ActionReasonUsagesMigration","MNG_CONTRIB,CMP_CHG","4712/12/31","1900/01/01","","","","","","","","","","","","","","","","","","","","","","","","","","","","","","","","","","","","","","","","","","","","","","","","","","","","","","","","","","","","","","","","","","","","","","",""
"MNG_CONTRIB","MNG_CONTRIB","CMP_STP","ActionReasonUsagesMigration","MNG_CONTRIB,CMP_STP","4712/12/31","1900/01/01","","","","","","","","","","","","","","","","","","","","","","","","","","","","","","","","","","","","","","","","","","","","","","","","","","","","","","","","","","","","","","","","","","","","","","",""
"MNG_CONTRIB","MNG_CONTRIB","CMP_STRT","ActionReasonUsagesMigration","MNG_CONTRIB,CMP_STRT","4712/12/31","1900/01/01","","","","","","","","","","","","","","","","","","","","","","","","","","","","","","","","","","","","","","","","","","","","","","","","","","","","","","","","","","","","","","","","","","","","","","",""
"MNG_INDIV_CMP","MNG_INDIV_CMP","CMP_INDV","ActionReasonUsagesMigration","MNG_INDIV_CMP,CMP_INDV","4712/12/31","1900/01/01","","","","","","","","","","","","","","","","","","","","","","","","","","","","","","","","","","","","","","","","","","","","","","","","","","","","","","","","","","","","","","","","","","","","","","",""
"CMP_GRADE_STEP_PROGRESSION","CMP_GRADE_STEP_PROGRESSION","CMP_AUT_GSP","ActionReasonUsagesMigration","CMP_GRADE_STEP_PROGRESSION,CMP_AUT_GSP","4712/12/31","2000/01/01","","","","","","","","","","","","","","","","","","","","","","","","","","","","","","","","","","","","","","","","","","","","","","","","","","","","","","","","","","","","","","","","","","","","","","",""
"CMP_GSP_RATE_SYNCHRONIZATION","CMP_GSP_RATE_SYNCHRONIZATION","CMP_GSP_RATE_SYNC","ActionReasonUsagesMigration","CMP_GSP_RATE_SYNCHRONIZATION,CMP_GSP_RATE_SYNC","4712/12/31","2000/01/01","","","","","","","","","","","","","","","","","","","","","","","","","","","","","","","","","","","","","","","","","","","","","","","","","","","","","","","","","","","","","","","","","","","","","","",""
"CMP_GSP_UPD_SAL_ON_ASG_CHG","CMP_GSP_UPD_SAL_ON_ASG_CHG","CMP_GSP_UPD_SAL","ActionReasonUsagesMigration","CMP_GSP_UPD_SAL_ON_ASG_CHG,CMP_GSP_UPD_SAL","4712/12/31","2000/01/01","","","","","","","","","","","","","","","","","","","","","","","","","","","","","","","","","","","","","","","","","","","","","","","","","","","","","","","","","","","","","","","","","","","","","","",""
"ORA_IRC_ACCEPT_JOB_OFFER","ORA_IRC_ACCEPT_JOB_OFFER","ORA_IRC_CAND_ACCEPT_JOB_OFFER","ActionReasonUsagesMigration","ORA_IRC_ACCEPT_JOB_OFFER,ORA_IRC_CAND_ACCEPT_JOB_OFFER","4712/12/31","1900/01/01","","","","","","","","","","","","","","","","","","","","","","","","","","","","","","","","","","","","","","","","","","","","","","","","","","","","","","","","","","","","","","","","","","","","","","",""
"ADM_INDIV_CMP","ADM_INDIV_CMP","CMP_ADM_INDV","ActionReasonUsagesMigration","ADM_INDIV_CMP,CMP_ADM_INDV","4712/12/31","1900/01/01","","","","","","","","","","","","","","","","","","","","","","","","","","","","","","","","","","","","","","","","","","","","","","","","","","","","","","","","","","","","","","","","","","","","","","",""
