"ActionCode","ViewInstanceName","GroupingKey","ActionName","Description","ActionTypeCode","StartDate","EndDate","AllRoles","Country","IsSystemAction","DfltAsgStatusCode","UsedInContract","ActAttribute1","ActAttribute10","ActAttribute11","ActAttribute12","ActAttribute13","ActAttribute14","ActAttribute15","ActAttribute16","ActAttribute17","ActAttribute18","ActAttribute19","ActAttribute2","ActAttribute20","ActAttribute21","ActAttribute22","ActAttribute23","ActAttribute24","ActAttribute25","ActAttribute26","ActAttribute27","ActAttribute28","ActAttribute29","ActAttribute3","ActAttribute30","ActAttribute4","ActAttribute5","ActAttribute6","ActAttribute7","ActAttribute8","ActAttribute9","ActAttributeCategory","ActAttributeDate1","ActAttributeDate10","ActAttributeDate11","ActAttributeDate12","ActAttributeDate13","ActAttributeDate14","ActAttributeDate15","ActAttributeDate2","ActAttributeDate3","ActAttributeDate4","ActAttributeDate5","ActAttributeDate6","ActAttributeDate7","ActAttributeDate8","ActAttributeDate9","ActAttributeNumber1","ActAttributeNumber10","ActAttributeNumber11","ActAttributeNumber12","ActAttributeNumber13","ActAttributeNumber14","ActAttributeNumber15","ActAttributeNumber16","ActAttributeNumber17","ActAttributeNumber18","ActAttributeNumber19","ActAttributeNumber2","ActAttributeNumber20","ActAttributeNumber3","ActAttributeNumber4","ActAttributeNumber5","ActAttributeNumber6","ActAttributeNumber7","ActAttributeNumber8","ActAttributeNumber9","ActInformation1","ActInformation10","ActInformation11","ActInformation12","ActInformation13","ActInformation14","ActInformation15","ActInformation16","ActInformation17","ActInformation18","ActInformation19","ActInformation2","ActInformation20","ActInformation21","ActInformation22","ActInformation23","ActInformation24","ActInformation25","ActInformation26","ActInformation27","ActInformation28","ActInformation29","ActInformation3","ActInformation30","ActInformation4","ActInformation5","ActInformation6","ActInformation7","ActInformation8","ActInformation9","ActInformationCategory","ActInformationDate1","ActInformationDate10","ActInformationDate2","ActInformationDate3","ActInformationDate4","ActInformationDate5","ActInformationDate6","ActInformationDate7","ActInformationDate8","ActInformationDate9","ActInformationNumber1","ActInformationNumber10","ActInformationNumber11","ActInformationNumber12","ActInformationNumber13","ActInformationNumber14","ActInformationNumber15","ActInformationNumber16","ActInformationNumber17","ActInformationNumber18","ActInformationNumber19","ActInformationNumber2","ActInformationNumber20","ActInformationNumber3","ActInformationNumber4","ActInformationNumber5","ActInformationNumber6","ActInformationNumber7","ActInformationNumber8","ActInformationNumber9","ActionTypeId","ActionId","DfltAsgStatusTypeId"
"ORA_EMPL_UPDATE_ASG_EFF","ActionsMigration","ORA_EMPL_UPDATE_ASG_EFF","Update Assignment EFF","Action not available in the user interface, but used by the application when updating assignment EFF.","ORA_EMPL_COMMON","1900/01/01","4712/12/31","","","Y","","","","","","","","","","","","","","","","","","","","","","","","","","","","","","","","","","","","","","","","","","","","","","","","","","","","","","","","","","","","","","","","","","","","","","","","","","","","","","","","","","","","","","","","","","","","","","","","","","","","","","","","","","","","","","","","","","","","","","","","","","","","","","","","","","","","#null"
"ORA_PAY_REQUEST_PAY_ADVANCE","ActionsMigration","ORA_PAY_REQUEST_PAY_ADVANCE","Request Pay Advance","Request Pay Advance","ORA_PAY_REQUEST_PAY_ADVANCE","2000/01/01","4712/12/31","","","","","","","","","","","","","","","","","","","","","","","","","","","","","","","","","","","","","","","","","","","","","","","","","","","","","","","","","","","","","","","","","","","","","","","","","","","","","","","","","","","","","","","","","","","","","","","","","","","","","","","","","","","","","","","","","","","","","","","","","","","","","","","","","","","","","","","#null"
"ORA_EMPL_CONTRACT_UPDATE","ActionsMigration","ORA_EMPL_CONTRACT_UPDATE","Contract Update","Contract Update","ORA_EMPL_CONTRACT_UPDATE","2000/01/01","4712/12/31","","","","","Y","","","","","","","","","","","","","","","","","","","","","","","","","","","","","","","","","","","","","","","","","","","","","","","","","","","","","","","","","","","","","","","","","","","","","","","","","","","","","","","","","","","","","","","","","","","","","","","","","","","","","","","","","","","","","","","","","","","","","","","","","","","","","","","","","","#null"
"ADD_ASSIGN","ActionsMigration","ADD_ASSIGN","Add Assignment","Add Assignment","EMPL_ADD_ASG","1900/01/01","4712/12/31","","","","","","","","","","","","","","","","","","","","","","","","","","","","","","","","","","","","","","","","","","","","","","","","","","","","","","","","","","","","","","","","","","","","","","","","","","","","","","","","","","","","","","","","","","","","","","","","","","","","","","","","","","","","","","","","","","","","","","","","","","","","","","","","","","","","","","","#null"
"ADD_CWK","ActionsMigration","ADD_CWK","Add Contingent Worker","Add Contingent Worker","EMPL_ADD_CWK","1900/01/01","4712/12/31","","","","","","","","","","","","","","","","","","","","","","","","","","","","","","","","","","","","","","","","","","","","","","","","","","","","","","","","","","","","","","","","","","","","","","","","","","","","","","","","","","","","","","","","","","","","","","","","","","","","","","","","","","","","","","","","","","","","","","","","","","","","","","","","","","","","","","","#null"
"ADD_CWK_WORK_RELATION","ActionsMigration","ADD_CWK_WORK_RELATION","Add Contingent Work Relationship","Add Contingent Work Relationship","EMPL_WR_CWK","1900/01/01","4712/12/31","","","","","","","","","","","","","","","","","","","","","","","","","","","","","","","","","","","","","","","","","","","","","","","","","","","","","","","","","","","","","","","","","","","","","","","","","","","","","","","","","","","","","","","","","","","","","","","","","","","","","","","","","","","","","","","","","","","","","","","","","","","","","","","","","","","","","","","#null"
"ADD_EMP_TERMS","ActionsMigration","ADD_EMP_TERMS","Add Employment Terms","Add Employment Terms","EMPL_ADD_TERMS","1900/01/01","4712/12/31","","","","","","","","","","","","","","","","","","","","","","","","","","","","","","","","","","","","","","","","","","","","","","","","","","","","","","","","","","","","","","","","","","","","","","","","","","","","","","","","","","","","","","","","","","","","","","","","","","","","","","","","","","","","","","","","","","","","","","","","","","","","","","","","","","","","","","","#null"
"ADD_NON_WKR","ActionsMigration","ADD_NON_WKR","Add Non-Worker","Add Non-Worker","EMPL_ADD_NWK","1900/01/01","4712/12/31","","","","","","","","","","","","","","","","","","","","","","","","","","","","","","","","","","","","","","","","","","","","","","","","","","","","","","","","","","","","","","","","","","","","","","","","","","","","","","","","","","","","","","","","","","","","","","","","","","","","","","","","","","","","","","","","","","","","","","","","","","","","","","","","","","","","","","","#null"
"ADD_NON_WKR_WORK_RELATION","ActionsMigration","ADD_NON_WKR_WORK_RELATION","Add Non-Worker Work Relationship","Add Non-Worker Work Relationship","EMPL_WR_NWK","1900/01/01","4712/12/31","","","","","","","","","","","","","","","","","","","","","","","","","","","","","","","","","","","","","","","","","","","","","","","","","","","","","","","","","","","","","","","","","","","","","","","","","","","","","","","","","","","","","","","","","","","","","","","","","","","","","","","","","","","","","","","","","","","","","","","","","","","","","","","","","","","","","","","#null"
"ADD_PEN_WKR","ActionsMigration","ADD_PEN_WKR","Add Pending Worker","Add Pending Worker","EMPL_ADD_PWK","1900/01/01","4712/12/31","","","","","","","","","","","","","","","","","","","","","","","","","","","","","","","","","","","","","","","","","","","","","","","","","","","","","","","","","","","","","","","","","","","","","","","","","","","","","","","","","","","","","","","","","","","","","","","","","","","","","","","","","","","","","","","","","","","","","","","","","","","","","","","","","","","","","","","#null"
"ASG_CHANGE","ActionsMigration","ASG_CHANGE","Assignment Change","Assignment Change","EMPL_CHANGE","1900/01/01","4712/12/31","","","","","","","","","","","","","","","","","","","","","","","","","","","","","","","","","","","","","","","","","","","","","","","","","","","","","","","","","","","","","","","","","","","","","","","","","","","","","","","","","","","","","","","","","","","","","","","","","","","","","","","","","","","","","","","","","","","","","","","","","","","","","","","","","","","","","","","#null"
"CONTRACT_EXTENSION","ActionsMigration","CONTRACT_EXTENSION","Contract Extension","Contract Extension","EMPL_CONTRACT_EXTN","1900/01/01","4712/12/31","","","","","Y","","","","","","","","","","","","","","","","","","","","","","","","","","","","","","","","","","","","","","","","","","","","","","","","","","","","","","","","","","","","","","","","","","","","","","","","","","","","","","","","","","","","","","","","","","","","","","","","","","","","","","","","","","","","","","","","","","","","","","","","","","","","","","","","","","#null"
"DEATH","ActionsMigration","DEATH","Death","Death","EMPL_TERMINATE","1900/01/01","4712/12/31","","","","","","","","","","","","","","","","","","","","","","","","","","","","","","","","","","","","","","","","","","","","","","","","","","","","","","","","","","","","","","","","","","","","","","","","","","","","","","","","","","","VOLUNTARY","","","","","","","","","","","","","","","","","","","","","","","","","","","","","","","","","","","","","","","","","","","","","","","","","","","","#null"
"DEMOTION","ActionsMigration","DEMOTION","Demotion","Demotion","EMPL_DEMOTION","1900/01/01","4712/12/31","","","","","","","","","","","","","","","","","","","","","","","","","","","","","","","","","","","","","","","","","","","","","","","","","","","","","","","","","","","","","","","","","","","","","","","","","","","","","","","","","","","","","","","","","","","","","","","","","","","","","","","","","","","","","","","","","","","","","","","","","","","","","","","","","","","","","","","#null"
"END_ASG","ActionsMigration","END_ASG","End Assignment","End Assignment","EMPL_END_ASG","1900/01/01","4712/12/31","","","","","","","","","","","","","","","","","","","","","","","","","","","","","","","","","","","","","","","","","","","","","","","","","","","","","","","","","","","","","","","","","","","","","","","","","","","","","","","","","","","","","","","","","","","","","","","","","","","","","","","","","","","","","","","","","","","","","","","","","","","","","","","","","","","","","","","#null"
"END_EMP_TERMS","ActionsMigration","END_EMP_TERMS","End Employment Terms","End Employment Terms","EMPL_END_TERMS","1900/01/01","4712/12/31","","","","","","","","","","","","","","","","","","","","","","","","","","","","","","","","","","","","","","","","","","","","","","","","","","","","","","","","","","","","","","","","","","","","","","","","","","","","","","","","","","","","","","","","","","","","","","","","","","","","","","","","","","","","","","","","","","","","","","","","","","","","","","","","","","","","","","","#null"
"END_GLB_TEMP_ASG","ActionsMigration","END_GLB_TEMP_ASG","End Global Temporary Assignment","End Global Temporary Assignment","EMPL_END_GLB_TEMP_ASG","1900/01/01","4712/12/31","","","","","","","","","","","","","","","","","","","","","","","","","","","","","","","","","","","","","","","","","","","","","","","","","","","","","","","","","","","","","","","","","","","","","","","","","","","","","","","","","","","","","","","","","","","","","","","","","","","","","","","","","","","","","","","","","","","","","","","","","","","","","","","","","","","","","","","#null"
"END_PROBATION","ActionsMigration","END_PROBATION","End Probation Period","End Probation Period","EMPL_END_PROBATION","1900/01/01","4712/12/31","","","","","","","","","","","","","","","","","","","","","","","","","","","","","","","","","","","","","","","","","","","","","","","","","","","","","","","","","","","","","","","","","","","","","","","","","","","","","","","","","","","","","","","","","","","","","","","","","","","","","","","","","","","","","","","","","","","","","","","","","","","","","","","","","","","","","","","#null"
"END_TEMP_ASG","ActionsMigration","END_TEMP_ASG","End Temporary Assignment","End Temporary Assignment","EMPL_END_TEMP_ASG","1900/01/01","4712/12/31","","","","","","","","","","","","","","","","","","","","","","","","","","","","","","","","","","","","","","","","","","","","","","","","","","","","","","","","","","","","","","","","","","","","","","","","","","","","","","","","","","","","","","","","","","","","","","","","","","","","","","","","","","","","","","","","","","","","","","","","","","","","","","","","","","","","","","","#null"
"EXTEND_TEMP_ASG","ActionsMigration","EXTEND_TEMP_ASG","Extend Temporary Assignment","Extend Temporary Assignment","EMPL_EXTEND_TEMP_ASG","1900/01/01","4712/12/31","","","","","","","","","","","","","","","","","","","","","","","","","","","","","","","","","","","","","","","","","","","","","","","","","","","","","","","","","","","","","","","","","","","","","","","","","","","","","","","","","","","","","","","","","","","","","","","","","","","","","","","","","","","","","","","","","","","","","","","","","","","","","","","","","","","","","","","#null"
"GLB_TEMP_ASG","ActionsMigration","GLB_TEMP_ASG","Global Temporary Assignment","Global Temporary Assignment","EMPL_GLB_TEMP_ASG","1900/01/01","4712/12/31","","","","","","","","","","","","","","","","","","","","","","","","","","","","","","","","","","","","","","","","","","","","","","","","","","","","","","","","","","","","","","","","","","","","","","","","","","","","","","","","","","","","","","","","","","","","","","","","","","","","","","","","","","","","","","","","","","","","","","","","","","","","","","","","","","","","","","","#null"
"GLB_TRANSFER","ActionsMigration","GLB_TRANSFER","Global Transfer","Global Transfer","EMPL_GLB_TRANSFER","1900/01/01","4712/12/31","","","","","","","","","","","","","","","","","","","","","","","","","","","","","","","","","","","","","","","","","","","","","","","","","","","","","","","","","","","","","","","","","","","","","","","","","","","","","","","","","","","","","","","","","","","","","","","","","","","","","","","","","","","","","","","","","","","","","","","","","","","","","","","","","","","","","","","#null"
"HIRE","ActionsMigration","HIRE","Hire","Hire","EMPL_ADD_EMP","1900/01/01","4712/12/31","","","","","","","","","","","","","","","","","","","","","","","","","","","","","","","","","","","","","","","","","","","","","","","","","","","","","","","","","","","","","","","","","","","","","","","","","","","","","","","","","","","","","","","","","","","","","","","","","","","","","","","","","","","","","","","","","","","","","","","","","","","","","","","","","","","","","","","#null"
"HIRE_ADD_WORK_RELATION","ActionsMigration","HIRE_ADD_WORK_RELATION","Add Employee Work Relationship","Add Employee Work Relationship","EMPL_WR_EMP","1900/01/01","4712/12/31","","","","","","","","","","","","","","","","","","","","","","","","","","","","","","","","","","","","","","","","","","","","","","","","","","","","","","","","","","","","","","","","","","","","","","","","","","","","","","","","","","","","","","","","","","","","","","","","","","","","","","","","","","","","","","","","","","","","","","","","","","","","","","","","","","","","","","","#null"
"INVOLUNTARY_TERMINATION","ActionsMigration","INVOLUNTARY_TERMINATION","Involuntary Termination","Involuntary Termination","EMPL_TERMINATE","1900/01/01","4712/12/31","","","","","","","","","","","","","","","","","","","","","","","","","","","","","","","","","","","","","","","","","","","","","","","","","","","","","","","","","","","","","","","","","","","","","","","","","","","","","","","","","","","IN_VOLUNTARY","","","","","","","","","","","","","","","","","","","","","","","","","","","","","","","","","","","","","","","","","","","","","","","","","","","","#null"
"INVOL_TERMINATE_PLACEMENT","ActionsMigration","INVOL_TERMINATE_PLACEMENT","Involuntary Terminate Placement","Involuntary Terminate Placement","EMPL_TERMINATE","1900/01/01","4712/12/31","","","","","","","","","","","","","","","","","","","","","","","","","","","","","","","","","","","","","","","","","","","","","","","","","","","","","","","","","","","","","","","","","","","","","","","","","","","","","","","","","","","IN_VOLUNTARY","","","","","","","","","","","","","","","","","","","","","","","","","","","","","","","","","","","","","","","","","","","","","","","","","","","","#null"
"JOB_CHANGE","ActionsMigration","JOB_CHANGE","Job Change","Job Change","EMPL_CHANGE","1900/01/01","4712/12/31","","","","","","","","","","","","","","","","","","","","","","","","","","","","","","","","","","","","","","","","","","","","","","","","","","","","","","","","","","","","","","","","","","","","","","","","","","","","","","","","","","","","","","","","","","","","","","","","","","","","","","","","","","","","","","","","","","","","","","","","","","","","","","","","","","","","","","","#null"
"LOCATION_CHANGE","ActionsMigration","LOCATION_CHANGE","Location Change","Location Change","EMPL_CHG_LOCATION","1900/01/01","4712/12/31","","","","","","","","","","","","","","","","","","","","","","","","","","","","","","","","","","","","","","","","","","","","","","","","","","","","","","","","","","","","","","","","","","","","","","","","","","","","","","","","","","","","","","","","","","","","","","","","","","","","","","","","","","","","","","","","","","","","","","","","","","","","","","","","","","","","","","","#null"
"MANAGER_CHANGE","ActionsMigration","MANAGER_CHANGE","Manager Change","Manager Change","EMPL_CHG_MANAGER","1900/01/01","4712/12/31","","","Y","","","","","","","","","","","","","","","","","","","","","","","","","","","","","","","","","","","","","","","","","","","","","","","","","","","","","","","","","","","","","","","","","","","","","","","","","","","","","","","","","","","","","","","","","","","","","","","","","","","","","","","","","","","","","","","","","","","","","","","","","","","","","","","","","","","","#null"
"PER_GRD_DELETE","ActionsMigration","PER_GRD_DELETE","Delete","Delete","PER_GRD_DELETE","1900/01/01","4712/12/31","","","Y","","","","","","","","","","","","","","","","","","","","","","","","","","","","","","","","","","","","","","","","","","","","","","","","","","","","","","","","","","","","","","","","","","","","","","","","","","","","","","","","","","","","","","","","","","","","","","","","","","","","","","","","","","","","","","","","","","","","","","","","","","","","","","","","","","","","#null"
"PER_GRD_LDR_DELETE","ActionsMigration","PER_GRD_LDR_DELETE","Delete","Delete","PER_GRD_LDR_DELETE","1900/01/01","4712/12/31","","","Y","","","","","","","","","","","","","","","","","","","","","","","","","","","","","","","","","","","","","","","","","","","","","","","","","","","","","","","","","","","","","","","","","","","","","","","","","","","","","","","","","","","","","","","","","","","","","","","","","","","","","","","","","","","","","","","","","","","","","","","","","","","","","","","","","","","","#null"
"PER_GRD_LDR_NEW","ActionsMigration","PER_GRD_LDR_NEW","Create","Create","PER_GRD_LDR_CREATE","1900/01/01","4712/12/31","","","Y","","","","","","","","","","","","","","","","","","","","","","","","","","","","","","","","","","","","","","","","","","","","","","","","","","","","","","","","","","","","","","","","","","","","","","","","","","","","","","","","","","","","","","","","","","","","","","","","","","","","","","","","","","","","","","","","","","","","","","","","","","","","","","","","","","","","#null"
"PER_GRD_LDR_UPD","ActionsMigration","PER_GRD_LDR_UPD","Update","Update","PER_GRD_LDR_UPDATE","1900/01/01","4712/12/31","","","Y","","","","","","","","","","","","","","","","","","","","","","","","","","","","","","","","","","","","","","","","","","","","","","","","","","","","","","","","","","","","","","","","","","","","","","","","","","","","","","","","","","","","","","","","","","","","","","","","","","","","","","","","","","","","","","","","","","","","","","","","","","","","","","","","","","","","#null"
"PER_GRD_NEW","ActionsMigration","PER_GRD_NEW","Create","Create","PER_GRD_CREATE","1900/01/01","4712/12/31","","","Y","","","","","","","","","","","","","","","","","","","","","","","","","","","","","","","","","","","","","","","","","","","","","","","","","","","","","","","","","","","","","","","","","","","","","","","","","","","","","","","","","","","","","","","","","","","","","","","","","","","","","","","","","","","","","","","","","","","","","","","","","","","","","","","","","","","","#null"
"PER_GRD_RATE_DELETE","ActionsMigration","PER_GRD_RATE_DELETE","Delete","Delete","PER_GRD_RATE_DELETE","1900/01/01","4712/12/31","","","Y","","","","","","","","","","","","","","","","","","","","","","","","","","","","","","","","","","","","","","","","","","","","","","","","","","","","","","","","","","","","","","","","","","","","","","","","","","","","","","","","","","","","","","","","","","","","","","","","","","","","","","","","","","","","","","","","","","","","","","","","","","","","","","","","","","","","#null"
"PER_GRD_RATE_NEW","ActionsMigration","PER_GRD_RATE_NEW","Create","Create","PER_GRD_RATE_CREATE","1900/01/01","4712/12/31","","","Y","","","","","","","","","","","","","","","","","","","","","","","","","","","","","","","","","","","","","","","","","","","","","","","","","","","","","","","","","","","","","","","","","","","","","","","","","","","","","","","","","","","","","","","","","","","","","","","","","","","","","","","","","","","","","","","","","","","","","","","","","","","","","","","","","","","","#null"
"PER_GRD_RATE_UPD","ActionsMigration","PER_GRD_RATE_UPD","Update","Update","PER_GRD_RATE_UPDATE","1900/01/01","4712/12/31","","","Y","","","","","","","","","","","","","","","","","","","","","","","","","","","","","","","","","","","","","","","","","","","","","","","","","","","","","","","","","","","","","","","","","","","","","","","","","","","","","","","","","","","","","","","","","","","","","","","","","","","","","","","","","","","","","","","","","","","","","","","","","","","","","","","","","","","","#null"
"PER_GRD_UPD","ActionsMigration","PER_GRD_UPD","Update","Update","PER_GRD_UPDATE","1900/01/01","4712/12/31","","","Y","","","","","","","","","","","","","","","","","","","","","","","","","","","","","","","","","","","","","","","","","","","","","","","","","","","","","","","","","","","","","","","","","","","","","","","","","","","","","","","","","","","","","","","","","","","","","","","","","","","","","","","","","","","","","","","","","","","","","","","","","","","","","","","","","","","","#null"
"PER_JOB_FAMILY_DELETE","ActionsMigration","PER_JOB_FAMILY_DELETE","Delete","Delete","PER_JOB_FAMILY_DELETE","1900/01/01","4712/12/31","","","Y","","","","","","","","","","","","","","","","","","","","","","","","","","","","","","","","","","","","","","","","","","","","","","","","","","","","","","","","","","","","","","","","","","","","","","","","","","","","","","","","","","","","","","","","","","","","","","","","","","","","","","","","","","","","","","","","","","","","","","","","","","","","","","","","","","","","#null"
"PER_JOB_FAMILY_NEW","ActionsMigration","PER_JOB_FAMILY_NEW","Create","Create","PER_JOB_FAMILY_CREATE","1900/01/01","4712/12/31","","","Y","","","","","","","","","","","","","","","","","","","","","","","","","","","","","","","","","","","","","","","","","","","","","","","","","","","","","","","","","","","","","","","","","","","","","","","","","","","","","","","","","","","","","","","","","","","","","","","","","","","","","","","","","","","","","","","","","","","","","","","","","","","","","","","","","","","","#null"
"PER_JOB_FAMILY_UPD","ActionsMigration","PER_JOB_FAMILY_UPD","Update","Update","PER_JOB_FAMILY_UPDATE","1900/01/01","4712/12/31","","","Y","","","","","","","","","","","","","","","","","","","","","","","","","","","","","","","","","","","","","","","","","","","","","","","","","","","","","","","","","","","","","","","","","","","","","","","","","","","","","","","","","","","","","","","","","","","","","","","","","","","","","","","","","","","","","","","","","","","","","","","","","","","","","","","","","","","","#null"
"PER_JOB_NEW","ActionsMigration","PER_JOB_NEW","Create","Create","PER_JOB_CREATE","1900/01/01","4712/12/31","","","Y","","","","","","","","","","","","","","","","","","","","","","","","","","","","","","","","","","","","","","","","","","","","","","","","","","","","","","","","","","","","","","","","","","","","","","","","","","","","","","","","","","","","","","","","","","","","","","","","","","","","","","","","","","","","","","","","","","","","","","","","","","","","","","","","","","","","#null"
"PER_JOB_UPD","ActionsMigration","PER_JOB_UPD","Update","Update","PER_JOB_UPDATE","1900/01/01","4712/12/31","","","Y","","","","","","","","","","","","","","","","","","","","","","","","","","","","","","","","","","","","","","","","","","","","","","","","","","","","","","","","","","","","","","","","","","","","","","","","","","","","","","","","","","","","","","","","","","","","","","","","","","","","","","","","","","","","","","","","","","","","","","","","","","","","","","","","","","","","#null"
"PER_LOC_NEW","ActionsMigration","PER_LOC_NEW","Create","Create","PER_LOC_CREATE","1900/01/01","4712/12/31","","","Y","","","","","","","","","","","","","","","","","","","","","","","","","","","","","","","","","","","","","","","","","","","","","","","","","","","","","","","","","","","","","","","","","","","","","","","","","","","","","","","","","","","","","","","","","","","","","","","","","","","","","","","","","","","","","","","","","","","","","","","","","","","","","","","","","","","","#null"
"PER_LOC_UPD","ActionsMigration","PER_LOC_UPD","Update","Update","PER_LOC_UPDATE","1900/01/01","4712/12/31","","","Y","","","","","","","","","","","","","","","","","","","","","","","","","","","","","","","","","","","","","","","","","","","","","","","","","","","","","","","","","","","","","","","","","","","","","","","","","","","","","","","","","","","","","","","","","","","","","","","","","","","","","","","","","","","","","","","","","","","","","","","","","","","","","","","","","","","","#null"
"PER_ORG_NEW","ActionsMigration","PER_ORG_NEW","Create","Create","PER_ORG_CREATE","1900/01/01","4712/12/31","","","Y","","","","","","","","","","","","","","","","","","","","","","","","","","","","","","","","","","","","","","","","","","","","","","","","","","","","","","","","","","","","","","","","","","","","","","","","","","","","","","","","","","","","","","","","","","","","","","","","","","","","","","","","","","","","","","","","","","","","","","","","","","","","","","","","","","","","#null"
"PER_ORG_UPD","ActionsMigration","PER_ORG_UPD","Update","Update","PER_ORG_UPDATE","1900/01/01","4712/12/31","","","Y","","","","","","","","","","","","","","","","","","","","","","","","","","","","","","","","","","","","","","","","","","","","","","","","","","","","","","","","","","","","","","","","","","","","","","","","","","","","","","","","","","","","","","","","","","","","","","","","","","","","","","","","","","","","","","","","","","","","","","","","","","","","","","","","","","","","#null"
"PER_POS_DELETE","ActionsMigration","PER_POS_DELETE","Delete","Delete","PER_POS_DELETE","1900/01/01","4712/12/31","","","Y","","","","","","","","","","","","","","","","","","","","","","","","","","","","","","","","","","","","","","","","","","","","","","","","","","","","","","","","","","","","","","","","","","","","","","","","","","","","","","","","","","","","","","","","","","","","","","","","","","","","","","","","","","","","","","","","","","","","","","","","","","","","","","","","","","","","#null"
"PER_POS_NEW","ActionsMigration","PER_POS_NEW","Create","Create","PER_POS_CREATE","1900/01/01","4712/12/31","","","Y","","","","","","","","","","","","","","","","","","","","","","","","","","","","","","","","","","","","","","","","","","","","","","","","","","","","","","","","","","","","","","","","","","","","","","","","","","","","","","","","","","","","","","","","","","","","","","","","","","","","","","","","","","","","","","","","","","","","","","","","","","","","","","","","","","","","#null"
"PER_POS_UPD","ActionsMigration","PER_POS_UPD","Update","Update","PER_POS_UPDATE","1900/01/01","4712/12/31","","","Y","","","","","","","","","","","","","","","","","","","","","","","","","","","","","","","","","","","","","","","","","","","","","","","","","","","","","","","","","","","","","","","","","","","","","","","","","","","","","","","","","","","","","","","","","","","","","","","","","","","","","","","","","","","","","","","","","","","","","","","","","","","","","","","","","","","","#null"
"POSITION_CHANGE","ActionsMigration","POSITION_CHANGE","Position Change","Position Change","EMPL_CHANGE","1900/01/01","4712/12/31","","","","","","","","","","","","","","","","","","","","","","","","","","","","","","","","","","","","","","","","","","","","","","","","","","","","","","","","","","","","","","","","","","","","","","","","","","","","","","","","","","","","","","","","","","","","","","","","","","","","","","","","","","","","","","","","","","","","","","","","","","","","","","","","","","","","","","","#null"
"PRIMARY_WR_CHANGE","ActionsMigration","PRIMARY_WR_CHANGE","Primary Work Relationship Change","Primary Work Relationship Change","EMPL_PRIMARY_WR_CHANGE","1900/01/01","4712/12/31","","","Y","","","","","","","","","","","","","","","","","","","","","","","","","","","","","","","","","","","","","","","","","","","","","","","","","","","","","","","","","","","","","","","","","","","","","","","","","","","","","","","","","","","","","","","","","","","","","","","","","","","","","","","","","","","","","","","","","","","","","","","","","","","","","","","","","","","","#null"
"PROBATION","ActionsMigration","PROBATION","Start Probation Period","Start Probation Period","EMPL_START_PROBATION","1900/01/01","4712/12/31","","","","","","","","","","","","","","","","","","","","","","","","","","","","","","","","","","","","","","","","","","","","","","","","","","","","","","","","","","","","","","","","","","","","","","","","","","","","","","","","","","","","","","","","","","","","","","","","","","","","","","","","","","","","","","","","","","","","","","","","","","","","","","","","","","","","","","","#null"
"PROMOTION","ActionsMigration","PROMOTION","Promotion","Promotion","EMPL_PROMOTION","1900/01/01","4712/12/31","","","","","","","","","","","","","","","","","","","","","","","","","","","","","","","","","","","","","","","","","","","","","","","","","","","","","","","","","","","","","","","","","","","","","","","","","","","","","","","","","","","","","","","","","","","","","","","","","","","","","","","","","","","","","","","","","","","","","","","","","","","","","","","","","","","","","","","#null"
"REDUCTION_FORCE","ActionsMigration","REDUCTION_FORCE","Reduction in Force","Reduction in Force","EMPL_TERMINATE","1900/01/01","4712/12/31","","","","","","","","","","","","","","","","","","","","","","","","","","","","","","","","","","","","","","","","","","","","","","","","","","","","","","","","","","","","","","","","","","","","","","","","","","","","","","","","","","","IN_VOLUNTARY","","","","","","","","","","","","","","","","","","","","","","","","","","","","","","","","","","","","","","","","","","","","","","","","","","","","#null"
"REHIRE","ActionsMigration","REHIRE","Rehire an Employee","Rehire an Employee","EMPL_REHIRE","1900/01/01","4712/12/31","","","","","","","","","","","","","","","","","","","","","","","","","","","","","","","","","","","","","","","","","","","","","","","","","","","","","","","","","","","","","","","","","","","","","","","","","","","","","","","","","","","","","","","","","","","","","","","","","","","","","","","","","","","","","","","","","","","","","","","","","","","","","","","","","","","","","","","#null"
"REN_CWK","ActionsMigration","REN_CWK","Renew Placement","Renew Placement","EMPL_RENEW_CWK","1900/01/01","4712/12/31","","","","","","","","","","","","","","","","","","","","","","","","","","","","","","","","","","","","","","","","","","","","","","","","","","","","","","","","","","","","","","","","","","","","","","","","","","","","","","","","","","","","","","","","","","","","","","","","","","","","","","","","","","","","","","","","","","","","","","","","","","","","","","","","","","","","","","","#null"
"RESIGNATION","ActionsMigration","RESIGNATION","Resignation","Resignation","EMPL_TERMINATE","1900/01/01","4712/12/31","","","","","","","","","","","","","","","","","","","","","","","","","","","","","","","","","","","","","","","","","","","","","","","","","","","","","","","","","","","","","","","","","","","","","","","","","","","","","","","","","","","VOLUNTARY","","","","","","","","","","","","","","","","","","","","","","","","","","","","","","","","","","","","","","","","","","","","","","","","","","","","#null"
"RETIREMENT","ActionsMigration","RETIREMENT","Retirement","Retirement","EMPL_TERMINATE","1900/01/01","4712/12/31","","","","","","","","","","","","","","","","","","","","","","","","","","","","","","","","","","","","","","","","","","","","","","","","","","","","","","","","","","","","","","","","","","","","","","","","","","","","","","","","","","","VOLUNTARY","","","","","","","","","","","","","","","","","","","","","","","","","","","","","","","","","","","","","","","","","","","","","","","","","","","","#null"
"SUSP_ASSIGN","ActionsMigration","SUSP_ASSIGN","Suspend Assignment","Suspend Assignment","EMPL_SUSPEND_ASGN","1900/01/01","4712/12/31","","","","","","","","","","","","","","","","","","","","","","","","","","","","","","","","","","","","","","","","","","","","","","","","","","","","","","","","","","","","","","","","","","","","","","","","","","","","","","","","","","","","","","","","","","","","","","","","","","","","","","","","","","","","","","","","","","","","","","","","","","","","","","","","","","","","","","","#null"
"SUSP_EMP_TERMS","ActionsMigration","SUSP_EMP_TERMS","Suspend Employment Terms","Suspend Employment Terms","EMPL_SUSPEND_EMP_TERMS","1900/01/01","4712/12/31","","","","","","","","","","","","","","","","","","","","","","","","","","","","","","","","","","","","","","","","","","","","","","","","","","","","","","","","","","","","","","","","","","","","","","","","","","","","","","","","","","","","","","","","","","","","","","","","","","","","","","","","","","","","","","","","","","","","","","","","","","","","","","","","","","","","","","","#null"
"TEMP_ASG","ActionsMigration","TEMP_ASG","Temporary Assignment","Temporary Assignment","EMPL_TEMP_ASG","1900/01/01","4712/12/31","","","","","","","","","","","","","","","","","","","","","","","","","","","","","","","","","","","","","","","","","","","","","","","","","","","","","","","","","","","","","","","","","","","","","","","","","","","","","","","","","","","","","","","","","","","","","","","","","","","","","","","","","","","","","","","","","","","","","","","","","","","","","","","","","","","","","","","#null"
"TERMINATE_PLACEMENT","ActionsMigration","TERMINATE_PLACEMENT","Terminate Placement","Terminate Placement","EMPL_TERMINATE","1900/01/01","4712/12/31","","","","","","","","","","","","","","","","","","","","","","","","","","","","","","","","","","","","","","","","","","","","","","","","","","","","","","","","","","","","","","","","","","","","","","","","","","","","","","","","","","","VOLUNTARY","","","","","","","","","","","","","","","","","","","","","","","","","","","","","","","","","","","","","","","","","","","","","","","","","","","","#null"
"TERMINATION","ActionsMigration","TERMINATION","Termination","Termination","EMPL_TERMINATE","1900/01/01","4712/12/31","","","","","","","","","","","","","","","","","","","","","","","","","","","","","","","","","","","","","","","","","","","","","","","","","","","","","","","","","","","","","","","","","","","","","","","","","","","","","","","","","","","VOLUNTARY","","","","","","","","","","","","","","","","","","","","","","","","","","","","","","","","","","","","","","","","","","","","","","","","","","","","#null"
"TRANSFER","ActionsMigration","TRANSFER","Transfer","Transfer","EMPL_TRANSFER","1900/01/01","4712/12/31","","","","","","","","","","","","","","","","","","","","","","","","","","","","","","","","","","","","","","","","","","","","","","","","","","","","","","","","","","","","","","","","","","","","","","","","","","","","","","","","","","","","","","","","","","","","","","","","","","","","","","","","","","","","","","","","","","","","","","","","","","","","","","","","","","","","","","","#null"
"WORK_HOURS_CHANGE","ActionsMigration","WORK_HOURS_CHANGE","Working Hours Change","Working Hours Change","EMPL_CHG_WORK_HOURS","1900/01/01","4712/12/31","","","","","","","","","","","","","","","","","","","","","","","","","","","","","","","","","","","","","","","","","","","","","","","","","","","","","","","","","","","","","","","","","","","","","","","","","","","","","","","","","","","","","","","","","","","","","","","","","","","","","","","","","","","","","","","","","","","","","","","","","","","","","","","","","","","","","","","#null"
"ALLOCATE_GRP_CMP","ActionsMigration","ALLOCATE_GRP_CMP","Allocate Workforce Compensation","Allocate Workforce Compensation","CMP_GROUP_COMPENSATION","1900/01/01","4712/12/31","","","","","","","","","","","","","","","","","","","","","","","","","","","","","","","","","","","","","","","","","","","","","","","","","","","","","","","","","","","","","","","","","","","","","","","","","","","","","","","","","","","","","","","","","","","","","","","","","","","","","","","","","","","","","","","","","","","","","","","","","","","","","","","","","","","","","","","#null"
"CHANGE_SALARY","ActionsMigration","CHANGE_SALARY","Change Salary","Change Salary","CMP_CHANGE_SALARY","1900/01/01","4712/12/31","","","","","","","","","","","","","","","","","","","","","","","","","","","","","","","","","","","","","","","","","","","","","","","","","","","","","","","","","","","","","","","","","","","","","","","","","","","","","","","","","","","","","","","","","","","","","","","","","","","","","","","","","","","","","","","","","","","","","","","","","","","","","","","","","","","","","","","#null"
"MNG_CONTRIB","ActionsMigration","MNG_CONTRIB","Manage Contributions","Manage Contributions","CMP_MANAGE_CONTRIBUTIONS","1900/01/01","4712/12/31","","","","","","","","","","","","","","","","","","","","","","","","","","","","","","","","","","","","","","","","","","","","","","","","","","","","","","","","","","","","","","","","","","","","","","","","","","","","","","","","","","","","","","","","","","","","","","","","","","","","","","","","","","","","","","","","","","","","","","","","","","","","","","","","","","","","","","","#null"
"MNG_INDIV_CMP","ActionsMigration","MNG_INDIV_CMP","Manage Individual Compensation","Manage Individual Compensation","CMP_INDIVIDUAL_COMPENSATION","1900/01/01","4712/12/31","","","","","","","","","","","","","","","","","","","","","","","","","","","","","","","","","","","","","","","","","","","","","","","","","","","","","","","","","","","","","","","","","","","","","","","","","","","","","","","","","","","","","","","","","","","","","","","","","","","","","","","","","","","","","","","","","","","","","","","","","","","","","","","","","","","","","","","#null"
"ORA_POS_SYNC","ActionsMigration","ORA_POS_SYNC","Synchronization From Position","Synchronization From Position","EMPL_POS_SYNC","0001/01/01","4712/12/31","","","Y","","","","","","","","","","","","","","","","","","","","","","","","","","","","","","","","","","","","","","","","","","","","","","","","","","","","","","","","","","","","","","","","","","","","","","","","","","","","","","","","","","","","","","","","","","","","","","","","","","","","","","","","","","","","","","","","","","","","","","","","","","","","","","","","","","","","#null"
"ORA_SYNC_CONFIG_CHANGE","ActionsMigration","ORA_SYNC_CONFIG_CHANGE","Position Synchronization Configuration Change","Position Synchronization Configuration Change","EMPL_POS_SYNC","0001/01/01","4712/12/31","","","Y","","","","","","","","","","","","","","","","","","","","","","","","","","","","","","","","","","","","","","","","","","","","","","","","","","","","","","","","","","","","","","","","","","","","","","","","","","","","","","","","","","","","","","","","","","","","","","","","","","","","","","","","","","","","","","","","","","","","","","","","","","","","","","","","","","","","#null"
"ORA_SYNC_POS_TREE","ActionsMigration","ORA_SYNC_POS_TREE","Synchronization from Position Tree","Synchronization from Position Tree","EMPL_POS_SYNC","0001/01/01","4712/12/31","","","Y","","","","","","","","","","","","","","","","","","","","","","","","","","","","","","","","","","","","","","","","","","","","","","","","","","","","","","","","","","","","","","","","","","","","","","","","","","","","","","","","","","","","","","","","","","","","","","","","","","","","","","","","","","","","","","","","","","","","","","","","","","","","","","","","","","","","#null"
"CMP_GRADE_STEP_PROGRESSION","ActionsMigration","CMP_GRADE_STEP_PROGRESSION","Automated Grade Step Progression","Automated Grade Step Progression","CMP_GRADE_STEP_PROGRESSION","2000/01/01","4712/12/31","","","","","","","","","","","","","","","","","","","","","","","","","","","","","","","","","","","","","","","","","","","","","","","","","","","","","","","","","","","","","","","","","","","","","","","","","","","","","","","","","","","","","","","","","","","","","","","","","","","","","","","","","","","","","","","","","","","","","","","","","","","","","","","","","","","","","","","#null"
"CMP_GSP_RATE_SYNCHRONIZATION","ActionsMigration","CMP_GSP_RATE_SYNCHRONIZATION","Grade Step Rate Synchronization","Grade Step Rate Synchronization","CMP_GRADE_STEP_PROGRESSION","2000/01/01","4712/12/31","","","","","","","","","","","","","","","","","","","","","","","","","","","","","","","","","","","","","","","","","","","","","","","","","","","","","","","","","","","","","","","","","","","","","","","","","","","","","","","","","","","","","","","","","","","","","","","","","","","","","","","","","","","","","","","","","","","","","","","","","","","","","","","","","","","","","","","#null"
"CMP_GSP_UPD_SAL_ON_ASG_CHG","ActionsMigration","CMP_GSP_UPD_SAL_ON_ASG_CHG","Grade Step Change","Grade Step Change","CMP_GRADE_STEP_PROGRESSION","2000/01/01","4712/12/31","","","","","","","","","","","","","","","","","","","","","","","","","","","","","","","","","","","","","","","","","","","","","","","","","","","","","","","","","","","","","","","","","","","","","","","","","","","","","","","","","","","","","","","","","","","","","","","","","","","","","","","","","","","","","","","","","","","","","","","","","","","","","","","","","","","","","","","#null"
"CMP_RECALCULATE_RATES","ActionsMigration","CMP_RECALCULATE_RATES","Recalculate Rates","Recalculate Rates","CMP_RATE_RECALCULATION","0001/01/01","4712/12/31","","","","","","","","","","","","","","","","","","","","","","","","","","","","","","","","","","","","","","","","","","","","","","","","","","","","","","","","","","","","","","","","","","","","","","","","","","","","","","","","","","","","","","","","","","","","","","","","","","","","","","","","","","","","","","","","","","","","","","","","","","","","","","","","","","","","","","","#null"
"EMPL_CANCEL_WR","ActionsMigration","EMPL_CANCEL_WR","Cancel Work Relationship","Cancel Work Relationship","ORA_EMPL_CANCEL_WR","2001/01/01","4712/12/31","","","Y","","","","","","","","","","","","","","","","","","","","","","","","","","","","","","","","","","","","","","","","","","","","","","","","","","","","","","","","","","","","","","","","","","","","","","","","","","","","","","","","","","","","","","","","","","","","","","","","","","","","","","","","","","","","","","","","","","","","","","","","","","","","","","","","","","","","#null"
"EMPL_DELETE_CHANGE","ActionsMigration","EMPL_DELETE_CHANGE","Delete Date Effective Change","Delete Date Effective Change","ORA_EMPL_DELETE_CHANGE","2001/01/01","4712/12/31","","","Y","","","","","","","","","","","","","","","","","","","","","","","","","","","","","","","","","","","","","","","","","","","","","","","","","","","","","","","","","","","","","","","","","","","","","","","","","","","","","","","","","","","","","","","","","","","","","","","","","","","","","","","","","","","","","","","","","","","","","","","","","","","","","","","","","","","","#null"
"EMPL_OFFER_CHANGE","ActionsMigration","EMPL_OFFER_CHANGE","Change Offer","Change Offer","ORA_EMPL_OFFER_CHANGE","2001/01/01","4712/12/31","","","Y","","","","","","","","","","","","","","","","","","","","","","","","","","","","","","","","","","","","","","","","","","","","","","","","","","","","","","","","","","","","","","","","","","","","","","","","","","","","","","","","","","","","","","","","","","","","","","","","","","","","","","","","","","","","","","","","","","","","","","","","","","","","","","","","","","","","#null"
"EMPL_OFFER_CREATE","ActionsMigration","EMPL_OFFER_CREATE","Create Offer","Create Offer","ORA_EMPL_OFFER_CREATE","2001/01/01","4712/12/31","","","Y","","","","","","","","","","","","","","","","","","","","","","","","","","","","","","","","","","","","","","","","","","","","","","","","","","","","","","","","","","","","","","","","","","","","","","","","","","","","","","","","","","","","","","","","","","","","","","","","","","","","","","","","","","","","","","","","","","","","","","","","","","","","","","","","","","","","#null"
"ORA_EMPL_CHG_HIRE_DATE","ActionsMigration","ORA_EMPL_CHG_HIRE_DATE","Changes Hire Date","Change Hire Date","ORA_EMPL_CHG_HIRE_DATE","1900/01/01","4712/12/31","","","Y","","","","","","","","","","","","","","","","","","","","","","","","","","","","","","","","","","","","","","","","","","","","","","","","","","","","","","","","","","","","","","","","","","","","","","","","","","","","","","","","","","","","","","","","","","","","","","","","","","","","","","","","","","","","","","","","","","","","","","","","","","","","","","","","","","","","#null"
"ORA_EMPL_REV_TERMINATION","ActionsMigration","ORA_EMPL_REV_TERMINATION","Reverse Termination","Reverse Termination","ORA_EMPL_REV_TERMINATION","1900/01/01","4712/12/31","","","Y","","","","","","","","","","","","","","","","","","","","","","","","","","","","","","","","","","","","","","","","","","","","","","","","","","","","","","","","","","","","","","","","","","","","","","","","","","","","","","","","VOLUNTARY","","","","","","","","","","","","","","","","","","","","","","","","","","","","","","","","","","","","","","","","","","","","","","","","","","","","#null"
"ORA_ADD_PWK_WORK_RELATION","ActionsMigration","ORA_ADD_PWK_WORK_RELATION","Add Pending Work Relationship","Add Pending Work Relationship","ORA_EMPL_WR_PWK","1900/01/01","4712/12/31","","","","","","","","","","","","","","","","","","","","","","","","","","","","","","","","","","","","","","","","","","","","","","","","","","","","","","","","","","","","","","","","","","","","","","","","","","","","","","","","","","","","","","","","","","","","","","","","","","","","","","","","","","","","","","","","","","","","","","","","","","","","","","","","","","","","","","","#null"
"ORA_IRC_ACCEPT_JOB_OFFER","ActionsMigration","ORA_IRC_ACCEPT_JOB_OFFER","Move to HR","Accept Job Offer","EMPL_IRC_ACCEPT_JOB_OFFER","1900/01/01","4712/12/31","","","","","","","","","","","","","","","","","","","","","","","","","","","","","","","","","","","","","","","","","","","","","","","","","","","","","","","","","","","","","","","","","","","","","","","","","","","","","","","","","","","","","","","","","","","","","","","","","","","","","","","","","","","","","","","","","","","","","","","","","","","","","","","","","","","","","","","#null"
"ADM_INDIV_CMP","ActionsMigration","ADM_INDIV_CMP","Administer Individual Compensation","Administer Individual Compensation","CMP_ADMIN_INDIV_COMPENSATION","1900/01/01","4712/12/31","","","","","","","","","","","","","","","","","","","","","","","","","","","","","","","","","","","","","","","","","","","","","","","","","","","","","","","","","","","","","","","","","","","","","","","","","","","","","","","","","","","","","","","","","","","","","","","","","","","","","","","","","","","","","","","","","","","","","","","","","","","","","","","","","","","","","","","#null"
