"ActionReasonCode","StartDate","EndDate","ViewInstanceName","GroupingKey","ActionReason","Description","RsnAttribute1","RsnAttribute10","RsnAttribute11","RsnAttribute12","RsnAttribute13","RsnAttribute14","RsnAttribute15","RsnAttribute16","RsnAttribute17","RsnAttribute18","RsnAttribute19","RsnAttribute2","RsnAttribute20","RsnAttribute21","RsnAttribute22","RsnAttribute23","RsnAttribute24","RsnAttribute25","RsnAttribute26","RsnAttribute27","RsnAttribute28","RsnAttribute29","RsnAttribute3","RsnAttribute30","RsnAttribute4","RsnAttribute5","RsnAttribute6","RsnAttribute7","RsnAttribute8","RsnAttribute9","RsnAttributeCategory","RsnAttributeDate1","RsnAttributeDate10","RsnAttributeDate11","RsnAttributeDate12","RsnAttributeDate13","RsnAttributeDate14","RsnAttributeDate15","RsnAttributeDate2","RsnAttributeDate3","RsnAttributeDate4","RsnAttributeDate5","RsnAttributeDate6","RsnAttributeDate7","RsnAttributeDate8","RsnAttributeDate9","RsnAttributeNumber1","RsnAttributeNumber10","RsnAttributeNumber11","RsnAttributeNumber12","RsnAttributeNumber13","RsnAttributeNumber14","RsnAttributeNumber15","RsnAttributeNumber16","RsnAttributeNumber17","RsnAttributeNumber18","RsnAttributeNumber19","RsnAttributeNumber2","RsnAttributeNumber20","RsnAttributeNumber3","RsnAttributeNumber4","RsnAttributeNumber5","RsnAttributeNumber6","RsnAttributeNumber7","RsnAttributeNumber8","RsnAttributeNumber9","ActionReasonId"
"DISMISS_WITHOUT_COMP","0001/01/01","4712/12/31","ActionReasonsMigration","DISMISS_WITHOUT_COMP","Dismissal without compensation","","","","","","","","","","","","","","","","","","","","","","","","","","","","","","","","","","","","","","","","","","","","","","","","","","","","","","","","","","","","","","","","","","","",""
"DISMISS_WITH_COMP","0001/01/01","4712/12/31","ActionReasonsMigration","DISMISS_WITH_COMP","Dismissal with compensation","","","","","","","","","","","","","","","","","","","","","","","","","","","","","","","","","","","","","","","","","","","","","","","","","","","","","","","","","","","","","","","","","","","",""
"RETIRE_ACTUARY_REDUCED","0001/01/01","4712/12/31","ActionReasonsMigration","RETIRE_ACTUARY_REDUCED","Actuarially reduced retirement","","","","","","","","","","","","","","","","","","","","","","","","","","","","","","","","","","","","","","","","","","","","","","","","","","","","","","","","","","","","","","","","","","","",""
"RETIRE_EARLY_APPROVED","0001/01/01","4712/12/31","ActionReasonsMigration","RETIRE_EARLY_APPROVED","Approved early retirement","","","","","","","","","","","","","","","","","","","","","","","","","","","","","","","","","","","","","","","","","","","","","","","","","","","","","","","","","","","","","","","","","","","",""
"RETIRE_ILL_HEALTH","0001/01/01","4712/12/31","ActionReasonsMigration","RETIRE_ILL_HEALTH","Retirement on grounds of ill health","","","","","","","","","","","","","","","","","","","","","","","","","","","","","","","","","","","","","","","","","","","","","","","","","","","","","","","","","","","","","","","","","","","",""
"RETIRE_PREM_INEFFICIENCY","0001/01/01","4712/12/31","ActionReasonsMigration","RETIRE_PREM_INEFFICIENCY","Premature retirement for inefficiency","","","","","","","","","","","","","","","","","","","","","","","","","","","","","","","","","","","","","","","","","","","","","","","","","","","","","","","","","","","","","","","","","","","",""
"RETIRE_WITH_PENSION","0001/01/01","4712/12/31","ActionReasonsMigration","RETIRE_WITH_PENSION","Retirement with pension","","","","","","","","","","","","","","","","","","","","","","","","","","","","","","","","","","","","","","","","","","","","","","","","","","","","","","","","","","","","","","","","","","","",""
"TRANSFER_OTHER_GOV_DEPT","0001/01/01","4712/12/31","ActionReasonsMigration","TRANSFER_OTHER_GOV_DEPT","Transfer to other government department","","","","","","","","","","","","","","","","","","","","","","","","","","","","","","","","","","","","","","","","","","","","","","","","","","","","","","","","","","","","","","","","","","","",""
"ACCIDENT","1900/01/01","4712/12/31","ActionReasonsMigration","ACCIDENT","Accident","","","","","","","","","","","","","","","","","","","","","","","","","","","","","","","","","","","","","","","","","","","","","","","","","","","","","","","","","","","","","","","","","","","",""
"CAREERPRO","1900/01/01","4712/12/31","ActionReasonsMigration","CAREERPRO","Career Progression","","","","","","","","","","","","","","","","","","","","","","","","","","","","","","","","","","","","","","","","","","","","","","","","","","","","","","","","","","","","","","","","","","","",""
"CRG","1900/01/01","4712/12/31","ActionReasonsMigration","CRG","Career Growth","","","","","","","","","","","","","","","","","","","","","","","","","","","","","","","","","","","","","","","","","","","","","","","","","","","","","","","","","","","","","","","","","","","",""
"DEPARTMENT CHANGE","1900/01/01","4712/12/31","ActionReasonsMigration","DEPARTMENT CHANGE","Department Change","","","","","","","","","","","","","","","","","","","","","","","","","","","","","","","","","","","","","","","","","","","","","","","","","","","","","","","","","","","","","","","","","","","",""
"DISCIPLINARY","1900/01/01","4712/12/31","ActionReasonsMigration","DISCIPLINARY","Disciplinary","","","","","","","","","","","","","","","","","","","","","","","","","","","","","","","","","","","","","","","","","","","","","","","","","","","","","","","","","","","","","","","","","","","",""
"DISMISSAL","1900/01/01","4712/12/31","ActionReasonsMigration","DISMISSAL","Dismissal","","","","","","","","","","","","","","","","","","","","","","","","","","","","","","","","","","","","","","","","","","","","","","","","","","","","","","","","","","","","","","","","","","","",""
"ENDPROB","1900/01/01","4712/12/31","ActionReasonsMigration","ENDPROB","End Probation","","","","","","","","","","","","","","","","","","","","","","","","","","","","","","","","","","","","","","","","","","","","","","","","","","","","","","","","","","","","","","","","","","","",""
"EOA","1900/01/01","4712/12/31","ActionReasonsMigration","EOA","End of Assignment","","","","","","","","","","","","","","","","","","","","","","","","","","","","","","","","","","","","","","","","","","","","","","","","","","","","","","","","","","","","","","","","","","","",""
"FAMILYMATTERS","1900/01/01","4712/12/31","ActionReasonsMigration","FAMILYMATTERS","Family Matters","","","","","","","","","","","","","","","","","","","","","","","","","","","","","","","","","","","","","","","","","","","","","","","","","","","","","","","","","","","","","","","","","","","",""
"HEALTH","1900/01/01","4712/12/31","ActionReasonsMigration","HEALTH","Health Reasons","","","","","","","","","","","","","","","","","","","","","","","","","","","","","","","","","","","","","","","","","","","","","","","","","","","","","","","","","","","","","","","","","","","",""
"HIRE_WORK_RELATION","1900/01/01","4712/12/31","ActionReasonsMigration","HIRE_WORK_RELATION","Additional work relationship for Employee","","","","","","","","","","","","","","","","","","","","","","","","","","","","","","","","","","","","","","","","","","","","","","","","","","","","","","","","","","","","","","","","","","","",""
"INTERNREC","1900/01/01","4712/12/31","ActionReasonsMigration","INTERNREC","Internal Recruitment","","","","","","","","","","","","","","","","","","","","","","","","","","","","","","","","","","","","","","","","","","","","","","","","","","","","","","","","","","","","","","","","","","","",""
"LOCCHANGE","1900/01/01","4712/12/31","ActionReasonsMigration","LOCCHANGE","Location Change","","","","","","","","","","","","","","","","","","","","","","","","","","","","","","","","","","","","","","","","","","","","","","","","","","","","","","","","","","","","","","","","","","","",""
"MERGER","1900/01/01","4712/12/31","ActionReasonsMigration","MERGER","Merger","","","","","","","","","","","","","","","","","","","","","","","","","","","","","","","","","","","","","","","","","","","","","","","","","","","","","","","","","","","","","","","","","","","",""
"MGRREQ","1900/01/01","4712/12/31","ActionReasonsMigration","MGRREQ","Manager Request","","","","","","","","","","","","","","","","","","","","","","","","","","","","","","","","","","","","","","","","","","","","","","","","","","","","","","","","","","","","","","","","","","","",""
"NEWHIRE","1900/01/01","4712/12/31","ActionReasonsMigration","NEWHIRE","Hire to fill vacant position","","","","","","","","","","","","","","","","","","","","","","","","","","","","","","","","","","","","","","","","","","","","","","","","","","","","","","","","","","","","","","","","","","","",""
"NON_WKR","1900/01/01","4712/12/31","ActionReasonsMigration","NON_WKR","Creation of Non-Worker","","","","","","","","","","","","","","","","","","","","","","","","","","","","","","","","","","","","","","","","","","","","","","","","","","","","","","","","","","","","","","","","","","","",""
"NON_WKR_WORK_RELATION","1900/01/01","4712/12/31","ActionReasonsMigration","NON_WKR_WORK_RELATION","Additional work relationship for Non-Worker","","","","","","","","","","","","","","","","","","","","","","","","","","","","","","","","","","","","","","","","","","","","","","","","","","","","","","","","","","","","","","","","","","","",""
"ORGANIZATIONAL","1900/01/01","4712/12/31","ActionReasonsMigration","ORGANIZATIONAL","Organizational","","","","","","","","","","","","","","","","","","","","","","","","","","","","","","","","","","","","","","","","","","","","","","","","","","","","","","","","","","","","","","","","","","","",""
"OSP","1900/01/01","4712/12/31","ActionReasonsMigration","OSP","Outstanding Performance","","","","","","","","","","","","","","","","","","","","","","","","","","","","","","","","","","","","","","","","","","","","","","","","","","","","","","","","","","","","","","","","","","","",""
"PAYPACKAGE","1900/01/01","4712/12/31","ActionReasonsMigration","PAYPACKAGE","Pay Package","","","","","","","","","","","","","","","","","","","","","","","","","","","","","","","","","","","","","","","","","","","","","","","","","","","","","","","","","","","","","","","","","","","",""
"PENDWKR","1900/01/01","4712/12/31","ActionReasonsMigration","PENDWKR","Future hire to fill vacant position","","","","","","","","","","","","","","","","","","","","","","","","","","","","","","","","","","","","","","","","","","","","","","","","","","","","","","","","","","","","","","","","","","","",""
"PERSONAL","1900/01/01","4712/12/31","ActionReasonsMigration","PERSONAL","Personal Reasons","","","","","","","","","","","","","","","","","","","","","","","","","","","","","","","","","","","","","","","","","","","","","","","","","","","","","","","","","","","","","","","","","","","",""
"PER_COST_OF_LIVING","1900/01/01","4712/12/31","ActionReasonsMigration","PER_COST_OF_LIVING","Cost-of-Living Index Change","","","","","","","","","","","","","","","","","","","","","","","","","","","","","","","","","","","","","","","","","","","","","","","","","","","","","","","","","","","","","","","","","","","",""
"PER_DATA_CORRECTION","0001/01/01","4712/12/31","ActionReasonsMigration","PER_DATA_CORRECTION","Data Correction","","","","","","","","","","","","","","","","","","","","","","","","","","","","","","","","","","","","","","","","","","","","","","","","","","","","","","","","","","","","","","","","","","","",""
"PER_MARKET_ADJUSTMENT","0001/01/01","4712/12/31","ActionReasonsMigration","PER_MARKET_ADJUSTMENT","Market Adjustment","","","","","","","","","","","","","","","","","","","","","","","","","","","","","","","","","","","","","","","","","","","","","","","","","","","","","","","","","","","","","","","","","","","",""
"PER_PROMOTION","1900/01/01","4712/12/31","ActionReasonsMigration","PER_PROMOTION","Promotion","","","","","","","","","","","","","","","","","","","","","","","","","","","","","","","","","","","","","","","","","","","","","","","","","","","","","","","","","","","","","","","","","","","",""
"PER_RAISE","1900/01/01","4712/12/31","ActionReasonsMigration","PER_RAISE","Pay Raise","","","","","","","","","","","","","","","","","","","","","","","","","","","","","","","","","","","","","","","","","","","","","","","","","","","","","","","","","","","","","","","","","","","",""
"PER_RELOCATION","1900/01/01","4712/12/31","ActionReasonsMigration","PER_RELOCATION","Relocation","","","","","","","","","","","","","","","","","","","","","","","","","","","","","","","","","","","","","","","","","","","","","","","","","","","","","","","","","","","","","","","","","","","",""
"PER_REORGANIZATION","0001/01/01","4712/12/31","ActionReasonsMigration","PER_REORGANIZATION","Reorganization","","","","","","","","","","","","","","","","","","","","","","","","","","","","","","","","","","","","","","","","","","","","","","","","","","","","","","","","","","","","","","","","","","","",""
"PER_SEASONAL_CLOSURE","0001/01/01","4712/12/31","ActionReasonsMigration","PER_SEASONAL_CLOSURE","Seasonal Closure","","","","","","","","","","","","","","","","","","","","","","","","","","","","","","","","","","","","","","","","","","","","","","","","","","","","","","","","","","","","","","","","","","","",""
"PER_ZIPCHANGE","0001/01/01","4712/12/31","ActionReasonsMigration","PER_ZIPCHANGE","Postal Zone","","","","","","","","","","","","","","","","","","","","","","","","","","","","","","","","","","","","","","","","","","","","","","","","","","","","","","","","","","","","","","","","","","","",""
"PLACE","1900/01/01","4712/12/31","ActionReasonsMigration","PLACE","Placement to fill vacant position","","","","","","","","","","","","","","","","","","","","","","","","","","","","","","","","","","","","","","","","","","","","","","","","","","","","","","","","","","","","","","","","","","","",""
"PLACE_WORK_RELATION","1900/01/01","4712/12/31","ActionReasonsMigration","PLACE_WORK_RELATION","Additional work relationship for Contingent Worker","","","","","","","","","","","","","","","","","","","","","","","","","","","","","","","","","","","","","","","","","","","","","","","","","","","","","","","","","","","","","","","","","","","",""
"PLANEND","1900/01/01","4712/12/31","ActionReasonsMigration","PLANEND","Planned End","","","","","","","","","","","","","","","","","","","","","","","","","","","","","","","","","","","","","","","","","","","","","","","","","","","","","","","","","","","","","","","","","","","",""
"PROBATION","1900/01/01","4712/12/31","ActionReasonsMigration","PROBATION","Probation","","","","","","","","","","","","","","","","","","","","","","","","","","","","","","","","","","","","","","","","","","","","","","","","","","","","","","","","","","","","","","","","","","","",""
"REHIRE_WKR","1900/01/01","4712/12/31","ActionReasonsMigration","REHIRE_WKR","Rehire to fill vacant position","","","","","","","","","","","","","","","","","","","","","","","","","","","","","","","","","","","","","","","","","","","","","","","","","","","","","","","","","","","","","","","","","","","",""
"RELOCATION","1900/01/01","4712/12/31","ActionReasonsMigration","RELOCATION","Relocation","","","","","","","","","","","","","","","","","","","","","","","","","","","","","","","","","","","","","","","","","","","","","","","","","","","","","","","","","","","","","","","","","","","",""
"RENEW_CWK","1900/01/01","4712/12/31","ActionReasonsMigration","RENEW_CWK","Renew of Contingent Worker placement","","","","","","","","","","","","","","","","","","","","","","","","","","","","","","","","","","","","","","","","","","","","","","","","","","","","","","","","","","","","","","","","","","","",""
"REORG","1900/01/01","4712/12/31","ActionReasonsMigration","REORG","Reorganization","","","","","","","","","","","","","","","","","","","","","","","","","","","","","","","","","","","","","","","","","","","","","","","","","","","","","","","","","","","","","","","","","","","",""
"RESIGN_PERSONAL","1900/01/01","4712/12/31","ActionReasonsMigration","RESIGN_PERSONAL","Personal Reasons","","","","","","","","","","","","","","","","","","","","","","","","","","","","","","","","","","","","","","","","","","","","","","","","","","","","","","","","","","","","","","","","","","","",""
"RETIREMENT","1900/01/01","4712/12/31","ActionReasonsMigration","RETIREMENT","Retirement Age","","","","","","","","","","","","","","","","","","","","","","","","","","","","","","","","","","","","","","","","","","","","","","","","","","","","","","","","","","","","","","","","","","","",""
"SEN","1900/01/01","4712/12/31","ActionReasonsMigration","SEN","Seniority","","","","","","","","","","","","","","","","","","","","","","","","","","","","","","","","","","","","","","","","","","","","","","","","","","","","","","","","","","","","","","","","","","","",""
"SOCIALSERVICE","1900/01/01","4712/12/31","ActionReasonsMigration","SOCIALSERVICE","Social Service","","","","","","","","","","","","","","","","","","","","","","","","","","","","","","","","","","","","","","","","","","","","","","","","","","","","","","","","","","","","","","","","","","","",""
"STAFFSHRT","1900/01/01","4712/12/31","ActionReasonsMigration","STAFFSHRT","Staffing Shortage","","","","","","","","","","","","","","","","","","","","","","","","","","","","","","","","","","","","","","","","","","","","","","","","","","","","","","","","","","","","","","","","","","","",""
"TRANSFER","1900/01/01","4712/12/31","ActionReasonsMigration","TRANSFER","Transfer to new location","","","","","","","","","","","","","","","","","","","","","","","","","","","","","","","","","","","","","","","","","","","","","","","","","","","","","","","","","","","","","","","","","","","",""
"TRANSFER DEPARTMENT","1900/01/01","4712/12/31","ActionReasonsMigration","TRANSFER DEPARTMENT","Transfer department","","","","","","","","","","","","","","","","","","","","","","","","","","","","","","","","","","","","","","","","","","","","","","","","","","","","","","","","","","","","","","","","","","","",""
"WEX","1900/01/01","4712/12/31","ActionReasonsMigration","WEX","Work Experience","","","","","","","","","","","","","","","","","","","","","","","","","","","","","","","","","","","","","","","","","","","","","","","","","","","","","","","","","","","","","","","","","","","",""
"WORKCONDITIONS","1900/01/01","4712/12/31","ActionReasonsMigration","WORKCONDITIONS","Work Conditions","","","","","","","","","","","","","","","","","","","","","","","","","","","","","","","","","","","","","","","","","","","","","","","","","","","","","","","","","","","","","","","","","","","",""
"WORKERREQ","1900/01/01","4712/12/31","ActionReasonsMigration","WORKERREQ","Worker Request","","","","","","","","","","","","","","","","","","","","","","","","","","","","","","","","","","","","","","","","","","","","","","","","","","","","","","","","","","","","","","","","","","","",""
"WORK_RELATED","1900/01/01","4712/12/31","ActionReasonsMigration","WORK_RELATED","Work Incident or Work Related Illness","","","","","","","","","","","","","","","","","","","","","","","","","","","","","","","","","","","","","","","","","","","","","","","","","","","","","","","","","","","","","","","","","","","",""
"CDD","1900/01/01","4712/12/31","ActionReasonsMigration","CDD","Fixed-term - CDD","","","","","","","","","","","","","","","","","","","","","","","","","","","","","","","","","","","","","","","","","","","","","","","","","","","","","","","","","","","","","","","","","","","",""
"CDD_ADDTL_WORK","1900/01/01","4712/12/31","ActionReasonsMigration","CDD_ADDTL_WORK","Additional Work Load","","","","","","","","","","","","","","","","","","","","","","","","","","","","","","","","","","","","","","","","","","","","","","","","","","","","","","","","","","","","","","","","","","","",""
"CDD_DEFINED_OBJECT","1900/01/01","4712/12/31","ActionReasonsMigration","CDD_DEFINED_OBJECT","Defined Object","","","","","","","","","","","","","","","","","","","","","","","","","","","","","","","","","","","","","","","","","","","","","","","","","","","","","","","","","","","","","","","","","","","",""
"CDD_REPLACEMENT","1900/01/01","4712/12/31","ActionReasonsMigration","CDD_REPLACEMENT","Replacement of another Employee","","","","","","","","","","","","","","","","","","","","","","","","","","","","","","","","","","","","","","","","","","","","","","","","","","","","","","","","","","","","","","","","","","","",""
"CDD_SEASONAL","1900/01/01","4712/12/31","ActionReasonsMigration","CDD_SEASONAL","Seasonal contract","","","","","","","","","","","","","","","","","","","","","","","","","","","","","","","","","","","","","","","","","","","","","","","","","","","","","","","","","","","","","","","","","","","",""
"CDD_SENIOR","1900/01/01","4712/12/31","ActionReasonsMigration","CDD_SENIOR","Senior employment","","","","","","","","","","","","","","","","","","","","","","","","","","","","","","","","","","","","","","","","","","","","","","","","","","","","","","","","","","","","","","","","","","","",""
"CDI","1900/01/01","4712/12/31","ActionReasonsMigration","CDI","Permanent - CDI","","","","","","","","","","","","","","","","","","","","","","","","","","","","","","","","","","","","","","","","","","","","","","","","","","","","","","","","","","","","","","","","","","","",""
"DISMISSAL_ADMIN","1900/01/01","4712/12/31","ActionReasonsMigration","DISMISSAL_ADMIN","Dismissal following administrative decision","","","","","","","","","","","","","","","","","","","","","","","","","","","","","","","","","","","","","","","","","","","","","","","","","","","","","","","","","","","","","","","","","","","",""
"DISMISSAL_FORCE_MAJEUR","1900/01/01","4712/12/31","ActionReasonsMigration","DISMISSAL_FORCE_MAJEUR","Government decree dismissal","","","","","","","","","","","","","","","","","","","","","","","","","","","","","","","","","","","","","","","","","","","","","","","","","","","","","","","","","","","","","","","","","","","",""
"DISMISSAL_MISCONDUCT1","1900/01/01","4712/12/31","ActionReasonsMigration","DISMISSAL_MISCONDUCT1","Dismissal for serious misconduct","","","","","","","","","","","","","","","","","","","","","","","","","","","","","","","","","","","","","","","","","","","","","","","","","","","","","","","","","","","","","","","","","","","",""
"DISMISSAL_MISCONDUCT2","1900/01/01","4712/12/31","ActionReasonsMigration","DISMISSAL_MISCONDUCT2","Dismissal for gross misconduct","","","","","","","","","","","","","","","","","","","","","","","","","","","","","","","","","","","","","","","","","","","","","","","","","","","","","","","","","","","","","","","","","","","",""
"DISMISSAL_PHYSICAL_NPROF","1900/01/01","4712/12/31","ActionReasonsMigration","DISMISSAL_PHYSICAL_NPROF","Dismissal for physical inability -other than professional","","","","","","","","","","","","","","","","","","","","","","","","","","","","","","","","","","","","","","","","","","","","","","","","","","","","","","","","","","","","","","","","","","","",""
"DISMISSAL_PHYSICAL_PROF","1900/01/01","4712/12/31","ActionReasonsMigration","DISMISSAL_PHYSICAL_PROF","Dismissal for physical inability - professional","","","","","","","","","","","","","","","","","","","","","","","","","","","","","","","","","","","","","","","","","","","","","","","","","","","","","","","","","","","","","","","","","","","",""
"REDUND_AGREEMENT","1900/01/01","4712/12/31","ActionReasonsMigration","REDUND_AGREEMENT","Redeployment agreement","","","","","","","","","","","","","","","","","","","","","","","","","","","","","","","","","","","","","","","","","","","","","","","","","","","","","","","","","","","","","","","","","","","",""
"REDUND_CATS","1900/01/01","4712/12/31","ActionReasonsMigration","REDUND_CATS","Redundancy - early cessation of activity agreement","","","","","","","","","","","","","","","","","","","","","","","","","","","","","","","","","","","","","","","","","","","","","","","","","","","","","","","","","","","","","","","","","","","",""
"REDUND_CLOSURE","1900/01/01","4712/12/31","ActionReasonsMigration","REDUND_CLOSURE","Redundancy following permanent closure","","","","","","","","","","","","","","","","","","","","","","","","","","","","","","","","","","","","","","","","","","","","","","","","","","","","","","","","","","","","","","","","","","","",""
"REDUND_ECONOMIC","1900/01/01","4712/12/31","ActionReasonsMigration","REDUND_ECONOMIC","Redundancy following economic recovery","","","","","","","","","","","","","","","","","","","","","","","","","","","","","","","","","","","","","","","","","","","","","","","","","","","","","","","","","","","","","","","","","","","",""
"REDUND_OTHER","1900/01/01","4712/12/31","ActionReasonsMigration","REDUND_OTHER","Other Redundancy","","","","","","","","","","","","","","","","","","","","","","","","","","","","","","","","","","","","","","","","","","","","","","","","","","","","","","","","","","","","","","","","","","","",""
"REDUND_REDUNDANCY","1900/01/01","4712/12/31","ActionReasonsMigration","REDUND_REDUNDANCY","Redundancy","","","","","","","","","","","","","","","","","","","","","","","","","","","","","","","","","","","","","","","","","","","","","","","","","","","","","","","","","","","","","","","","","","","",""
"REDUND_SITE","1900/01/01","4712/12/31","ActionReasonsMigration","REDUND_SITE","End of construction site redundancy","","","","","","","","","","","","","","","","","","","","","","","","","","","","","","","","","","","","","","","","","","","","","","","","","","","","","","","","","","","","","","","","","","","",""
"RESIGNATION","1900/01/01","4712/12/31","ActionReasonsMigration","RESIGNATION","Resignation","","","","","","","","","","","","","","","","","","","","","","","","","","","","","","","","","","","","","","","","","","","","","","","","","","","","","","","","","","","","","","","","","","","",""
"RETIRE_EARLY_UNVOLUNTARY","1900/01/01","4712/12/31","ActionReasonsMigration","RETIRE_EARLY_UNVOLUNTARY","Involuntary early retirement","","","","","","","","","","","","","","","","","","","","","","","","","","","","","","","","","","","","","","","","","","","","","","","","","","","","","","","","","","","","","","","","","","","",""
"RETIRE_EARLY_VOLUNTARY","1900/01/01","4712/12/31","ActionReasonsMigration","RETIRE_EARLY_VOLUNTARY","Voluntary early retirement","","","","","","","","","","","","","","","","","","","","","","","","","","","","","","","","","","","","","","","","","","","","","","","","","","","","","","","","","","","","","","","","","","","",""
"RETIRE_UNVOLUNTARY","1900/01/01","4712/12/31","ActionReasonsMigration","RETIRE_UNVOLUNTARY","Involuntary retirement","","","","","","","","","","","","","","","","","","","","","","","","","","","","","","","","","","","","","","","","","","","","","","","","","","","","","","","","","","","","","","","","","","","",""
"RETIRE_VOLUNTARY","1900/01/01","4712/12/31","ActionReasonsMigration","RETIRE_VOLUNTARY","Voluntary retirement","","","","","","","","","","","","","","","","","","","","","","","","","","","","","","","","","","","","","","","","","","","","","","","","","","","","","","","","","","","","","","","","","","","",""
"TERMINATE_EARLY_CLOSURE","1900/01/01","4712/12/31","ActionReasonsMigration","TERMINATE_EARLY_CLOSURE","Anticipated contract breach following permanent closure","","","","","","","","","","","","","","","","","","","","","","","","","","","","","","","","","","","","","","","","","","","","","","","","","","","","","","","","","","","","","","","","","","","",""
"TERMINATE_EARLY_END_EE","1900/01/01","4712/12/31","ActionReasonsMigration","TERMINATE_EARLY_END_EE","Early termination of CDD or Apprentice initiated by employee","","","","","","","","","","","","","","","","","","","","","","","","","","","","","","","","","","","","","","","","","","","","","","","","","","","","","","","","","","","","","","","","","","","",""
"TERMINATE_EARLY_END_ER","1900/01/01","4712/12/31","ActionReasonsMigration","TERMINATE_EARLY_END_ER","Early termination of CDD or Apprentice initiated by employer","","","","","","","","","","","","","","","","","","","","","","","","","","","","","","","","","","","","","","","","","","","","","","","","","","","","","","","","","","","","","","","","","","","",""
"TERMINATE_EARLY_END_MUT","1900/01/01","4712/12/31","ActionReasonsMigration","TERMINATE_EARLY_END_MUT","CDD or Apprenticeship contract termination by mutual agreement","","","","","","","","","","","","","","","","","","","","","","","","","","","","","","","","","","","","","","","","","","","","","","","","","","","","","","","","","","","","","","","","","","","",""
"TERMINATE_EARLY_FILM","1900/01/01","4712/12/31","ActionReasonsMigration","TERMINATE_EARLY_FILM","Anticipated contract breach - end of film shooting","","","","","","","","","","","","","","","","","","","","","","","","","","","","","","","","","","","","","","","","","","","","","","","","","","","","","","","","","","","","","","","","","","","",""
"TERMINATE_EARLY_MISCON1","1900/01/01","4712/12/31","ActionReasonsMigration","TERMINATE_EARLY_MISCON1","Anticipated contract breach - serious misconduct","","","","","","","","","","","","","","","","","","","","","","","","","","","","","","","","","","","","","","","","","","","","","","","","","","","","","","","","","","","","","","","","","","","",""
"TERMINATE_EARLY_MISCON2","1900/01/01","4712/12/31","ActionReasonsMigration","TERMINATE_EARLY_MISCON2","Anticipated contract breach - gross misconduct","","","","","","","","","","","","","","","","","","","","","","","","","","","","","","","","","","","","","","","","","","","","","","","","","","","","","","","","","","","","","","","","","","","",""
"TERMINATE_END_APPRENTIC","1900/01/01","4712/12/31","ActionReasonsMigration","TERMINATE_END_APPRENTIC","End of apprenticeship contract","","","","","","","","","","","","","","","","","","","","","","","","","","","","","","","","","","","","","","","","","","","","","","","","","","","","","","","","","","","","","","","","","","","",""
"TERMINATE_END_CDD","1900/01/01","4712/12/31","ActionReasonsMigration","TERMINATE_END_CDD","End of fixed term contract","","","","","","","","","","","","","","","","","","","","","","","","","","","","","","","","","","","","","","","","","","","","","","","","","","","","","","","","","","","","","","","","","","","",""
"TERMINATE_END_INTERIM","1900/01/01","4712/12/31","ActionReasonsMigration","TERMINATE_END_INTERIM","End of interim mission","","","","","","","","","","","","","","","","","","","","","","","","","","","","","","","","","","","","","","","","","","","","","","","","","","","","","","","","","","","","","","","","","","","",""
"TERMINATE_END_PROB_EE","1900/01/01","4712/12/31","ActionReasonsMigration","TERMINATE_END_PROB_EE","End of probation period initiated by employee","","","","","","","","","","","","","","","","","","","","","","","","","","","","","","","","","","","","","","","","","","","","","","","","","","","","","","","","","","","","","","","","","","","",""
"TERMINATE_END_PROB_ER","1900/01/01","4712/12/31","ActionReasonsMigration","TERMINATE_END_PROB_ER","End of probation period initiated by employer","","","","","","","","","","","","","","","","","","","","","","","","","","","","","","","","","","","","","","","","","","","","","","","","","","","","","","","","","","","","","","","","","","","",""
"TERMINATE_FORCE_MAJ","1900/01/01","4712/12/31","ActionReasonsMigration","TERMINATE_FORCE_MAJ","Government decree termination","","","","","","","","","","","","","","","","","","","","","","","","","","","","","","","","","","","","","","","","","","","","","","","","","","","","","","","","","","","","","","","","","","","",""
"TERMINATE_LEGAL_PROC","1900/01/01","4712/12/31","ActionReasonsMigration","TERMINATE_LEGAL_PROC","Contract termination by legal procedure","","","","","","","","","","","","","","","","","","","","","","","","","","","","","","","","","","","","","","","","","","","","","","","","","","","","","","","","","","","","","","","","","","","",""
"TERMINATE_MANDATE","1900/01/01","4712/12/31","ActionReasonsMigration","TERMINATE_MANDATE","End of mandate","","","","","","","","","","","","","","","","","","","","","","","","","","","","","","","","","","","","","","","","","","","","","","","","","","","","","","","","","","","","","","","","","","","",""
"TERMINATE_MUTUAL","1900/01/01","4712/12/31","ActionReasonsMigration","TERMINATE_MUTUAL","Contract breach by mutual agreement","","","","","","","","","","","","","","","","","","","","","","","","","","","","","","","","","","","","","","","","","","","","","","","","","","","","","","","","","","","","","","","","","","","",""
"TERMINATE_TRAINING","1900/01/01","4712/12/31","ActionReasonsMigration","TERMINATE_TRAINING","End of Training agreement","","","","","","","","","","","","","","","","","","","","","","","","","","","","","","","","","","","","","","","","","","","","","","","","","","","","","","","","","","","","","","","","","","","",""
"CMP_AGRE","1900/01/01","4712/12/31","ActionReasonsMigration","CMP_AGRE","Agreement Change","","","","","","","","","","","","","","","","","","","","","","","","","","","","","","","","","","","","","","","","","","","","","","","","","","","","","","","","","","","","","","","","","","","",""
"CMP_ANNL","1900/01/01","4712/12/31","ActionReasonsMigration","CMP_ANNL","Move to Annual Basis","","","","","","","","","","","","","","","","","","","","","","","","","","","","","","","","","","","","","","","","","","","","","","","","","","","","","","","","","","","","","","","","","","","",""
"CMP_ANNV","1900/01/01","4712/12/31","ActionReasonsMigration","CMP_ANNV","Anniversary","","","","","","","","","","","","","","","","","","","","","","","","","","","","","","","","","","","","","","","","","","","","","","","","","","","","","","","","","","","","","","","","","","","",""
"CMP_ANTD","1900/01/01","4712/12/31","ActionReasonsMigration","CMP_ANTD","Advance Labor Agreement","","","","","","","","","","","","","","","","","","","","","","","","","","","","","","","","","","","","","","","","","","","","","","","","","","","","","","","","","","","","","","","","","","","",""
"CMP_CHG","1900/01/01","4712/12/31","ActionReasonsMigration","CMP_CHG","Change Contribution","","","","","","","","","","","","","","","","","","","","","","","","","","","","","","","","","","","","","","","","","","","","","","","","","","","","","","","","","","","","","","","","","","","",""
"CMP_COLA","1900/01/01","4712/12/31","ActionReasonsMigration","CMP_COLA","Cost of Living Adjustment","","","","","","","","","","","","","","","","","","","","","","","","","","","","","","","","","","","","","","","","","","","","","","","","","","","","","","","","","","","","","","","","","","","",""
"CMP_CONV","1900/01/01","4712/12/31","ActionReasonsMigration","CMP_CONV","Conversion from Legacy","","","","","","","","","","","","","","","","","","","","","","","","","","","","","","","","","","","","","","","","","","","","","","","","","","","","","","","","","","","","","","","","","","","",""
"CMP_DISS","1900/01/01","4712/12/31","ActionReasonsMigration","CMP_DISS","Labor Agreement","","","","","","","","","","","","","","","","","","","","","","","","","","","","","","","","","","","","","","","","","","","","","","","","","","","","","","","","","","","","","","","","","","","",""
"CMP_GNTE","1900/01/01","4712/12/31","ActionReasonsMigration","CMP_GNTE","Guarantee","","","","","","","","","","","","","","","","","","","","","","","","","","","","","","","","","","","","","","","","","","","","","","","","","","","","","","","","","","","","","","","","","","","",""
"CMP_GSP","1900/01/01","4712/12/31","ActionReasonsMigration","CMP_GSP","Grade or Step Progression","","","","","","","","","","","","","","","","","","","","","","","","","","","","","","","","","","","","","","","","","","","","","","","","","","","","","","","","","","","","","","","","","","","",""
"CMP_HRLY","1900/01/01","4712/12/31","ActionReasonsMigration","CMP_HRLY","Move to Hourly Basis","","","","","","","","","","","","","","","","","","","","","","","","","","","","","","","","","","","","","","","","","","","","","","","","","","","","","","","","","","","","","","","","","","","",""
"CMP_INDV","1900/01/01","4712/12/31","ActionReasonsMigration","CMP_INDV","Manage Individual Compensation","","","","","","","","","","","","","","","","","","","","","","","","","","","","","","","","","","","","","","","","","","","","","","","","","","","","","","","","","","","","","","","","","","","",""
"CMP_JBCH","1900/01/01","4712/12/31","ActionReasonsMigration","CMP_JBCH","Job Change","","","","","","","","","","","","","","","","","","","","","","","","","","","","","","","","","","","","","","","","","","","","","","","","","","","","","","","","","","","","","","","","","","","",""
"CMP_JOEV","1900/01/01","4712/12/31","ActionReasonsMigration","CMP_JOEV","Job Evaluation","","","","","","","","","","","","","","","","","","","","","","","","","","","","","","","","","","","","","","","","","","","","","","","","","","","","","","","","","","","","","","","","","","","",""
"CMP_LOAD","1900/01/01","4712/12/31","ActionReasonsMigration","CMP_LOAD","Location Adjustment","","","","","","","","","","","","","","","","","","","","","","","","","","","","","","","","","","","","","","","","","","","","","","","","","","","","","","","","","","","","","","","","","","","",""
"CMP_MASS","1900/01/01","4712/12/31","ActionReasonsMigration","CMP_MASS","Mass Adjustment","","","","","","","","","","","","","","","","","","","","","","","","","","","","","","","","","","","","","","","","","","","","","","","","","","","","","","","","","","","","","","","","","","","",""
"CMP_MERI","1900/01/01","4712/12/31","ActionReasonsMigration","CMP_MERI","Merit","","","","","","","","","","","","","","","","","","","","","","","","","","","","","","","","","","","","","","","","","","","","","","","","","","","","","","","","","","","","","","","","","","","",""
"CMP_MKAD","1900/01/01","4712/12/31","ActionReasonsMigration","CMP_MKAD","Market Adjustment","","","","","","","","","","","","","","","","","","","","","","","","","","","","","","","","","","","","","","","","","","","","","","","","","","","","","","","","","","","","","","","","","","","",""
"CMP_MNTH","1900/01/01","4712/12/31","ActionReasonsMigration","CMP_MNTH","Move to Monthly Basis","","","","","","","","","","","","","","","","","","","","","","","","","","","","","","","","","","","","","","","","","","","","","","","","","","","","","","","","","","","","","","","","","","","",""
"CMP_NEWH","1900/01/01","4712/12/31","ActionReasonsMigration","CMP_NEWH","New Hire","","","","","","","","","","","","","","","","","","","","","","","","","","","","","","","","","","","","","","","","","","","","","","","","","","","","","","","","","","","","","","","","","","","",""
"CMP_OTH","1900/01/01","4712/12/31","ActionReasonsMigration","CMP_OTH","Other","","","","","","","","","","","","","","","","","","","","","","","","","","","","","","","","","","","","","","","","","","","","","","","","","","","","","","","","","","","","","","","","","","","",""
"CMP_PERE","1900/01/01","4712/12/31","ActionReasonsMigration","CMP_PERE","Periodic Review","","","","","","","","","","","","","","","","","","","","","","","","","","","","","","","","","","","","","","","","","","","","","","","","","","","","","","","","","","","","","","","","","","","",""
"CMP_PERF","1900/01/01","4712/12/31","ActionReasonsMigration","CMP_PERF","Performance","","","","","","","","","","","","","","","","","","","","","","","","","","","","","","","","","","","","","","","","","","","","","","","","","","","","","","","","","","","","","","","","","","","",""
"CMP_PROD","1900/01/01","4712/12/31","ActionReasonsMigration","CMP_PROD","Productivity","","","","","","","","","","","","","","","","","","","","","","","","","","","","","","","","","","","","","","","","","","","","","","","","","","","","","","","","","","","","","","","","","","","",""
"CMP_PROG","1900/01/01","4712/12/31","ActionReasonsMigration","CMP_PROG","Career Progression","","","","","","","","","","","","","","","","","","","","","","","","","","","","","","","","","","","","","","","","","","","","","","","","","","","","","","","","","","","","","","","","","","","",""
"CMP_PROM","1900/01/01","4712/12/31","ActionReasonsMigration","CMP_PROM","Promotion","","","","","","","","","","","","","","","","","","","","","","","","","","","","","","","","","","","","","","","","","","","","","","","","","","","","","","","","","","","","","","","","","","","",""
"CMP_REAJ","1900/01/01","4712/12/31","ActionReasonsMigration","CMP_REAJ","Wage Readjustment","","","","","","","","","","","","","","","","","","","","","","","","","","","","","","","","","","","","","","","","","","","","","","","","","","","","","","","","","","","","","","","","","","","",""
"CMP_RET","1900/01/01","4712/12/31","ActionReasonsMigration","CMP_RET","Retention","","","","","","","","","","","","","","","","","","","","","","","","","","","","","","","","","","","","","","","","","","","","","","","","","","","","","","","","","","","","","","","","","","","",""
"CMP_SEN","1900/01/01","4712/12/31","ActionReasonsMigration","CMP_SEN","Seniority","","","","","","","","","","","","","","","","","","","","","","","","","","","","","","","","","","","","","","","","","","","","","","","","","","","","","","","","","","","","","","","","","","","",""
"CMP_STP","1900/01/01","4712/12/31","ActionReasonsMigration","CMP_STP","Stop Contribution","","","","","","","","","","","","","","","","","","","","","","","","","","","","","","","","","","","","","","","","","","","","","","","","","","","","","","","","","","","","","","","","","","","",""
"CMP_STRT","1900/01/01","4712/12/31","ActionReasonsMigration","CMP_STRT","Start Contribution","","","","","","","","","","","","","","","","","","","","","","","","","","","","","","","","","","","","","","","","","","","","","","","","","","","","","","","","","","","","","","","","","","","",""
"CMP_TRAN","1900/01/01","4712/12/31","ActionReasonsMigration","CMP_TRAN","Transfer","","","","","","","","","","","","","","","","","","","","","","","","","","","","","","","","","","","","","","","","","","","","","","","","","","","","","","","","","","","","","","","","","","","",""
"CMP_WKHR","1900/01/01","4712/12/31","ActionReasonsMigration","CMP_WKHR","Change in Work Hours","","","","","","","","","","","","","","","","","","","","","","","","","","","","","","","","","","","","","","","","","","","","","","","","","","","","","","","","","","","","","","","","","","","",""
"RESIGN_BEN","1951/01/01","4712/12/31","ActionReasonsMigration","RESIGN_BEN","Benefits","","","","","","","","","","","","","","","","","","","","","","","","","","","","","","","","","","","","","","","","","","","","","","","","","","","","","","","","","","","","","","","","","","","",""
"RESIGN_BETTER_OP","1951/01/01","4712/12/31","ActionReasonsMigration","RESIGN_BETTER_OP","Better Opportunity","","","","","","","","","","","","","","","","","","","","","","","","","","","","","","","","","","","","","","","","","","","","","","","","","","","","","","","","","","","","","","","","","","","",""
"RESIGN_COMP","1951/01/01","4712/12/31","ActionReasonsMigration","RESIGN_COMP"," Compensation","","","","","","","","","","","","","","","","","","","","","","","","","","","","","","","","","","","","","","","","","","","","","","","","","","","","","","","","","","","","","","","","","","","",""
"RESIGN_MGR","1951/01/01","4712/12/31","ActionReasonsMigration","RESIGN_MGR","Incompatibility with Manager","","","","","","","","","","","","","","","","","","","","","","","","","","","","","","","","","","","","","","","","","","","","","","","","","","","","","","","","","","","","","","","","","","","",""
"RESIGN_ADVANCE","1951/01/01","4712/12/31","ActionReasonsMigration","RESIGN_ADVANCE","No Advancement Potential","","","","","","","","","","","","","","","","","","","","","","","","","","","","","","","","","","","","","","","","","","","","","","","","","","","","","","","","","","","","","","","","","","","",""
"GSE_PROJ_ASG","1951/01/01","4712/12/31","ActionReasonsMigration","GSE_PROJ_ASG","Project Assignment","","","","","","","","","","","","","","","","","","","","","","","","","","","","","","","","","","","","","","","","","","","","","","","","","","","","","","","","","","","","","","","","","","","",""
"CMP_AUT_GSP","2000/01/01","4712/12/31","ActionReasonsMigration","CMP_AUT_GSP","Automated Grade Step Progression","","","","","","","","","","","","","","","","","","","","","","","","","","","","","","","","","","","","","","","","","","","","","","","","","","","","","","","","","","","","","","","","","","","",""
"CMP_GSP_RATE_SYNC","2000/01/01","4712/12/31","ActionReasonsMigration","CMP_GSP_RATE_SYNC","Grade Step Rate Synchronization","","","","","","","","","","","","","","","","","","","","","","","","","","","","","","","","","","","","","","","","","","","","","","","","","","","","","","","","","","","","","","","","","","","",""
"CMP_GSP_UPD_SAL","2000/01/01","4712/12/31","ActionReasonsMigration","CMP_GSP_UPD_SAL","Grade Step Change","","","","","","","","","","","","","","","","","","","","","","","","","","","","","","","","","","","","","","","","","","","","","","","","","","","","","","","","","","","","","","","","","","","",""
"CORRECT_INVALID_SUP_ASG_PROC","1900/01/01","4712/12/31","ActionReasonsMigration","CORRECT_INVALID_SUP_ASG_PROC","Correct Invalid Supervisor Assignments Process","","","","","","","","","","","","","","","","","","","","","","","","","","","","","","","","","","","","","","","","","","","","","","","","","","","","","","","","","","","","","","","","","","","",""
"LEAVE_M_JP","1951/01/01","4712/12/31","ActionReasonsMigration","LEAVE_M_JP","Medical Leave","","","","","","","","","","","","","","","","","","","","","","","","","","","","","","","","","","","","","","","","","","","","","","","","","","","","","","","","","","","","","","","","","","","",""
"LEAVE_G_JP","1951/01/01","4712/12/31","ActionReasonsMigration","LEAVE_G_JP","Grandparent Leave","","","","","","","","","","","","","","","","","","","","","","","","","","","","","","","","","","","","","","","","","","","","","","","","","","","","","","","","","","","","","","","","","","","",""
"LEAVE_C_JP","1951/01/01","4712/12/31","ActionReasonsMigration","LEAVE_C_JP","Childcare Leave","","","","","","","","","","","","","","","","","","","","","","","","","","","","","","","","","","","","","","","","","","","","","","","","","","","","","","","","","","","","","","","","","","","",""
"LEAVE_SE_JP","1951/01/01","4712/12/31","ActionReasonsMigration","LEAVE_SE_JP","Secondment Leave","","","","","","","","","","","","","","","","","","","","","","","","","","","","","","","","","","","","","","","","","","","","","","","","","","","","","","","","","","","","","","","","","","","",""
"LEAVE_V_JP","1951/01/01","4712/12/31","ActionReasonsMigration","LEAVE_V_JP","Volunteer Leave","","","","","","","","","","","","","","","","","","","","","","","","","","","","","","","","","","","","","","","","","","","","","","","","","","","","","","","","","","","","","","","","","","","",""
"LEAVE_SP_JP","1951/01/01","4712/12/31","ActionReasonsMigration","LEAVE_SP_JP","Special Leave","","","","","","","","","","","","","","","","","","","","","","","","","","","","","","","","","","","","","","","","","","","","","","","","","","","","","","","","","","","","","","","","","","","",""
"MLT_ASSGN_JP","1951/01/01","4712/12/31","ActionReasonsMigration","MLT_ASSGN_JP","Multiple Assignments","","","","","","","","","","","","","","","","","","","","","","","","","","","","","","","","","","","","","","","","","","","","","","","","","","","","","","","","","","","","","","","","","","","",""
"EXPATS_JP","1951/01/01","4712/12/31","ActionReasonsMigration","EXPATS_JP","Expatriates","","","","","","","","","","","","","","","","","","","","","","","","","","","","","","","","","","","","","","","","","","","","","","","","","","","","","","","","","","","","","","","","","","","",""
"INTERN_JP","1951/01/01","4712/12/31","ActionReasonsMigration","INTERN_JP","Internship","","","","","","","","","","","","","","","","","","","","","","","","","","","","","","","","","","","","","","","","","","","","","","","","","","","","","","","","","","","","","","","","","","","",""
"TMP_TRANSFER_JP","1951/01/01","4712/12/31","ActionReasonsMigration","TMP_TRANSFER_JP","Temporary Transfer","","","","","","","","","","","","","","","","","","","","","","","","","","","","","","","","","","","","","","","","","","","","","","","","","","","","","","","","","","","","","","","","","","","",""
"PER_TRANSFER_JP","1951/01/01","4712/12/31","ActionReasonsMigration","PER_TRANSFER_JP","Permanent Transfer","","","","","","","","","","","","","","","","","","","","","","","","","","","","","","","","","","","","","","","","","","","","","","","","","","","","","","","","","","","","","","","","","","","",""
"SKILL_LACK_JP","1951/01/01","4712/12/31","ActionReasonsMigration","SKILL_LACK_JP","Lack of Skills","","","","","","","","","","","","","","","","","","","","","","","","","","","","","","","","","","","","","","","","","","","","","","","","","","","","","","","","","","","","","","","","","","","",""
"DEMOTION_JP","1951/01/01","4712/12/31","ActionReasonsMigration","DEMOTION_JP","Demotion","","","","","","","","","","","","","","","","","","","","","","","","","","","","","","","","","","","","","","","","","","","","","","","","","","","","","","","","","","","","","","","","","","","",""
"RETIRE_JP","1951/01/01","4712/12/31","ActionReasonsMigration","RETIRE_JP","Retirement","","","","","","","","","","","","","","","","","","","","","","","","","","","","","","","","","","","","","","","","","","","","","","","","","","","","","","","","","","","","","","","","","","","",""
"OFF_JOB_JP","1951/01/01","4712/12/31","ActionReasonsMigration","OFF_JOB_JP","Off-the-Job Accident","","","","","","","","","","","","","","","","","","","","","","","","","","","","","","","","","","","","","","","","","","","","","","","","","","","","","","","","","","","","","","","","","","","",""
"SSR_JP","1951/01/01","4712/12/31","ActionReasonsMigration","SSR_JP","Seconded Source Reasons","","","","","","","","","","","","","","","","","","","","","","","","","","","","","","","","","","","","","","","","","","","","","","","","","","","","","","","","","","","","","","","","","","","",""
"SDR_JP","1951/01/01","4712/12/31","ActionReasonsMigration","SDR_JP","Seconded Destination Reasons","","","","","","","","","","","","","","","","","","","","","","","","","","","","","","","","","","","","","","","","","","","","","","","","","","","","","","","","","","","","","","","","","","","",""
"UOC_JP","1951/01/01","4712/12/31","ActionReasonsMigration","UOC_JP","Unhappy with Operation Contents","","","","","","","","","","","","","","","","","","","","","","","","","","","","","","","","","","","","","","","","","","","","","","","","","","","","","","","","","","","","","","","","","","","",""
"ICC_JP","1951/01/01","4712/12/31","ActionReasonsMigration","ICC_JP","Inconsistent with Corporate Culture","","","","","","","","","","","","","","","","","","","","","","","","","","","","","","","","","","","","","","","","","","","","","","","","","","","","","","","","","","","","","","","","","","","",""
"CMPBC_JP","1951/01/01","4712/12/31","ActionReasonsMigration","CMPBC_JP","Change of Management Policy & Business Conditions","","","","","","","","","","","","","","","","","","","","","","","","","","","","","","","","","","","","","","","","","","","","","","","","","","","","","","","","","","","","","","","","","","","",""
"KW_JP","1951/01/01","4712/12/31","ActionReasonsMigration","KW_JP","Know Who","","","","","","","","","","","","","","","","","","","","","","","","","","","","","","","","","","","","","","","","","","","","","","","","","","","","","","","","","","","","","","","","","","","",""
"TS_JP","1951/01/01","4712/12/31","ActionReasonsMigration","TS_JP","Technology Succession","","","","","","","","","","","","","","","","","","","","","","","","","","","","","","","","","","","","","","","","","","","","","","","","","","","","","","","","","","","","","","","","","","","",""
"SS_JP","1951/01/01","4712/12/31","ActionReasonsMigration","SS_JP","Skill Succession","","","","","","","","","","","","","","","","","","","","","","","","","","","","","","","","","","","","","","","","","","","","","","","","","","","","","","","","","","","","","","","","","","","",""
"CR_JP","1951/01/01","4712/12/31","ActionReasonsMigration","CR_JP","Recruiting and Training Cost Reduction","","","","","","","","","","","","","","","","","","","","","","","","","","","","","","","","","","","","","","","","","","","","","","","","","","","","","","","","","","","","","","","","","","","",""
"REGULAR_HIRE_JP","1951/01/01","4712/12/31","ActionReasonsMigration","REGULAR_HIRE_JP","Regular Recruitment","","","","","","","","","","","","","","","","","","","","","","","","","","","","","","","","","","","","","","","","","","","","","","","","","","","","","","","","","","","","","","","","","","","",""
"GSE_REASSIGN","2000/01/01","4712/12/31","ActionReasonsMigration","GSE_REASSIGN","Reassignment of Manager Reports","","","","","","","","","","","","","","","","","","","","","","","","","","","","","","","","","","","","","","","","","","","","","","","","","","","","","","","","","","","","","","","","","","","",""
"MANAGER_ADD_ASSIGN","1900/01/01","4712/12/31","ActionReasonsMigration","MANAGER_ADD_ASSIGN","Addition of Assignment for Manager","","","","","","","","","","","","","","","","","","","","","","","","","","","","","","","","","","","","","","","","","","","","","","","","","","","","","","","","","","","","","","","","","","","",""
"MANAGER_ADD_CWK","1900/01/01","4712/12/31","ActionReasonsMigration","MANAGER_ADD_CWK","Addition of Contingent Worker for Manager","","","","","","","","","","","","","","","","","","","","","","","","","","","","","","","","","","","","","","","","","","","","","","","","","","","","","","","","","","","","","","","","","","","",""
"MANAGER_ADD_CWK_WORK_RELATION","1900/01/01","4712/12/31","ActionReasonsMigration","MANAGER_ADD_CWK_WORK_RELATION","Addition of Contingent Work Relationship for Manager","","","","","","","","","","","","","","","","","","","","","","","","","","","","","","","","","","","","","","","","","","","","","","","","","","","","","","","","","","","","","","","","","","","",""
"MANAGER_ADD_EMP_TERMS","1900/01/01","4712/12/31","ActionReasonsMigration","MANAGER_ADD_EMP_TERMS","Addition of Employment Terms for Manager","","","","","","","","","","","","","","","","","","","","","","","","","","","","","","","","","","","","","","","","","","","","","","","","","","","","","","","","","","","","","","","","","","","",""
"MANAGER_ADD_NON_WKR","1900/01/01","4712/12/31","ActionReasonsMigration","MANAGER_ADD_NON_WKR","Addition of Nonworker for Manager","","","","","","","","","","","","","","","","","","","","","","","","","","","","","","","","","","","","","","","","","","","","","","","","","","","","","","","","","","","","","","","","","","","",""
"MANAGER_ADD_NON_WKR_WORK_RELAT","1900/01/01","4712/12/31","ActionReasonsMigration","MANAGER_ADD_NON_WKR_WORK_RELAT","Addition of Nonworker Work Relationship for Manager","","","","","","","","","","","","","","","","","","","","","","","","","","","","","","","","","","","","","","","","","","","","","","","","","","","","","","","","","","","","","","","","","","","",""
"MANAGER_ADD_PEN_WKR","1900/01/01","4712/12/31","ActionReasonsMigration","MANAGER_ADD_PEN_WKR","Addition of Pending Worker for Manager","","","","","","","","","","","","","","","","","","","","","","","","","","","","","","","","","","","","","","","","","","","","","","","","","","","","","","","","","","","","","","","","","","","",""
"MANAGER_END_ASG","1900/01/01","4712/12/31","ActionReasonsMigration","MANAGER_END_ASG","End of Assignment for Manager","","","","","","","","","","","","","","","","","","","","","","","","","","","","","","","","","","","","","","","","","","","","","","","","","","","","","","","","","","","","","","","","","","","",""
"MANAGER_END_EMP_TERMS","1900/01/01","4712/12/31","ActionReasonsMigration","MANAGER_END_EMP_TERMS","End of Employment Terms for Manager","","","","","","","","","","","","","","","","","","","","","","","","","","","","","","","","","","","","","","","","","","","","","","","","","","","","","","","","","","","","","","","","","","","",""
"MANAGER_END_GLB_TEMP_ASG","1900/01/01","4712/12/31","ActionReasonsMigration","MANAGER_END_GLB_TEMP_ASG","End of Global Temporary Assignment for Manager","","","","","","","","","","","","","","","","","","","","","","","","","","","","","","","","","","","","","","","","","","","","","","","","","","","","","","","","","","","","","","","","","","","",""
"MANAGER_END_TEMP_ASG","1900/01/01","4712/12/31","ActionReasonsMigration","MANAGER_END_TEMP_ASG","End of Temporary Assignment for Manager","","","","","","","","","","","","","","","","","","","","","","","","","","","","","","","","","","","","","","","","","","","","","","","","","","","","","","","","","","","","","","","","","","","",""
"MANAGER_GLB_TEMP_ASG","1900/01/01","4712/12/31","ActionReasonsMigration","MANAGER_GLB_TEMP_ASG","Global Temporary Assignment for Manager","","","","","","","","","","","","","","","","","","","","","","","","","","","","","","","","","","","","","","","","","","","","","","","","","","","","","","","","","","","","","","","","","","","",""
"MANAGER_GLB_TRANSFER","1900/01/01","4712/12/31","ActionReasonsMigration","MANAGER_GLB_TRANSFER","Global Transfer of Manager","","","","","","","","","","","","","","","","","","","","","","","","","","","","","","","","","","","","","","","","","","","","","","","","","","","","","","","","","","","","","","","","","","","",""
"MANAGER_HIRE","1900/01/01","4712/12/31","ActionReasonsMigration","MANAGER_HIRE","New Hire of Manager","","","","","","","","","","","","","","","","","","","","","","","","","","","","","","","","","","","","","","","","","","","","","","","","","","","","","","","","","","","","","","","","","","","",""
"MANAGER_HIRE_ADD_WORK_RELATION","1900/01/01","4712/12/31","ActionReasonsMigration","MANAGER_HIRE_ADD_WORK_RELATION","Addition of Employee Work Relationship for Manager","","","","","","","","","","","","","","","","","","","","","","","","","","","","","","","","","","","","","","","","","","","","","","","","","","","","","","","","","","","","","","","","","","","",""
"MANAGER_LOCATION_CHANGE","1900/01/01","4712/12/31","ActionReasonsMigration","MANAGER_LOCATION_CHANGE","Change of Location of Manager","","","","","","","","","","","","","","","","","","","","","","","","","","","","","","","","","","","","","","","","","","","","","","","","","","","","","","","","","","","","","","","","","","","",""
"MANAGER_MANAGER_CHANGE","1900/01/01","4712/12/31","ActionReasonsMigration","MANAGER_MANAGER_CHANGE","Change of Manager of Manager","","","","","","","","","","","","","","","","","","","","","","","","","","","","","","","","","","","","","","","","","","","","","","","","","","","","","","","","","","","","","","","","","","","",""
"MANAGER_PROMOTION","1900/01/01","4712/12/31","ActionReasonsMigration","MANAGER_PROMOTION","Promotion of Manager","","","","","","","","","","","","","","","","","","","","","","","","","","","","","","","","","","","","","","","","","","","","","","","","","","","","","","","","","","","","","","","","","","","",""
"MANAGER_RESIGNATION","1900/01/01","4712/12/31","ActionReasonsMigration","MANAGER_RESIGNATION","Resignation of Manager","","","","","","","","","","","","","","","","","","","","","","","","","","","","","","","","","","","","","","","","","","","","","","","","","","","","","","","","","","","","","","","","","","","",""
"MANAGER_TEMP_ASG","1900/01/01","4712/12/31","ActionReasonsMigration","MANAGER_TEMP_ASG","Temporary Assignment of Manager","","","","","","","","","","","","","","","","","","","","","","","","","","","","","","","","","","","","","","","","","","","","","","","","","","","","","","","","","","","","","","","","","","","",""
"MANAGER_TERMINATION","1900/01/01","4712/12/31","ActionReasonsMigration","MANAGER_TERMINATION","Termination of Manager","","","","","","","","","","","","","","","","","","","","","","","","","","","","","","","","","","","","","","","","","","","","","","","","","","","","","","","","","","","","","","","","","","","",""
"MANAGER_TRANSFER","1900/01/01","4712/12/31","ActionReasonsMigration","MANAGER_TRANSFER","Transfer of Manager","","","","","","","","","","","","","","","","","","","","","","","","","","","","","","","","","","","","","","","","","","","","","","","","","","","","","","","","","","","","","","","","","","","",""
"ORA_IRC_CAND_ACCEPT_JOB_OFFER","1900/01/01","4712/12/31","ActionReasonsMigration","ORA_IRC_CAND_ACCEPT_JOB_OFFER","Job Offer Accepted","","","","","","","","","","","","","","","","","","","","","","","","","","","","","","","","","","","","","","","","","","","","","","","","","","","","","","","","","","","","","","","","","","","",""
"INITIAL CONTRACT","1951/01/01","4712/12/31","ActionReasonsMigration","INITIAL CONTRACT","Created Contract Appointment","","","","","","","","","","","","","","","","","","","","","","","","","","","","","","","","","","","","","","","","","","","","","","","","","","","","","","","","","","","","","","","","","","","",""
"POS_ACCOUNTING","1951/01/01","4712/12/31","ActionReasonsMigration","POS_ACCOUNTING","Position Distribution Allocation","","","","","","","","","","","","","","","","","","","","","","","","","","","","","","","","","","","","","","","","","","","","","","","","","","","","","","","","","","","","","","","","","","","",""
"POS_BUDGET_CHANGE","1951/01/01","4712/12/31","ActionReasonsMigration","POS_BUDGET_CHANGE","Budhange","","","","","","","","","","","","","","","","","","","","","","","","","","","","","","","","","","","","","","","","","","","","","","","","","","","","","","","","","","","","","","","","","","","",""
"POS_BUDGET_CHANGES","1951/01/01","4712/12/31","ActionReasonsMigration","POS_BUDGET_CHANGES","Budget Adjustment","","","","","","","","","","","","","","","","","","","","","","","","","","","","","","","","","","","","","","","","","","","","","","","","","","","","","","","","","","","","","","","","","","","",""
"POS_RECLASS","1951/01/01","4712/12/31","ActionReasonsMigration","POS_RECLASS","Position Reclassification","","","","","","","","","","","","","","","","","","","","","","","","","","","","","","","","","","","","","","","","","","","","","","","","","","","","","","","","","","","","","","","","","","","",""
"POS_SALARY_SCHEDULE","1951/01/01","4712/12/31","ActionReasonsMigration","POS_SALARY_SCHEDULE","Salary Schedule Adjustment","","","","","","","","","","","","","","","","","","","","","","","","","","","","","","","","","","","","","","","","","","","","","","","","","","","","","","","","","","","","","","","","","","","",""
"TENURE_SERVICE_UNIT","1951/01/01","4712/12/31","ActionReasonsMigration","TENURE_SERVICE_UNIT","Award unit of Service-Tenure","","","","","","","","","","","","","","","","","","","","","","","","","","","","","","","","","","","","","","","","","","","","","","","","","","","","","","","","","","","","","","","","","","","",""
"TENURE_AWARD","1951/01/01","4712/12/31","ActionReasonsMigration","TENURE_AWARD","Award Tenure","","","","","","","","","","","","","","","","","","","","","","","","","","","","","","","","","","","","","","","","","","","","","","","","","","","","","","","","","","","","","","","","","","","",""
"CONTRACT_RENEWAL","1951/01/01","4712/12/31","ActionReasonsMigration","CONTRACT_RENEWAL","Contract Renewal","","","","","","","","","","","","","","","","","","","","","","","","","","","","","","","","","","","","","","","","","","","","","","","","","","","","","","","","","","","","","","","","","","","",""
"CMP_ADM_INDV","1900/01/01","4712/12/31","ActionReasonsMigration","CMP_ADM_INDV","Administer Individual Compensation","","","","","","","","","","","","","","","","","","","","","","","","","","","","","","","","","","","","","","","","","","","","","","","","","","","","","","","","","","","","","","","","","","","",""
"GSE_LOA","1951/01/01","4712/12/31","ActionReasonsMigration","GSE_LOA","Leave of Absence","","","","","","","","","","","","","","","","","","","","","","","","","","","","","","","","","","","","","","","","","","","","","","","","","","","","","","","","","","","","","","","","","","","",""
"GSE_RFL","1951/01/01","4712/12/31","ActionReasonsMigration","GSE_RFL","Return from LOA ","","","","","","","","","","","","","","","","","","","","","","","","","","","","","","","","","","","","","","","","","","","","","","","","","","","","","","","","","","","","","","","","","","","",""
"LOAUNPD","2018/01/01","4712/12/31","ActionReasonsMigration","LOAUNPD","Leave of Absence - Unpaid","","","","","","","","","","","","","","","","","","","","","","","","","","","","","","","","","","","","","","","","","","","","","","","","","","","","","","","","","","","","","","","","","","","",""
"LOA_SABB","1951/01/02","4712/12/31","ActionReasonsMigration","LOA_SABB","Leave of Absence - Sabbatical","","","","","","","","","","","","","","","","","","","","","","","","","","","","","","","","","","","","","","","","","","","","","","","","","","","","","","","","","","","","","","","","","","","",""
"SABB_RETURN","1951/01/01","4712/12/31","ActionReasonsMigration","SABB_RETURN","Return from LOA - Sabbatical","","","","","","","","","","","","","","","","","","","","","","","","","","","","","","","","","","","","","","","","","","","","","","","","","","","","","","","","","","","","","","","","","","","",""
