"FF_FORMULA.FormulaName","FF_FORMULA.EffectiveStartDate","FF_FORMULA.EffectiveEndDate","FF_FORMULA.LegislativeDataGroupName","FF_FORMULA.FormulaTypeName","FF_FORMULA.LegislationCode","ViewInstanceName","GroupingKey","Description","FormulaName","Language","SourceLang","LegislativeDataGroupName","BaseFormulaName","FormulaId","LegislativeDataGroupId"
"EXT_PERFORMANCES_RECORD300000189455100_300000189455100","2000/01/01","4712/12/31","","Extract Record","","FormulaTranslation","EXT_PERFORMANCES_RECORD300000189455100_300000189455100,null","","EXT_PERFORMANCES_RECORD300000189455100_300000189455100","AR","US","","EXT_PERFORMANCES_RECORD300000189455100_300000189455100","","#null"
"EXT_PERFORMANCES_RECORD300000189455100_300000189455100","2000/01/01","4712/12/31","","Extract Record","","FormulaTranslation","EXT_PERFORMANCES_RECORD300000189455100_300000189455100,null","","EXT_PERFORMANCES_RECORD300000189455100_300000189455100","CS","US","","EXT_PERFORMANCES_RECORD300000189455100_300000189455100","","#null"
"EXT_PERFORMANCES_RECORD300000189455100_300000189455100","2000/01/01","4712/12/31","","Extract Record","","FormulaTranslation","EXT_PERFORMANCES_RECORD300000189455100_300000189455100,null","","EXT_PERFORMANCES_RECORD300000189455100_300000189455100","D","US","","EXT_PERFORMANCES_RECORD300000189455100_300000189455100","","#null"
"EXT_PERFORMANCES_RECORD300000189455100_300000189455100","2000/01/01","4712/12/31","","Extract Record","","FormulaTranslation","EXT_PERFORMANCES_RECORD300000189455100_300000189455100,null","","EXT_PERFORMANCES_RECORD300000189455100_300000189455100","DK","US","","EXT_PERFORMANCES_RECORD300000189455100_300000189455100","","#null"
"EXT_PERFORMANCES_RECORD300000189455100_300000189455100","2000/01/01","4712/12/31","","Extract Record","","FormulaTranslation","EXT_PERFORMANCES_RECORD300000189455100_300000189455100,null","","EXT_PERFORMANCES_RECORD300000189455100_300000189455100","E","US","","EXT_PERFORMANCES_RECORD300000189455100_300000189455100","","#null"
"EXT_PERFORMANCES_RECORD300000189455100_300000189455100","2000/01/01","4712/12/31","","Extract Record","","FormulaTranslation","EXT_PERFORMANCES_RECORD300000189455100_300000189455100,null","","EXT_PERFORMANCES_RECORD300000189455100_300000189455100","F","US","","EXT_PERFORMANCES_RECORD300000189455100_300000189455100","","#null"
"EXT_PERFORMANCES_RECORD300000189455100_300000189455100","2000/01/01","4712/12/31","","Extract Record","","FormulaTranslation","EXT_PERFORMANCES_RECORD300000189455100_300000189455100,null","","EXT_PERFORMANCES_RECORD300000189455100_300000189455100","FRC","US","","EXT_PERFORMANCES_RECORD300000189455100_300000189455100","","#null"
"EXT_PERFORMANCES_RECORD300000189455100_300000189455100","2000/01/01","4712/12/31","","Extract Record","","FormulaTranslation","EXT_PERFORMANCES_RECORD300000189455100_300000189455100,null","","EXT_PERFORMANCES_RECORD300000189455100_300000189455100","HU","US","","EXT_PERFORMANCES_RECORD300000189455100_300000189455100","","#null"
"EXT_PERFORMANCES_RECORD300000189455100_300000189455100","2000/01/01","4712/12/31","","Extract Record","","FormulaTranslation","EXT_PERFORMANCES_RECORD300000189455100_300000189455100,null","","EXT_PERFORMANCES_RECORD300000189455100_300000189455100","I","US","","EXT_PERFORMANCES_RECORD300000189455100_300000189455100","","#null"
"EXT_PERFORMANCES_RECORD300000189455100_300000189455100","2000/01/01","4712/12/31","","Extract Record","","FormulaTranslation","EXT_PERFORMANCES_RECORD300000189455100_300000189455100,null","","EXT_PERFORMANCES_RECORD300000189455100_300000189455100","IW","US","","EXT_PERFORMANCES_RECORD300000189455100_300000189455100","","#null"
"EXT_PERFORMANCES_RECORD300000189455100_300000189455100","2000/01/01","4712/12/31","","Extract Record","","FormulaTranslation","EXT_PERFORMANCES_RECORD300000189455100_300000189455100,null","","EXT_PERFORMANCES_RECORD300000189455100_300000189455100","JA","US","","EXT_PERFORMANCES_RECORD300000189455100_300000189455100","","#null"
"EXT_PERFORMANCES_RECORD300000189455100_300000189455100","2000/01/01","4712/12/31","","Extract Record","","FormulaTranslation","EXT_PERFORMANCES_RECORD300000189455100_300000189455100,null","","EXT_PERFORMANCES_RECORD300000189455100_300000189455100","KO","US","","EXT_PERFORMANCES_RECORD300000189455100_300000189455100","","#null"
"EXT_PERFORMANCES_RECORD300000189455100_300000189455100","2000/01/01","4712/12/31","","Extract Record","","FormulaTranslation","EXT_PERFORMANCES_RECORD300000189455100_300000189455100,null","","EXT_PERFORMANCES_RECORD300000189455100_300000189455100","N","US","","EXT_PERFORMANCES_RECORD300000189455100_300000189455100","","#null"
"EXT_PERFORMANCES_RECORD300000189455100_300000189455100","2000/01/01","4712/12/31","","Extract Record","","FormulaTranslation","EXT_PERFORMANCES_RECORD300000189455100_300000189455100,null","","EXT_PERFORMANCES_RECORD300000189455100_300000189455100","NL","US","","EXT_PERFORMANCES_RECORD300000189455100_300000189455100","","#null"
"EXT_PERFORMANCES_RECORD300000189455100_300000189455100","2000/01/01","4712/12/31","","Extract Record","","FormulaTranslation","EXT_PERFORMANCES_RECORD300000189455100_300000189455100,null","","EXT_PERFORMANCES_RECORD300000189455100_300000189455100","PL","US","","EXT_PERFORMANCES_RECORD300000189455100_300000189455100","","#null"
"EXT_PERFORMANCES_RECORD300000189455100_300000189455100","2000/01/01","4712/12/31","","Extract Record","","FormulaTranslation","EXT_PERFORMANCES_RECORD300000189455100_300000189455100,null","","EXT_PERFORMANCES_RECORD300000189455100_300000189455100","PTB","US","","EXT_PERFORMANCES_RECORD300000189455100_300000189455100","","#null"
"EXT_PERFORMANCES_RECORD300000189455100_300000189455100","2000/01/01","4712/12/31","","Extract Record","","FormulaTranslation","EXT_PERFORMANCES_RECORD300000189455100_300000189455100,null","","EXT_PERFORMANCES_RECORD300000189455100_300000189455100","RO","US","","EXT_PERFORMANCES_RECORD300000189455100_300000189455100","","#null"
"EXT_PERFORMANCES_RECORD300000189455100_300000189455100","2000/01/01","4712/12/31","","Extract Record","","FormulaTranslation","EXT_PERFORMANCES_RECORD300000189455100_300000189455100,null","","EXT_PERFORMANCES_RECORD300000189455100_300000189455100","RU","US","","EXT_PERFORMANCES_RECORD300000189455100_300000189455100","","#null"
"EXT_PERFORMANCES_RECORD300000189455100_300000189455100","2000/01/01","4712/12/31","","Extract Record","","FormulaTranslation","EXT_PERFORMANCES_RECORD300000189455100_300000189455100,null","","EXT_PERFORMANCES_RECORD300000189455100_300000189455100","S","US","","EXT_PERFORMANCES_RECORD300000189455100_300000189455100","","#null"
"EXT_PERFORMANCES_RECORD300000189455100_300000189455100","2000/01/01","4712/12/31","","Extract Record","","FormulaTranslation","EXT_PERFORMANCES_RECORD300000189455100_300000189455100,null","","EXT_PERFORMANCES_RECORD300000189455100_300000189455100","SF","US","","EXT_PERFORMANCES_RECORD300000189455100_300000189455100","","#null"
"EXT_PERFORMANCES_RECORD300000189455100_300000189455100","2000/01/01","4712/12/31","","Extract Record","","FormulaTranslation","EXT_PERFORMANCES_RECORD300000189455100_300000189455100,null","","EXT_PERFORMANCES_RECORD300000189455100_300000189455100","TH","US","","EXT_PERFORMANCES_RECORD300000189455100_300000189455100","","#null"
"EXT_PERFORMANCES_RECORD300000189455100_300000189455100","2000/01/01","4712/12/31","","Extract Record","","FormulaTranslation","EXT_PERFORMANCES_RECORD300000189455100_300000189455100,null","","EXT_PERFORMANCES_RECORD300000189455100_300000189455100","TR","US","","EXT_PERFORMANCES_RECORD300000189455100_300000189455100","","#null"
"EXT_PERFORMANCES_RECORD300000189455100_300000189455100","2000/01/01","4712/12/31","","Extract Record","","FormulaTranslation","EXT_PERFORMANCES_RECORD300000189455100_300000189455100,null","","EXT_PERFORMANCES_RECORD300000189455100_300000189455100","US","US","","EXT_PERFORMANCES_RECORD300000189455100_300000189455100","","#null"
"EXT_PERFORMANCES_RECORD300000189455100_300000189455100","2000/01/01","4712/12/31","","Extract Record","","FormulaTranslation","EXT_PERFORMANCES_RECORD300000189455100_300000189455100,null","","EXT_PERFORMANCES_RECORD300000189455100_300000189455100","ZHS","US","","EXT_PERFORMANCES_RECORD300000189455100_300000189455100","","#null"
"EXT_PERFORMANCES_RECORD300000189455100_300000189455100","2000/01/01","4712/12/31","","Extract Record","","FormulaTranslation","EXT_PERFORMANCES_RECORD300000189455100_300000189455100,null","","EXT_PERFORMANCES_RECORD300000189455100_300000189455100","ZHT","US","","EXT_PERFORMANCES_RECORD300000189455100_300000189455100","","#null"
