"FF_FORMULA.FormulaName","FF_FORMULA.EffectiveStartDate","FF_FORMULA.EffectiveEndDate","FF_FORMULA.LegislativeDataGroupName","FF_FORMULA.FormulaTypeName","FF_FORMULA.LegislationCode","ViewInstanceName","GroupingKey","Description","FormulaName","Language","SourceLang","LegislativeDataGroupName","BaseFormulaName","FormulaId","LegislativeDataGroupId"
"Norway Self Certified Sick Leave","1950/01/01","4712/12/31","","Global Absence Entry Validation","","FormulaTranslation","NORWAY SELF CERTIFIED SICK LEAVE,null","Prevents employees from registering sick leave if this is less than 16 days apart from another self certified sick leave or sick leave with doctor's notice.","Norway Self Certified Sick Leave","AR","US","","NORWAY SELF CERTIFIED SICK LEAVE","","#null"
"Norway Self Certified Sick Leave","1950/01/01","4712/12/31","","Global Absence Entry Validation","","FormulaTranslation","NORWAY SELF CERTIFIED SICK LEAVE,null","Prevents employees from registering sick leave if this is less than 16 days apart from another self certified sick leave or sick leave with doctor's notice.","Norway Self Certified Sick Leave","CS","US","","NORWAY SELF CERTIFIED SICK LEAVE","","#null"
"Norway Self Certified Sick Leave","1950/01/01","4712/12/31","","Global Absence Entry Validation","","FormulaTranslation","NORWAY SELF CERTIFIED SICK LEAVE,null","Prevents employees from registering sick leave if this is less than 16 days apart from another self certified sick leave or sick leave with doctor's notice.","Norway Self Certified Sick Leave","D","US","","NORWAY SELF CERTIFIED SICK LEAVE","","#null"
"Norway Self Certified Sick Leave","1950/01/01","4712/12/31","","Global Absence Entry Validation","","FormulaTranslation","NORWAY SELF CERTIFIED SICK LEAVE,null","Prevents employees from registering sick leave if this is less than 16 days apart from another self certified sick leave or sick leave with doctor's notice.","Norway Self Certified Sick Leave","DK","US","","NORWAY SELF CERTIFIED SICK LEAVE","","#null"
"Norway Self Certified Sick Leave","1950/01/01","4712/12/31","","Global Absence Entry Validation","","FormulaTranslation","NORWAY SELF CERTIFIED SICK LEAVE,null","Prevents employees from registering sick leave if this is less than 16 days apart from another self certified sick leave or sick leave with doctor's notice.","Norway Self Certified Sick Leave","E","US","","NORWAY SELF CERTIFIED SICK LEAVE","","#null"
"Norway Self Certified Sick Leave","1950/01/01","4712/12/31","","Global Absence Entry Validation","","FormulaTranslation","NORWAY SELF CERTIFIED SICK LEAVE,null","Prevents employees from registering sick leave if this is less than 16 days apart from another self certified sick leave or sick leave with doctor's notice.","Norway Self Certified Sick Leave","F","US","","NORWAY SELF CERTIFIED SICK LEAVE","","#null"
"Norway Self Certified Sick Leave","1950/01/01","4712/12/31","","Global Absence Entry Validation","","FormulaTranslation","NORWAY SELF CERTIFIED SICK LEAVE,null","Prevents employees from registering sick leave if this is less than 16 days apart from another self certified sick leave or sick leave with doctor's notice.","Norway Self Certified Sick Leave","FRC","US","","NORWAY SELF CERTIFIED SICK LEAVE","","#null"
"Norway Self Certified Sick Leave","1950/01/01","4712/12/31","","Global Absence Entry Validation","","FormulaTranslation","NORWAY SELF CERTIFIED SICK LEAVE,null","Prevents employees from registering sick leave if this is less than 16 days apart from another self certified sick leave or sick leave with doctor's notice.","Norway Self Certified Sick Leave","HU","US","","NORWAY SELF CERTIFIED SICK LEAVE","","#null"
"Norway Self Certified Sick Leave","1950/01/01","4712/12/31","","Global Absence Entry Validation","","FormulaTranslation","NORWAY SELF CERTIFIED SICK LEAVE,null","Prevents employees from registering sick leave if this is less than 16 days apart from another self certified sick leave or sick leave with doctor's notice.","Norway Self Certified Sick Leave","I","US","","NORWAY SELF CERTIFIED SICK LEAVE","","#null"
"Norway Self Certified Sick Leave","1950/01/01","4712/12/31","","Global Absence Entry Validation","","FormulaTranslation","NORWAY SELF CERTIFIED SICK LEAVE,null","Prevents employees from registering sick leave if this is less than 16 days apart from another self certified sick leave or sick leave with doctor's notice.","Norway Self Certified Sick Leave","IW","US","","NORWAY SELF CERTIFIED SICK LEAVE","","#null"
"Norway Self Certified Sick Leave","1950/01/01","4712/12/31","","Global Absence Entry Validation","","FormulaTranslation","NORWAY SELF CERTIFIED SICK LEAVE,null","Prevents employees from registering sick leave if this is less than 16 days apart from another self certified sick leave or sick leave with doctor's notice.","Norway Self Certified Sick Leave","JA","US","","NORWAY SELF CERTIFIED SICK LEAVE","","#null"
"Norway Self Certified Sick Leave","1950/01/01","4712/12/31","","Global Absence Entry Validation","","FormulaTranslation","NORWAY SELF CERTIFIED SICK LEAVE,null","Prevents employees from registering sick leave if this is less than 16 days apart from another self certified sick leave or sick leave with doctor's notice.","Norway Self Certified Sick Leave","KO","US","","NORWAY SELF CERTIFIED SICK LEAVE","","#null"
"Norway Self Certified Sick Leave","1950/01/01","4712/12/31","","Global Absence Entry Validation","","FormulaTranslation","NORWAY SELF CERTIFIED SICK LEAVE,null","Prevents employees from registering sick leave if this is less than 16 days apart from another self certified sick leave or sick leave with doctor's notice.","Norway Self Certified Sick Leave","N","US","","NORWAY SELF CERTIFIED SICK LEAVE","","#null"
"Norway Self Certified Sick Leave","1950/01/01","4712/12/31","","Global Absence Entry Validation","","FormulaTranslation","NORWAY SELF CERTIFIED SICK LEAVE,null","Prevents employees from registering sick leave if this is less than 16 days apart from another self certified sick leave or sick leave with doctor's notice.","Norway Self Certified Sick Leave","NL","US","","NORWAY SELF CERTIFIED SICK LEAVE","","#null"
"Norway Self Certified Sick Leave","1950/01/01","4712/12/31","","Global Absence Entry Validation","","FormulaTranslation","NORWAY SELF CERTIFIED SICK LEAVE,null","Prevents employees from registering sick leave if this is less than 16 days apart from another self certified sick leave or sick leave with doctor's notice.","Norway Self Certified Sick Leave","PL","US","","NORWAY SELF CERTIFIED SICK LEAVE","","#null"
"Norway Self Certified Sick Leave","1950/01/01","4712/12/31","","Global Absence Entry Validation","","FormulaTranslation","NORWAY SELF CERTIFIED SICK LEAVE,null","Prevents employees from registering sick leave if this is less than 16 days apart from another self certified sick leave or sick leave with doctor's notice.","Norway Self Certified Sick Leave","PTB","US","","NORWAY SELF CERTIFIED SICK LEAVE","","#null"
"Norway Self Certified Sick Leave","1950/01/01","4712/12/31","","Global Absence Entry Validation","","FormulaTranslation","NORWAY SELF CERTIFIED SICK LEAVE,null","Prevents employees from registering sick leave if this is less than 16 days apart from another self certified sick leave or sick leave with doctor's notice.","Norway Self Certified Sick Leave","RO","US","","NORWAY SELF CERTIFIED SICK LEAVE","","#null"
"Norway Self Certified Sick Leave","1950/01/01","4712/12/31","","Global Absence Entry Validation","","FormulaTranslation","NORWAY SELF CERTIFIED SICK LEAVE,null","Prevents employees from registering sick leave if this is less than 16 days apart from another self certified sick leave or sick leave with doctor's notice.","Norway Self Certified Sick Leave","RU","US","","NORWAY SELF CERTIFIED SICK LEAVE","","#null"
"Norway Self Certified Sick Leave","1950/01/01","4712/12/31","","Global Absence Entry Validation","","FormulaTranslation","NORWAY SELF CERTIFIED SICK LEAVE,null","Prevents employees from registering sick leave if this is less than 16 days apart from another self certified sick leave or sick leave with doctor's notice.","Norway Self Certified Sick Leave","S","US","","NORWAY SELF CERTIFIED SICK LEAVE","","#null"
"Norway Self Certified Sick Leave","1950/01/01","4712/12/31","","Global Absence Entry Validation","","FormulaTranslation","NORWAY SELF CERTIFIED SICK LEAVE,null","Prevents employees from registering sick leave if this is less than 16 days apart from another self certified sick leave or sick leave with doctor's notice.","Norway Self Certified Sick Leave","SF","US","","NORWAY SELF CERTIFIED SICK LEAVE","","#null"
"Norway Self Certified Sick Leave","1950/01/01","4712/12/31","","Global Absence Entry Validation","","FormulaTranslation","NORWAY SELF CERTIFIED SICK LEAVE,null","Prevents employees from registering sick leave if this is less than 16 days apart from another self certified sick leave or sick leave with doctor's notice.","Norway Self Certified Sick Leave","TH","US","","NORWAY SELF CERTIFIED SICK LEAVE","","#null"
"Norway Self Certified Sick Leave","1950/01/01","4712/12/31","","Global Absence Entry Validation","","FormulaTranslation","NORWAY SELF CERTIFIED SICK LEAVE,null","Prevents employees from registering sick leave if this is less than 16 days apart from another self certified sick leave or sick leave with doctor's notice.","Norway Self Certified Sick Leave","TR","US","","NORWAY SELF CERTIFIED SICK LEAVE","","#null"
"Norway Self Certified Sick Leave","1950/01/01","4712/12/31","","Global Absence Entry Validation","","FormulaTranslation","NORWAY SELF CERTIFIED SICK LEAVE,null","Prevents employees from registering sick leave if this is less than 16 days apart from another self certified sick leave or sick leave with doctor's notice.","Norway Self Certified Sick Leave","US","US","","NORWAY SELF CERTIFIED SICK LEAVE","","#null"
"Norway Self Certified Sick Leave","1950/01/01","4712/12/31","","Global Absence Entry Validation","","FormulaTranslation","NORWAY SELF CERTIFIED SICK LEAVE,null","Prevents employees from registering sick leave if this is less than 16 days apart from another self certified sick leave or sick leave with doctor's notice.","Norway Self Certified Sick Leave","ZHS","US","","NORWAY SELF CERTIFIED SICK LEAVE","","#null"
"Norway Self Certified Sick Leave","1950/01/01","4712/12/31","","Global Absence Entry Validation","","FormulaTranslation","NORWAY SELF CERTIFIED SICK LEAVE,null","Prevents employees from registering sick leave if this is less than 16 days apart from another self certified sick leave or sick leave with doctor's notice.","Norway Self Certified Sick Leave","ZHT","US","","NORWAY SELF CERTIFIED SICK LEAVE","","#null"
