{
    "supplier_id": 300000042390398,
    "supplier_number": null,
    "party_id": null,
    "supplier_type": null,
    "supplier_name": null,
    "alternate_name": null,
    "tax_organization_type": null,
    "inactive_date": null,
    "status": null,
    "business_relationship": null,
    "parent_supplier": null,
    "change_description": null,
    "alias": null,
    "tax_registration_country": null,
    "tax_registration_number": null,
    "federal_reportable_flag": null,
    "federal_income_taxtype_code": null,
    "federal_income_taxtype": null,
    "state_reportable_flag": null,
    "re_supplier_name": null,
    "re_alternate_name": null,
    "re_tax_organization_type": null,
    "re_inactive_date": null,
    "re_parent_supplier": null,
    "re_alias": null,
    "re_tax_registration_country": null,
    "re_tax_registration_number": null,
    "re_federal_reportable_flag": null,
    "re_federal_income_taxtype_code": null,
    "re_federal_income_taxtype": null,
    "taxpayer_country": null,
    "taxpayer_id": null,
    "re_taxpayer_country": null,
    "re_taxpayer_id": null,
    "re_state_reportable_flag": null,
    "request_id": 1000000000001,
    "creation_date": null,
    "last_update_date": null,
    "created_by": null,
    "last_updated_by": null,
    "classification_not_applicable_flag": null,
    "api_response": null,
    "links": [
        {
            "rel": "self",
            "href": "https://geaf59a9f800a70-cfsatpdev.adb.us-ashburn-1.oraclecloudapps.com/ords/extensions/cfs_smf_supplier_header_tbl/300000042390398,1000000000001"
        },
        {
            "rel": "edit",
            "href": "https://geaf59a9f800a70-cfsatpdev.adb.us-ashburn-1.oraclecloudapps.com/ords/extensions/cfs_smf_supplier_header_tbl/300000042390398,1000000000001"
        },
        {
            "rel": "describedby",
            "href": "https://geaf59a9f800a70-cfsatpdev.adb.us-ashburn-1.oraclecloudapps.com/ords/extensions/metadata-catalog/cfs_smf_supplier_header_tbl/item"
        },
        {
            "rel": "collection",
            "href": "https://geaf59a9f800a70-cfsatpdev.adb.us-ashburn-1.oraclecloudapps.com/ords/extensions/cfs_smf_supplier_header_tbl/"
        }
    ]
}