"FF_FORMULA.FormulaName","FF_FORMULA.EffectiveStartDate","FF_FORMULA.EffectiveEndDate","FF_FORMULA.LegislativeDataGroupName","FF_FORMULA.FormulaTypeName","FF_FORMULA.LegislationCode","ViewInstanceName","GroupingKey","Description","FormulaName","Language","SourceLang","LegislativeDataGroupName","BaseFormulaName","FormulaId","LegislativeDataGroupId"
"Performance_FF_Example_Using_Participant_Ratings_with_Managers_Ratings","2021/12/30","4712/12/31","","Performance Rating Calculation","","FormulaTranslation","PERFORMANCE_FF_EXAMPLE_USING_PARTICIPANT_RATINGS_WITH_MANAGERS_RATINGS,null","Sample: This fast formula is used for 360 degree review scenario and    used for Overall section only.   In this fast formula, user could define different calculation   rules for different participant role types","Performance_FF_Example_Using_Participant_Ratings_with_Managers_Ratings","AR","US","","PERFORMANCE_FF_EXAMPLE_USING_PARTICIPANT_RATINGS_WITH_MANAGERS_RATINGS","","#null"
"Performance_FF_Example_Using_Participant_Ratings_with_Managers_Ratings","2021/12/30","4712/12/31","","Performance Rating Calculation","","FormulaTranslation","PERFORMANCE_FF_EXAMPLE_USING_PARTICIPANT_RATINGS_WITH_MANAGERS_RATINGS,null","Sample: This fast formula is used for 360 degree review scenario and    used for Overall section only.   In this fast formula, user could define different calculation   rules for different participant role types","Performance_FF_Example_Using_Participant_Ratings_with_Managers_Ratings","CS","US","","PERFORMANCE_FF_EXAMPLE_USING_PARTICIPANT_RATINGS_WITH_MANAGERS_RATINGS","","#null"
"Performance_FF_Example_Using_Participant_Ratings_with_Managers_Ratings","2021/12/30","4712/12/31","","Performance Rating Calculation","","FormulaTranslation","PERFORMANCE_FF_EXAMPLE_USING_PARTICIPANT_RATINGS_WITH_MANAGERS_RATINGS,null","Sample: This fast formula is used for 360 degree review scenario and    used for Overall section only.   In this fast formula, user could define different calculation   rules for different participant role types","Performance_FF_Example_Using_Participant_Ratings_with_Managers_Ratings","D","US","","PERFORMANCE_FF_EXAMPLE_USING_PARTICIPANT_RATINGS_WITH_MANAGERS_RATINGS","","#null"
"Performance_FF_Example_Using_Participant_Ratings_with_Managers_Ratings","2021/12/30","4712/12/31","","Performance Rating Calculation","","FormulaTranslation","PERFORMANCE_FF_EXAMPLE_USING_PARTICIPANT_RATINGS_WITH_MANAGERS_RATINGS,null","Sample: This fast formula is used for 360 degree review scenario and    used for Overall section only.   In this fast formula, user could define different calculation   rules for different participant role types","Performance_FF_Example_Using_Participant_Ratings_with_Managers_Ratings","DK","US","","PERFORMANCE_FF_EXAMPLE_USING_PARTICIPANT_RATINGS_WITH_MANAGERS_RATINGS","","#null"
"Performance_FF_Example_Using_Participant_Ratings_with_Managers_Ratings","2021/12/30","4712/12/31","","Performance Rating Calculation","","FormulaTranslation","PERFORMANCE_FF_EXAMPLE_USING_PARTICIPANT_RATINGS_WITH_MANAGERS_RATINGS,null","Sample: This fast formula is used for 360 degree review scenario and    used for Overall section only.   In this fast formula, user could define different calculation   rules for different participant role types","Performance_FF_Example_Using_Participant_Ratings_with_Managers_Ratings","E","US","","PERFORMANCE_FF_EXAMPLE_USING_PARTICIPANT_RATINGS_WITH_MANAGERS_RATINGS","","#null"
"Performance_FF_Example_Using_Participant_Ratings_with_Managers_Ratings","2021/12/30","4712/12/31","","Performance Rating Calculation","","FormulaTranslation","PERFORMANCE_FF_EXAMPLE_USING_PARTICIPANT_RATINGS_WITH_MANAGERS_RATINGS,null","Sample: This fast formula is used for 360 degree review scenario and    used for Overall section only.   In this fast formula, user could define different calculation   rules for different participant role types","Performance_FF_Example_Using_Participant_Ratings_with_Managers_Ratings","EL","US","","PERFORMANCE_FF_EXAMPLE_USING_PARTICIPANT_RATINGS_WITH_MANAGERS_RATINGS","","#null"
"Performance_FF_Example_Using_Participant_Ratings_with_Managers_Ratings","2021/12/30","4712/12/31","","Performance Rating Calculation","","FormulaTranslation","PERFORMANCE_FF_EXAMPLE_USING_PARTICIPANT_RATINGS_WITH_MANAGERS_RATINGS,null","Sample: This fast formula is used for 360 degree review scenario and    used for Overall section only.   In this fast formula, user could define different calculation   rules for different participant role types","Performance_FF_Example_Using_Participant_Ratings_with_Managers_Ratings","ESA","US","","PERFORMANCE_FF_EXAMPLE_USING_PARTICIPANT_RATINGS_WITH_MANAGERS_RATINGS","","#null"
"Performance_FF_Example_Using_Participant_Ratings_with_Managers_Ratings","2021/12/30","4712/12/31","","Performance Rating Calculation","","FormulaTranslation","PERFORMANCE_FF_EXAMPLE_USING_PARTICIPANT_RATINGS_WITH_MANAGERS_RATINGS,null","Sample: This fast formula is used for 360 degree review scenario and    used for Overall section only.   In this fast formula, user could define different calculation   rules for different participant role types","Performance_FF_Example_Using_Participant_Ratings_with_Managers_Ratings","ET","US","","PERFORMANCE_FF_EXAMPLE_USING_PARTICIPANT_RATINGS_WITH_MANAGERS_RATINGS","","#null"
"Performance_FF_Example_Using_Participant_Ratings_with_Managers_Ratings","2021/12/30","4712/12/31","","Performance Rating Calculation","","FormulaTranslation","PERFORMANCE_FF_EXAMPLE_USING_PARTICIPANT_RATINGS_WITH_MANAGERS_RATINGS,null","Sample: This fast formula is used for 360 degree review scenario and    used for Overall section only.   In this fast formula, user could define different calculation   rules for different participant role types","Performance_FF_Example_Using_Participant_Ratings_with_Managers_Ratings","F","US","","PERFORMANCE_FF_EXAMPLE_USING_PARTICIPANT_RATINGS_WITH_MANAGERS_RATINGS","","#null"
"Performance_FF_Example_Using_Participant_Ratings_with_Managers_Ratings","2021/12/30","4712/12/31","","Performance Rating Calculation","","FormulaTranslation","PERFORMANCE_FF_EXAMPLE_USING_PARTICIPANT_RATINGS_WITH_MANAGERS_RATINGS,null","Sample: This fast formula is used for 360 degree review scenario and    used for Overall section only.   In this fast formula, user could define different calculation   rules for different participant role types","Performance_FF_Example_Using_Participant_Ratings_with_Managers_Ratings","FRC","US","","PERFORMANCE_FF_EXAMPLE_USING_PARTICIPANT_RATINGS_WITH_MANAGERS_RATINGS","","#null"
"Performance_FF_Example_Using_Participant_Ratings_with_Managers_Ratings","2021/12/30","4712/12/31","","Performance Rating Calculation","","FormulaTranslation","PERFORMANCE_FF_EXAMPLE_USING_PARTICIPANT_RATINGS_WITH_MANAGERS_RATINGS,null","Sample: This fast formula is used for 360 degree review scenario and    used for Overall section only.   In this fast formula, user could define different calculation   rules for different participant role types","Performance_FF_Example_Using_Participant_Ratings_with_Managers_Ratings","HR","US","","PERFORMANCE_FF_EXAMPLE_USING_PARTICIPANT_RATINGS_WITH_MANAGERS_RATINGS","","#null"
"Performance_FF_Example_Using_Participant_Ratings_with_Managers_Ratings","2021/12/30","4712/12/31","","Performance Rating Calculation","","FormulaTranslation","PERFORMANCE_FF_EXAMPLE_USING_PARTICIPANT_RATINGS_WITH_MANAGERS_RATINGS,null","Sample: This fast formula is used for 360 degree review scenario and    used for Overall section only.   In this fast formula, user could define different calculation   rules for different participant role types","Performance_FF_Example_Using_Participant_Ratings_with_Managers_Ratings","HU","US","","PERFORMANCE_FF_EXAMPLE_USING_PARTICIPANT_RATINGS_WITH_MANAGERS_RATINGS","","#null"
"Performance_FF_Example_Using_Participant_Ratings_with_Managers_Ratings","2021/12/30","4712/12/31","","Performance Rating Calculation","","FormulaTranslation","PERFORMANCE_FF_EXAMPLE_USING_PARTICIPANT_RATINGS_WITH_MANAGERS_RATINGS,null","Sample: This fast formula is used for 360 degree review scenario and    used for Overall section only.   In this fast formula, user could define different calculation   rules for different participant role types","Performance_FF_Example_Using_Participant_Ratings_with_Managers_Ratings","I","US","","PERFORMANCE_FF_EXAMPLE_USING_PARTICIPANT_RATINGS_WITH_MANAGERS_RATINGS","","#null"
"Performance_FF_Example_Using_Participant_Ratings_with_Managers_Ratings","2021/12/30","4712/12/31","","Performance Rating Calculation","","FormulaTranslation","PERFORMANCE_FF_EXAMPLE_USING_PARTICIPANT_RATINGS_WITH_MANAGERS_RATINGS,null","Sample: This fast formula is used for 360 degree review scenario and    used for Overall section only.   In this fast formula, user could define different calculation   rules for different participant role types","Performance_FF_Example_Using_Participant_Ratings_with_Managers_Ratings","IS","US","","PERFORMANCE_FF_EXAMPLE_USING_PARTICIPANT_RATINGS_WITH_MANAGERS_RATINGS","","#null"
"Performance_FF_Example_Using_Participant_Ratings_with_Managers_Ratings","2021/12/30","4712/12/31","","Performance Rating Calculation","","FormulaTranslation","PERFORMANCE_FF_EXAMPLE_USING_PARTICIPANT_RATINGS_WITH_MANAGERS_RATINGS,null","Sample: This fast formula is used for 360 degree review scenario and    used for Overall section only.   In this fast formula, user could define different calculation   rules for different participant role types","Performance_FF_Example_Using_Participant_Ratings_with_Managers_Ratings","IW","US","","PERFORMANCE_FF_EXAMPLE_USING_PARTICIPANT_RATINGS_WITH_MANAGERS_RATINGS","","#null"
"Performance_FF_Example_Using_Participant_Ratings_with_Managers_Ratings","2021/12/30","4712/12/31","","Performance Rating Calculation","","FormulaTranslation","PERFORMANCE_FF_EXAMPLE_USING_PARTICIPANT_RATINGS_WITH_MANAGERS_RATINGS,null","Sample: This fast formula is used for 360 degree review scenario and    used for Overall section only.   In this fast formula, user could define different calculation   rules for different participant role types","Performance_FF_Example_Using_Participant_Ratings_with_Managers_Ratings","JA","US","","PERFORMANCE_FF_EXAMPLE_USING_PARTICIPANT_RATINGS_WITH_MANAGERS_RATINGS","","#null"
"Performance_FF_Example_Using_Participant_Ratings_with_Managers_Ratings","2021/12/30","4712/12/31","","Performance Rating Calculation","","FormulaTranslation","PERFORMANCE_FF_EXAMPLE_USING_PARTICIPANT_RATINGS_WITH_MANAGERS_RATINGS,null","Sample: This fast formula is used for 360 degree review scenario and    used for Overall section only.   In this fast formula, user could define different calculation   rules for different participant role types","Performance_FF_Example_Using_Participant_Ratings_with_Managers_Ratings","KO","US","","PERFORMANCE_FF_EXAMPLE_USING_PARTICIPANT_RATINGS_WITH_MANAGERS_RATINGS","","#null"
"Performance_FF_Example_Using_Participant_Ratings_with_Managers_Ratings","2021/12/30","4712/12/31","","Performance Rating Calculation","","FormulaTranslation","PERFORMANCE_FF_EXAMPLE_USING_PARTICIPANT_RATINGS_WITH_MANAGERS_RATINGS,null","Sample: This fast formula is used for 360 degree review scenario and    used for Overall section only.   In this fast formula, user could define different calculation   rules for different participant role types","Performance_FF_Example_Using_Participant_Ratings_with_Managers_Ratings","LT","US","","PERFORMANCE_FF_EXAMPLE_USING_PARTICIPANT_RATINGS_WITH_MANAGERS_RATINGS","","#null"
"Performance_FF_Example_Using_Participant_Ratings_with_Managers_Ratings","2021/12/30","4712/12/31","","Performance Rating Calculation","","FormulaTranslation","PERFORMANCE_FF_EXAMPLE_USING_PARTICIPANT_RATINGS_WITH_MANAGERS_RATINGS,null","Sample: This fast formula is used for 360 degree review scenario and    used for Overall section only.   In this fast formula, user could define different calculation   rules for different participant role types","Performance_FF_Example_Using_Participant_Ratings_with_Managers_Ratings","LV","US","","PERFORMANCE_FF_EXAMPLE_USING_PARTICIPANT_RATINGS_WITH_MANAGERS_RATINGS","","#null"
"Performance_FF_Example_Using_Participant_Ratings_with_Managers_Ratings","2021/12/30","4712/12/31","","Performance Rating Calculation","","FormulaTranslation","PERFORMANCE_FF_EXAMPLE_USING_PARTICIPANT_RATINGS_WITH_MANAGERS_RATINGS,null","Sample: This fast formula is used for 360 degree review scenario and    used for Overall section only.   In this fast formula, user could define different calculation   rules for different participant role types","Performance_FF_Example_Using_Participant_Ratings_with_Managers_Ratings","N","US","","PERFORMANCE_FF_EXAMPLE_USING_PARTICIPANT_RATINGS_WITH_MANAGERS_RATINGS","","#null"
"Performance_FF_Example_Using_Participant_Ratings_with_Managers_Ratings","2021/12/30","4712/12/31","","Performance Rating Calculation","","FormulaTranslation","PERFORMANCE_FF_EXAMPLE_USING_PARTICIPANT_RATINGS_WITH_MANAGERS_RATINGS,null","Sample: This fast formula is used for 360 degree review scenario and    used for Overall section only.   In this fast formula, user could define different calculation   rules for different participant role types","Performance_FF_Example_Using_Participant_Ratings_with_Managers_Ratings","NL","US","","PERFORMANCE_FF_EXAMPLE_USING_PARTICIPANT_RATINGS_WITH_MANAGERS_RATINGS","","#null"
"Performance_FF_Example_Using_Participant_Ratings_with_Managers_Ratings","2021/12/30","4712/12/31","","Performance Rating Calculation","","FormulaTranslation","PERFORMANCE_FF_EXAMPLE_USING_PARTICIPANT_RATINGS_WITH_MANAGERS_RATINGS,null","Sample: This fast formula is used for 360 degree review scenario and    used for Overall section only.   In this fast formula, user could define different calculation   rules for different participant role types","Performance_FF_Example_Using_Participant_Ratings_with_Managers_Ratings","PL","US","","PERFORMANCE_FF_EXAMPLE_USING_PARTICIPANT_RATINGS_WITH_MANAGERS_RATINGS","","#null"
"Performance_FF_Example_Using_Participant_Ratings_with_Managers_Ratings","2021/12/30","4712/12/31","","Performance Rating Calculation","","FormulaTranslation","PERFORMANCE_FF_EXAMPLE_USING_PARTICIPANT_RATINGS_WITH_MANAGERS_RATINGS,null","Sample: This fast formula is used for 360 degree review scenario and    used for Overall section only.   In this fast formula, user could define different calculation   rules for different participant role types","Performance_FF_Example_Using_Participant_Ratings_with_Managers_Ratings","PT","US","","PERFORMANCE_FF_EXAMPLE_USING_PARTICIPANT_RATINGS_WITH_MANAGERS_RATINGS","","#null"
"Performance_FF_Example_Using_Participant_Ratings_with_Managers_Ratings","2021/12/30","4712/12/31","","Performance Rating Calculation","","FormulaTranslation","PERFORMANCE_FF_EXAMPLE_USING_PARTICIPANT_RATINGS_WITH_MANAGERS_RATINGS,null","Sample: This fast formula is used for 360 degree review scenario and    used for Overall section only.   In this fast formula, user could define different calculation   rules for different participant role types","Performance_FF_Example_Using_Participant_Ratings_with_Managers_Ratings","PTB","US","","PERFORMANCE_FF_EXAMPLE_USING_PARTICIPANT_RATINGS_WITH_MANAGERS_RATINGS","","#null"
"Performance_FF_Example_Using_Participant_Ratings_with_Managers_Ratings","2021/12/30","4712/12/31","","Performance Rating Calculation","","FormulaTranslation","PERFORMANCE_FF_EXAMPLE_USING_PARTICIPANT_RATINGS_WITH_MANAGERS_RATINGS,null","Sample: This fast formula is used for 360 degree review scenario and    used for Overall section only.   In this fast formula, user could define different calculation   rules for different participant role types","Performance_FF_Example_Using_Participant_Ratings_with_Managers_Ratings","RO","US","","PERFORMANCE_FF_EXAMPLE_USING_PARTICIPANT_RATINGS_WITH_MANAGERS_RATINGS","","#null"
"Performance_FF_Example_Using_Participant_Ratings_with_Managers_Ratings","2021/12/30","4712/12/31","","Performance Rating Calculation","","FormulaTranslation","PERFORMANCE_FF_EXAMPLE_USING_PARTICIPANT_RATINGS_WITH_MANAGERS_RATINGS,null","Sample: This fast formula is used for 360 degree review scenario and    used for Overall section only.   In this fast formula, user could define different calculation   rules for different participant role types","Performance_FF_Example_Using_Participant_Ratings_with_Managers_Ratings","RU","US","","PERFORMANCE_FF_EXAMPLE_USING_PARTICIPANT_RATINGS_WITH_MANAGERS_RATINGS","","#null"
"Performance_FF_Example_Using_Participant_Ratings_with_Managers_Ratings","2021/12/30","4712/12/31","","Performance Rating Calculation","","FormulaTranslation","PERFORMANCE_FF_EXAMPLE_USING_PARTICIPANT_RATINGS_WITH_MANAGERS_RATINGS,null","Sample: This fast formula is used for 360 degree review scenario and    used for Overall section only.   In this fast formula, user could define different calculation   rules for different participant role types","Performance_FF_Example_Using_Participant_Ratings_with_Managers_Ratings","S","US","","PERFORMANCE_FF_EXAMPLE_USING_PARTICIPANT_RATINGS_WITH_MANAGERS_RATINGS","","#null"
"Performance_FF_Example_Using_Participant_Ratings_with_Managers_Ratings","2021/12/30","4712/12/31","","Performance Rating Calculation","","FormulaTranslation","PERFORMANCE_FF_EXAMPLE_USING_PARTICIPANT_RATINGS_WITH_MANAGERS_RATINGS,null","Sample: This fast formula is used for 360 degree review scenario and    used for Overall section only.   In this fast formula, user could define different calculation   rules for different participant role types","Performance_FF_Example_Using_Participant_Ratings_with_Managers_Ratings","SF","US","","PERFORMANCE_FF_EXAMPLE_USING_PARTICIPANT_RATINGS_WITH_MANAGERS_RATINGS","","#null"
"Performance_FF_Example_Using_Participant_Ratings_with_Managers_Ratings","2021/12/30","4712/12/31","","Performance Rating Calculation","","FormulaTranslation","PERFORMANCE_FF_EXAMPLE_USING_PARTICIPANT_RATINGS_WITH_MANAGERS_RATINGS,null","Sample: This fast formula is used for 360 degree review scenario and    used for Overall section only.   In this fast formula, user could define different calculation   rules for different participant role types","Performance_FF_Example_Using_Participant_Ratings_with_Managers_Ratings","SK","US","","PERFORMANCE_FF_EXAMPLE_USING_PARTICIPANT_RATINGS_WITH_MANAGERS_RATINGS","","#null"
"Performance_FF_Example_Using_Participant_Ratings_with_Managers_Ratings","2021/12/30","4712/12/31","","Performance Rating Calculation","","FormulaTranslation","PERFORMANCE_FF_EXAMPLE_USING_PARTICIPANT_RATINGS_WITH_MANAGERS_RATINGS,null","Sample: This fast formula is used for 360 degree review scenario and    used for Overall section only.   In this fast formula, user could define different calculation   rules for different participant role types","Performance_FF_Example_Using_Participant_Ratings_with_Managers_Ratings","SL","US","","PERFORMANCE_FF_EXAMPLE_USING_PARTICIPANT_RATINGS_WITH_MANAGERS_RATINGS","","#null"
"Performance_FF_Example_Using_Participant_Ratings_with_Managers_Ratings","2021/12/30","4712/12/31","","Performance Rating Calculation","","FormulaTranslation","PERFORMANCE_FF_EXAMPLE_USING_PARTICIPANT_RATINGS_WITH_MANAGERS_RATINGS,null","Sample: This fast formula is used for 360 degree review scenario and    used for Overall section only.   In this fast formula, user could define different calculation   rules for different participant role types","Performance_FF_Example_Using_Participant_Ratings_with_Managers_Ratings","TH","US","","PERFORMANCE_FF_EXAMPLE_USING_PARTICIPANT_RATINGS_WITH_MANAGERS_RATINGS","","#null"
"Performance_FF_Example_Using_Participant_Ratings_with_Managers_Ratings","2021/12/30","4712/12/31","","Performance Rating Calculation","","FormulaTranslation","PERFORMANCE_FF_EXAMPLE_USING_PARTICIPANT_RATINGS_WITH_MANAGERS_RATINGS,null","Sample: This fast formula is used for 360 degree review scenario and    used for Overall section only.   In this fast formula, user could define different calculation   rules for different participant role types","Performance_FF_Example_Using_Participant_Ratings_with_Managers_Ratings","TR","US","","PERFORMANCE_FF_EXAMPLE_USING_PARTICIPANT_RATINGS_WITH_MANAGERS_RATINGS","","#null"
"Performance_FF_Example_Using_Participant_Ratings_with_Managers_Ratings","2021/12/30","4712/12/31","","Performance Rating Calculation","","FormulaTranslation","PERFORMANCE_FF_EXAMPLE_USING_PARTICIPANT_RATINGS_WITH_MANAGERS_RATINGS,null","Sample: This fast formula is used for 360 degree review scenario and    used for Overall section only.   In this fast formula, user could define different calculation   rules for different participant role types","Performance_FF_Example_Using_Participant_Ratings_with_Managers_Ratings","US","US","","PERFORMANCE_FF_EXAMPLE_USING_PARTICIPANT_RATINGS_WITH_MANAGERS_RATINGS","","#null"
"Performance_FF_Example_Using_Participant_Ratings_with_Managers_Ratings","2021/12/30","4712/12/31","","Performance Rating Calculation","","FormulaTranslation","PERFORMANCE_FF_EXAMPLE_USING_PARTICIPANT_RATINGS_WITH_MANAGERS_RATINGS,null","Sample: This fast formula is used for 360 degree review scenario and    used for Overall section only.   In this fast formula, user could define different calculation   rules for different participant role types","Performance_FF_Example_Using_Participant_Ratings_with_Managers_Ratings","ZHS","US","","PERFORMANCE_FF_EXAMPLE_USING_PARTICIPANT_RATINGS_WITH_MANAGERS_RATINGS","","#null"
"Performance_FF_Example_Using_Participant_Ratings_with_Managers_Ratings","2021/12/30","4712/12/31","","Performance Rating Calculation","","FormulaTranslation","PERFORMANCE_FF_EXAMPLE_USING_PARTICIPANT_RATINGS_WITH_MANAGERS_RATINGS,null","Sample: This fast formula is used for 360 degree review scenario and    used for Overall section only.   In this fast formula, user could define different calculation   rules for different participant role types","Performance_FF_Example_Using_Participant_Ratings_with_Managers_Ratings","ZHT","US","","PERFORMANCE_FF_EXAMPLE_USING_PARTICIPANT_RATINGS_WITH_MANAGERS_RATINGS","","#null"
