"XLE_ENTITY_PROFILE.LegalEntityIdentifier","Name","ActivityCode","Attribute10","Attribute11","Attribute12","Attribute13","Attribute14","Attribute15","Attribute16","Attribute17","Attribute18","Attribute19","Attribute2","Attribute20","Attribute3","Attribute4","Attribute5","Attribute6","Attribute7","Attribute8","Attribute9","AttributeCategory","EffectiveFrom","EffectiveTo","EtbInformation1","EtbInformation10","EtbInformation11","EtbInformation12","EtbInformation13","EtbInformation14","EtbInformation15","EtbInformation16","EtbInformation17","EtbInformation18","EtbInformation19","EtbInformation2","EtbInformation20","EtbInformation3","EtbInformation4","EtbInformation5","EtbInformation6","EtbInformation7","EtbInformation8","EtbInformation9","EtbInformationContext","MainEffectiveFrom","MainEffectiveTo","MainEstablishmentFlag","SubActivityCode","TypeOfCompany","GeographyCode","GeographyName","GeographyType","GeographyUse","GeographyCodeTransient","GeographyTypeTransient","GeographyUseTransient","GeographyNameTransient","GeographyElement1","GeographyElement2","GeographyElement3","GeographyElement4","GeographyElement5","GeographyElement6","GeographyElement7","GeographyElement8","GeographyElement9","GeographyElement10","AttributeDate1","AttributeDate2","AttributeDate3","AttributeDate4","AttributeDate5","AttributeNumber1","AttributeNumber2","AttributeNumber3","AttributeNumber4","AttributeNumber5","EtbInformationDate1","EtbInformationDate2","EtbInformationDate3","EtbInformationDate4","EtbInformationDate5","EtbInformationNumber1","EtbInformationNumber2","EtbInformationNumber3","EtbInformationNumber4","EtbInformationNumber5"
"LE_US_2","US2 Legal Entity","","","","","","","","","","","","","","","","","","","","","","1951/01/01","","","","","","","","","","","","","","","","","","","","","","US","","","Y","","","US","United States","COUNTRY","MASTER_REF","US","COUNTRY","MASTER_REF","United States","United States","","","","","","","","","","","","","","","","","","","","","","","","","","","","",""
"LE_UK_1","UK Legal Entity","","","","","","","","","","","","","","","","","","","","","","","","","","","","","","","","","","","","","","","","","","","","GB","","","Y","","","GB","United Kingdom","COUNTRY","MASTER_REF","GB","COUNTRY","MASTER_REF","United Kingdom","United Kingdom","","","","","","","","","","","","","","","","","","","","","","","","","","","","",""
"LE_AU_1","Australia Legal Entity","","","","","","","","","","","","","","","","","","","","","","","","","","","","","","","","","","","","","","","","","","","","AU","","","Y","","","AU","Australia","COUNTRY","MASTER_REF","AU","COUNTRY","MASTER_REF","Australia","Australia","","","","","","","","","","","","","","","","","","","","","","","","","","","","",""
"LE_CA_1","Canada Legal Entity","","","","","","","","","","","","","","","","","","","","","","","","","","","","","","","","","","","","","","","","","","","","CA","","","Y","","","CA","Canada","COUNTRY","MASTER_REF","CA","COUNTRY","MASTER_REF","Canada","Canada","","","","","","","","","","","","","","","","","","","","","","","","","","","","",""
"LE_TW_1","Taiwan Legal Entity","","","","","","","","","","","","","","","","","","","","","","1951/01/01","","","","","","","","","","","","","","","","","","","","","","TW","","","Y","","","TW","Taiwan","COUNTRY","MASTER_REF","TW","COUNTRY","MASTER_REF","Taiwan","Taiwan","","","","","","","","","","","","","","","","","","","","","","","","","","","","",""
"LE_BE_1","Belgium Legal Entity","","","","","","","","","","","","","","","","","","","","","","1951/01/01","","","","","","","","","","","","","","","","","","","","","","BE","","","Y","","","BE","Belgium","COUNTRY","MASTER_REF","BE","COUNTRY","MASTER_REF","Belgium","Belgium","","","","","","","","","","","","","","","","","","","","","","","","","","","","",""
"LE_BH_1","Bahrain Legal Entity","","","","","","","","","","","","","","","","","","","","","","1951/01/01","","","","","","","","","","","","","","","","","","","","","","BH","","","Y","","","BH","Bahrain","COUNTRY","MASTER_REF","BH","COUNTRY","MASTER_REF","Bahrain","Bahrain","","","","","","","","","","","","","","","","","","","","","","","","","","","","",""
"LE_PT_1","Portugal Legal Entity","","","","","","","","","","","","","","","","","","","","","","1951/01/01","","","","","","","","","","","","","","","","","","","","","","PT","","","Y","","","PT","Portugal","COUNTRY","MASTER_REF","PT","COUNTRY","MASTER_REF","Portugal","Portugal","","","","","","","","","","","","","","","","","","","","","","","","","","","","",""
"LE_ZA_1","South Africa Legal Entity","","","","","","","","","","","","","","","","","","","","","","1951/01/01","","","","","","","","","","","","","","","","","","","","","","ZA","","","Y","","","ZA","South Africa","COUNTRY","MASTER_REF","ZA","COUNTRY","MASTER_REF","South Africa","South Africa","","","","","","","","","","","","","","","","","","","","","","","","","","","","",""
"LE_ID_1","Indonesia Legal Entity","","","","","","","","","","","","","","","","","","","","","","1951/01/01","","","","","","","","","","","","","","","","","","","","","","ID","","","Y","","","ID","Indonesia","COUNTRY","MASTER_REF","ID","COUNTRY","MASTER_REF","Indonesia","Indonesia","","","","","","","","","","","","","","","","","","","","","","","","","","","","",""
"LE_LU_1","Luxembourg Legal Entity","","","","","","","","","","","","","","","","","","","","","","1951/01/01","","","","","","","","","","","","","","","","","","","","","","LU","","","Y","","","LU","Luxembourg","COUNTRY","MASTER_REF","LU","COUNTRY","MASTER_REF","Luxembourg","Luxembourg","","","","","","","","","","","","","","","","","","","","","","","","","","","","",""
"LE_PH_1","Philippines Legal Entity","","","","","","","","","","","","","","","","","","","","","","1951/01/01","","","","","","","","","","","","","","","","","","","","","","PH","","","Y","","","PH","Philippines","COUNTRY","MASTER_REF","PH","COUNTRY","MASTER_REF","Philippines","Philippines","","","","","","","","","","","","","","","","","","","","","","","","","","","","",""
"LE_TH_1","Thailand Legal Entity","","","","","","","","","","","","","","","","","","","","","","1951/01/01","","","","","","","","","","","","","","","","","","","","","","TH","","","Y","","","TH","Thailand","COUNTRY","MASTER_REF","TH","COUNTRY","MASTER_REF","Thailand","Thailand","","","","","","","","","","","","","","","","","","","","","","","","","","","","",""
"LE_VN_1","Viet Nam Legal Entity","","","","","","","","","","","","","","","","","","","","","","1951/01/01","","","","","","","","","","","","","","","","","","","","","","VN","","","Y","","","VN","Viet Nam","COUNTRY","MASTER_REF","VN","COUNTRY","MASTER_REF","Viet Nam","Viet Nam","","","","","","","","","","","","","","","","","","","","","","","","","","","","",""
"LE_PK_1","Pakistan Legal Entity","","","","","","","","","","","","","","","","","","","","","","1951/01/01","","","","","","","","","","","","","","","","","","","","","","PK","","","Y","","","PK","Pakistan","COUNTRY","MASTER_REF","PK","COUNTRY","MASTER_REF","Pakistan","Pakistan","","","","","","","","","","","","","","","","","","","","","","","","","","","","",""
"LE_MA_1","Morocco Legal Entity","","","","","","","","","","","","","","","","","","","","","","1951/01/01","","","","","","","","","","","","","","","","","","","","","","MA","","","Y","","","MA","Morocco","COUNTRY","MASTER_REF","MA","COUNTRY","MASTER_REF","Morocco","Morocco","","","","","","","","","","","","","","","","","","","","","","","","","","","","",""
"Italy Legal Entity 2","Italy Legal Entity 2","","","","","","","","","","","","","","","","","","","","","","1901/01/01","","","","","","","","","","","","","","","","","","","","","","IT","","","Y","","","IT","Italy","COUNTRY","MASTER_REF","IT","COUNTRY","MASTER_REF","Italy","Italy","","","","","","","","","","","","","","","","","","","","","","","","","","","","",""
"LE_ES_2","Spain Legal Entity2","","","","","","","","","","","","","","","","","","","","","","1951/01/01","","","","","","","","","","","","","","","","","","","","","","ES","","","Y","","","ES","Spain","COUNTRY","MASTER_REF","ES","COUNTRY","MASTER_REF","Spain","Spain","","","","","","","","","","","","","","","","","","","","","","","","","","","","",""
"LE_DE_2","Germany Legal Entity 2","","","","","","","","","","","","","","","","","","","","","","1951/01/01","","","","","","","","","","","","","","","","","","","","","","DE","","","Y","","","DE","Germany","COUNTRY","MASTER_REF","DE","COUNTRY","MASTER_REF","Germany","Germany","","","","","","","","","","","","","","","","","","","","","","","","","","","","",""
"LE_FR_1","France Legal Entity","","","","","","","","","","","","","","","","","","","","","","","","","","","","","","","","","","","","","","","","","","","","FR","","","Y","","","FR","France","COUNTRY","MASTER_REF","FR","COUNTRY","MASTER_REF","France","France","","","","","","","","","","","","","","","","","","","","","","","","","","","","",""
"LE_SG_1","Singapore Legal Entity","","","","","","","","","","","","","","","","","","","","","","1950/01/01","","","","","","","","","","","","","","","","","","","","","","SG","","","Y","","","SG","Singapore","COUNTRY","MASTER_REF","SG","COUNTRY","MASTER_REF","Singapore","Singapore","","","","","","","","","","","","","","","","","","","","","","","","","","","","",""
"LE_HK_1","Hong Kong Legal Entity","","","","","","","","","","","","","","","","","","","","","","1950/01/01","","","","","","","","","","","","","","","","","","","","","","HK","","","Y","","","HK","Hong Kong","COUNTRY","MASTER_REF","HK","COUNTRY","MASTER_REF","Hong Kong","Hong Kong","","","","","","","","","","","","","","","","","","","","","","","","","","","","",""
"LE_ES_1","Spain Legal Entity","","","","","","","","","","","","","","","","","","","","","","1951/01/01","","","","","","","","","","","","","","","","","","","","","","ES","","","Y","","","ES","Spain","COUNTRY","MASTER_REF","ES","COUNTRY","MASTER_REF","Spain","Spain","","","","","","","","","","","","","","","","","","","","","","","","","","","","",""
"LE_PL_1","Poland Legal Entity","","","","","","","","","","","","","","","","","","","","","","1951/01/01","","","","","","","","","","","","","","","","","","","","","","PL","","","Y","","","PL","Poland","COUNTRY","MASTER_REF","PL","COUNTRY","MASTER_REF","Poland","Poland","","","","","","","","","","","","","","","","","","","","","","","","","","","","",""
"LE_PRG_US_1","Progress US Legal Entity DO NOT USE","","","","","","","","","","","","","","","","","","","","","","1951/01/01","","","","","","","","","","","","","","","","","","","","","","US","","","Y","","","US","United States","COUNTRY","MASTER_REF","US","COUNTRY","MASTER_REF","United States","United States","","","","","","","","","","","","","","","","","","","","","","","","","","","","",""
"LE_PROG_UK","Progress UK Legal Entity","","","","","","","","","","","","","","","","","","","","","","1951/01/01","","","","","","","","","","","","","","","","","","","","","","GB","","","Y","","","GB","United Kingdom","COUNTRY","MASTER_REF","GB","COUNTRY","MASTER_REF","United Kingdom","United Kingdom","","","","","","","","","","","","","","","","","","","","","","","","","","","","",""
"LE_KR_1","South Korea Legal Entity","","","","","","","","","","","","","","","","","","","","","","1951/01/01","","","","","","","","","","","","","","","","","","","","","","KR","","","Y","","","KR","Korea, Republic of","COUNTRY","MASTER_REF","KR","COUNTRY","MASTER_REF","Korea, Republic of","Korea, Republic of","","","","","","","","","","","","","","","","","","","","","","","","","","","","",""
"LE_DK_1","Denmark Legal Entity","","","","","","","","","","","","","","","","","","","","","","1951/01/01","","","","","","","","","","","","","","","","","","","","","","DK","","","Y","","","DK","Denmark","COUNTRY","MASTER_REF","DK","COUNTRY","MASTER_REF","Denmark","Denmark","","","","","","","","","","","","","","","","","","","","","","","","","","","","",""
"LE_AT_1","Austria Legal Entity","","","","","","","","","","","","","","","","","","","","","","1951/01/01","","","","","","","","","","","","","","","","","","","","","","AT","","","Y","","","AT","Austria","COUNTRY","MASTER_REF","AT","COUNTRY","MASTER_REF","Austria","Austria","","","","","","","","","","","","","","","","","","","","","","","","","","","","",""
"LE_OM_1","Oman Legal Entity","","","","","","","","","","","","","","","","","","","","","","1951/01/01","","","","","","","","","","","","","","","","","","","","","","OM","","","Y","","","OM","Oman","COUNTRY","MASTER_REF","OM","COUNTRY","MASTER_REF","Oman","Oman","","","","","","","","","","","","","","","","","","","","","","","","","","","","",""
"LE_FIN_SVCS_UK","Fin Svcs UK Legal Entity","","","","","","","","","","","","","","","","","","","","","","","","","","","","","","","","","","","","","","","","","","","","GB","","","Y","","","GB","United Kingdom","COUNTRY","MASTER_REF","GB","COUNTRY","MASTER_REF","United Kingdom","United Kingdom","","","","","","","","","","","","","","","","","","","","","","","","","","","","",""
"LE_IL_1","Israel Legal Entity","","","","","","","","","","","","","","","","","","","","","","1951/01/01","","","","","","","","","","","","","","","","","","","","","","IL","","","Y","","","IL","Israel","COUNTRY","MASTER_REF","IL","COUNTRY","MASTER_REF","Israel","Israel","","","","","","","","","","","","","","","","","","","","","","","","","","","","",""
"LE_VE_1","Venezuela Legal Entity","","","","","","","","","","","","","","","","","","","","","","1951/01/01","","","","","","","","","","","","","","","","","","","","","","VE","","","Y","","","VE","Venezuela","COUNTRY","MASTER_REF","VE","COUNTRY","MASTER_REF","Venezuela","Venezuela","","","","","","","","","","","","","","","","","","","","","","","","","","","","",""
"LE_INS_US","US INS Legal Entity","","","","","","","","","","","","","","","","","","","","","","1951/01/01","","","","","","","","","","","","","","","","","","","","","","US","","","Y","","","US","United States","COUNTRY","MASTER_REF","US","COUNTRY","MASTER_REF","United States","United States","","","","","","","","","","","","","","","","","","","","","","","","","","","","",""
"LE_CH_2","Switzerland Legal Entity 2","","","","","","","","","","","","","","","","","","","","","","1951/01/01","","","","","","","","","","","","","","","","","","","","","","CH","","","Y","","","CH","Switzerland","COUNTRY","MASTER_REF","CH","COUNTRY","MASTER_REF","Switzerland","Switzerland","","","","","","","","","","","","","","","","","","","","","","","","","","","","",""
"LE_HC_PAY_US2","Healthcare Payor US2 Legal Entity","","","","","","","","","","","","","","","","","","","","","","1951/01/01","","","","","","","","","","","","","","","","","","","","","","US","","","Y","","","US","United States","COUNTRY","MASTER_REF","US","COUNTRY","MASTER_REF","United States","United States","","","","","","","","","","","","","","","","","","","","","","","","","","","","",""
"LE_US_RET_1","Vision Retirees","","","","","","","","","","","","","","","","","","","","","","1951/01/01","","","","","","","","","","","","","","","","","","","","","","US","","","Y","","","US","United States","COUNTRY","MASTER_REF","US","COUNTRY","MASTER_REF","United States","United States","","","","","","","","","","","","","","","","","","","","","","","","","","","","",""
"LE_US_RET_1","Vision Retiree Early Distribution 1","","","","","","","","","","","","","","","","","","","","","","1951/01/01","","","","","","","","","","","","","","","","","","","","","","","","","N","","","US","United States","COUNTRY","MASTER_REF","US","COUNTRY","MASTER_REF","United States","United States","","","","","","","","","","","","","","","","","","","","","","","","","","","","",""
"LE_US_RET_1","Vision Retiree Normal Distribution","","","","","","","","","","","","","","","","","","","","","","1951/01/01","","","","","","","","","","","","","","","","","","","","","","","","","N","","","US","United States","COUNTRY","MASTER_REF","US","COUNTRY","MASTER_REF","United States","United States","","","","","","","","","","","","","","","","","","","","","","","","","","","","",""
"LE_US_1","US Common Pay","","","","","","","","","","","","","","","","","","","","","","2001/01/01","","","","","","","","","","","","","","","","","","","","","","","","2021/07/11","Y","","","US","United States","COUNTRY","MASTER_REF","US","COUNTRY","MASTER_REF","United States","United States","","","","","","","","","","","","","","","","","","","","","","","","","","","","",""
"LE_US_1","US1 Legal Entity","","","","","","","","","","","","","","","","","","","","","","1951/01/01","","","","","","","","","","","","","","","","","","","","","","US","","2017/02/02","Y","","","US","United States","COUNTRY","MASTER_REF","US","COUNTRY","MASTER_REF","United States","United States","","","","","","","","","","","","","","","","","","","","","","","","","","","","",""
"LE_US_1","Vision Bistro","","","","","","","","","","","","","","","","","","","","","","2018/01/01","","","","","","","","","","","","","","","","","","","","","","","","","N","","","US","United States","COUNTRY","MASTER_REF","US","COUNTRY","MASTER_REF","United States","United States","","","","","","","","","","","","","","","","","","","","","","","","","","","","",""
"LE_US_1","US Fin Svcs Legal Entity","","","","","","","","","","","","","","","","","","","","","","1951/01/01","","","","","","","","","","","","","","","","","","","","","","","","","Y","","","US","United States","COUNTRY","MASTER_REF","US","COUNTRY","MASTER_REF","United States","United States","","","","","","","","","","","","","","","","","","","","","","","","","","","","",""
"LE_IT_1","Italy Legal Entity","","","","","","","","","","","","","","","","","","","","","","","","","","","","","","","","","","","","","","","","","","","","IT","","","Y","","","IT","Italy","COUNTRY","MASTER_REF","IT","COUNTRY","MASTER_REF","Italy","Italy","","","","","","","","","","","","","","","","","","","","","","","","","","","","",""
"LE_DE_1","Germany Legal Entity","","","","","","","","","","","","","","","","","","","","","","","","","","","","","","","","","","","","","","","","","","","","DE","","","Y","","","DE","Germany","COUNTRY","MASTER_REF","DE","COUNTRY","MASTER_REF","Germany","Germany","","","","","","","","","","","","","","","","","","","","","","","","","","","","",""
"LE_SA_1","Saudi Arabia Legal Entity","","","","","","","","","","","","","","","","","","","","","","","","","","","","","","","","","","","","","","","","","","","","SA","","","Y","","","SA","Saudi Arabia","COUNTRY","MASTER_REF","SA","COUNTRY","MASTER_REF","Saudi Arabia","Saudi Arabia","","","","","","","","","","","","","","","","","","","","","","","","","","","","",""
"LE_HC_US","Healthcare US Legal Entity","","","","","","","","","","","","","","","","","","","","","","1951/01/01","","","","","","","","","","","","","","","","","","","","","","US","","","Y","","","US","United States","COUNTRY","MASTER_REF","US","COUNTRY","MASTER_REF","United States","United States","","","","","","","","","","","","","","","","","","","","","","","","","","","","",""
"LE_HC_US","Healthcare US TRU 2","","","","","","","","","","","","","","","","","","","","","","1951/01/01","","","","","","","","","","","","","","","","","","","","","","","","","N","","","US","United States","COUNTRY","MASTER_REF","US","COUNTRY","MASTER_REF","United States","United States","","","","","","","","","","","","","","","","","","","","","","","","","","","","",""
"LE_UNIV_US","University US Legal Entity","","","","","","","","","","","","","","","","","","","","","","1951/01/01","","","","","","","","","","","","","","","","","","","","","","US","","","Y","","","US","United States","COUNTRY","MASTER_REF","US","COUNTRY","MASTER_REF","United States","United States","","","","","","","","","","","","","","","","","","","","","","","","","","","","",""
"LE_BR_1","Brazil Legal Entity","","","","","","","","","","","","","","","","","","","","","","1951/01/01","","","","","","","","","","","","","","","","","","","","","","BR","","","Y","","","BR","Brazil","COUNTRY","MASTER_REF","BR","COUNTRY","MASTER_REF","Brazil","Brazil","","","","","","","","","","","","","","","","","","","","","","","","","","","","",""
"LE_NZ_1","New Zealand Legal Entity","","","","","","","","","","","","","","","","","","","","","","1951/01/01","","","","","","","","","","","","","","","","","","","","","","NZ","","","Y","","","NZ","New Zealand","COUNTRY","MASTER_REF","NZ","COUNTRY","MASTER_REF","New Zealand","New Zealand","","","","","","","","","","","","","","","","","","","","","","","","","","","","",""
"LE_UA_1","Ukraine Legal Entity","","","","","","","","","","","","","","","","","","","","","","1951/01/01","","","","","","","","","","","","","","","","","","","","","","UA","","","Y","","","UA","Ukraine","COUNTRY","MASTER_REF","UA","COUNTRY","MASTER_REF","Ukraine","Ukraine","","","","","","","","","","","","","","","","","","","","","","","","","","","","",""
"LE_LV_1","Latvia Legal Entity","","","","","","","","","","","","","","","","","","","","","","1951/01/01","","","","","","","","","","","","","","","","","","","","","","LV","","","Y","","","LV","Latvia","COUNTRY","MASTER_REF","LV","COUNTRY","MASTER_REF","Latvia","Latvia","","","","","","","","","","","","","","","","","","","","","","","","","","","","",""
"LE_FIN_SVCS_US","Fin Svcs US Legal Entity","","","","","","","","","","","","","","","","","","","","","","","","","","","","","","","","","","","","","","","","","","","","US","","","Y","","","US","United States","COUNTRY","MASTER_REF","US","COUNTRY","MASTER_REF","United States","United States","","","","","","","","","","","","","","","","","","","","","","","","","","","","",""
"LE_CL_1","Chile Legal Entity","","","","","","","","","","","","","","","","","","","","","","1951/01/01","","","","","","","","","","","","","","","","","","","","","","CL","","","Y","","","CL","Chile","COUNTRY","MASTER_REF","CL","COUNTRY","MASTER_REF","Chile","Chile","","","","","","","","","","","","","","","","","","","","","","","","","","","","",""
"LE_TR_1","Turkey Legal Entity","","","","","","","","","","","","","","","","","","","","","","1951/01/01","","","","","","","","","","","","","","","","","","","","","","TR","","","Y","","","TR","Turkey","COUNTRY","MASTER_REF","TR","COUNTRY","MASTER_REF","Turkey","Turkey","","","","","","","","","","","","","","","","","","","","","","","","","","","","",""
"LE_AR_1","Argentina Legal Entity","","","","","","","","","","","","","","","","","","","","","","1951/01/01","","","","","","","","","","","","","","","","","","","","","","AR","","","Y","","","AR","Argentina","COUNTRY","MASTER_REF","AR","COUNTRY","MASTER_REF","Argentina","Argentina","","","","","","","","","","","","","","","","","","","","","","","","","","","","",""
"LE_BE_2","Belgium Legal Entity 2","","","","","","","","","","","","","","","","","","","","","","1951/01/01","","","","","","","","","","","","","","","","","","","","","","BE","","","Y","","","BE","Belgium","COUNTRY","MASTER_REF","BE","COUNTRY","MASTER_REF","Belgium","Belgium","","","","","","","","","","","","","","","","","","","","","","","","","","","","",""
"LE_CN_1","Beijing Center","","","","","","","","","","","","","","","","","","","","","","1950/01/01","","","","","","","","","","","","","","","","","","","","","","","","","N","","","BJ","Beijing Shi","PROVINCE","MASTER_REF","BJ","PROVINCE","MASTER_REF","Beijing Shi","China","Beijing Shi","","","","","","","","","","","","","","","","","","","","","","","","","","","",""
"LE_CN_1","Shanghai Center","","","","","","","","","","","","","","","","","","","","","","1950/01/01","","","","","","","","","","","","","","","","","","","","","","","","","N","","","SH","Shanghai Shi","PROVINCE","MASTER_REF","SH","PROVINCE","MASTER_REF","Shanghai Shi","China","Shanghai Shi","","","","","","","","","","","","","","","","","","","","","","","","","","","",""
"LE_CN_1","Shenzhen Center","","","","","","","","","","","","","","","","","","","","","","1950/01/01","","","","","","","","","","","","","","","","","","","","","","","","","N","","","SZX","Shenzhen Shi","PREFECTURE","MASTER_REF","SZX","PREFECTURE","MASTER_REF","Shenzhen Shi","China","Guangdong Sheng","Shenzhen Shi","","","","","","","","","","","","","","","","","","","","","","","","","","",""
"LE_CN_1","China Legal Entity","","","","","","","","","","","","","","","","","","","","","","","","","","","","","","","","","","","","","","","","","","","","CN","","","Y","","","CN","China","COUNTRY","MASTER_REF","CN","COUNTRY","MASTER_REF","China","China","","","","","","","","","","","","","","","","","","","","","","","","","","","","",""
"LE_RU_1","Russia Legal Entity","","","","","","","","","","","","","","","","","","","","","","","","","","","","","","","","","","","","","","","","","","","","RU","","","Y","","","RU","Russian Federation","COUNTRY","MASTER_REF","RU","COUNTRY","MASTER_REF","Russian Federation","Russian Federation","","","","","","","","","","","","","","","","","","","","","","","","","","","","",""
"LE_PROG_US","Progress US Legal Entity","","","","","","","","","","","","","","","","","","","","","","1951/01/01","","","","","","","","","","","","","","","","","","","","","","US","","","Y","","","US","United States","COUNTRY","MASTER_REF","US","COUNTRY","MASTER_REF","United States","United States","","","","","","","","","","","","","","","","","","","","","","","","","","","","",""
"LE_MX_1","Mexico Legal Entity","","","","","","","","","","","","","","","","","","","","","","1951/01/01","","","","","","","","","","","","","","","","","","","","","","MX","","","Y","","","MX","Mexico","COUNTRY","MASTER_REF","MX","COUNTRY","MASTER_REF","Mexico","Mexico","","","","","","","","","","","","","","","","","","","","","","","","","","","","",""
"LE_IE_1","Ireland Legal Entity","","","","","","","","","","","","","","","","","","","","","","1951/01/01","","","","","","","","","","","","","","","","","","","","","","IE","","","Y","","","IE","Ireland","COUNTRY","MASTER_REF","IE","COUNTRY","MASTER_REF","Ireland","Ireland","","","","","","","","","","","","","","","","","","","","","","","","","","","","",""
"LE_KW_1","Kuwait Legal Entity","","","","","","","","","","","","","","","","","","","","","","1951/01/01","","","","","","","","","","","","","","","","","","","","","","KW","","","Y","","","KW","Kuwait","COUNTRY","MASTER_REF","KW","COUNTRY","MASTER_REF","Kuwait","Kuwait","","","","","","","","","","","","","","","","","","","","","","","","","","","","",""
"LE_UAE_1","UAE Legal Entity","","","","","","","","","","","","","","","","","","","","","","1951/01/01","","","","","","","","","","","","","","","","","","","","","","AE","","","Y","","","AE","United Arab Emirates","COUNTRY","MASTER_REF","AE","COUNTRY","MASTER_REF","United Arab Emirates","United Arab Emirates","","","","","","","","","","","","","","","","","","","","","","","","","","","","",""
"LE_EE_1","Estonia Legal Entity","","","","","","","","","","","","","","","","","","","","","","1951/01/01","","","","","","","","","","","","","","","","","","","","","","EE","","","Y","","","EE","Estonia","COUNTRY","MASTER_REF","EE","COUNTRY","MASTER_REF","Estonia","Estonia","","","","","","","","","","","","","","","","","","","","","","","","","","","","",""
"LE_LI_1","Liechtenstein Legal Entity","","","","","","","","","","","","","","","","","","","","","","1951/01/01","","","","","","","","","","","","","","","","","","","","","","LI","","","Y","","","LI","Liechtenstein","COUNTRY","MASTER_REF","LI","COUNTRY","MASTER_REF","Liechtenstein","Liechtenstein","","","","","","","","","","","","","","","","","","","","","","","","","","","","",""
"LE_QA_1","Qatar Legal Entity","","","","","","","","","","","","","","","","","","","","","","1951/01/01","","","","","","","","","","","","","","","","","","","","","","QA","","","Y","","","QA","Qatar","COUNTRY","MASTER_REF","QA","COUNTRY","MASTER_REF","Qatar","Qatar","","","","","","","","","","","","","","","","","","","","","","","","","","","","",""
"LE_CO_1","Colombia Legal Entity","","","","","","","","","","","","","","","","","","","","","","1951/01/01","","","","","","","","","","","","","","","","","","","","","","CO","","","Y","","","CO","Colombia","COUNTRY","MASTER_REF","CO","COUNTRY","MASTER_REF","Colombia","Colombia","","","","","","","","","","","","","","","","","","","","","","","","","","","","",""
"LE_CZ_1","Czech Republic Legal Entity","","","","","","","","","","","","","","","","","","","","","","1951/01/01","","","","","","","","","","","","","","","","","","","","","","CZ","","","Y","","","CZ","Czech Republic","COUNTRY","MASTER_REF","CZ","COUNTRY","MASTER_REF","Czech Republic","Czech Republic","","","","","","","","","","","","","","","","","","","","","","","","","","","","",""
"LE_DZ_1","Algeria Legal Entity","","","","","","","","","","","","","","","","","","","","","","1951/01/01","","","","","","","","","","","","","","","","","","","","","","DZ","","","Y","","","DZ","Algeria","COUNTRY","MASTER_REF","DZ","COUNTRY","MASTER_REF","Algeria","Algeria","","","","","","","","","","","","","","","","","","","","","","","","","","","","",""
"CA LE 2","Canada Legal Entity 2","","","","","","","","","","","","","","","","","","","","","","1951/01/01","","","","","","","","","","","","","","","","","","","","","","CA","","","Y","","","CA","Canada","COUNTRY","MASTER_REF","CA","COUNTRY","MASTER_REF","Canada","Canada","","","","","","","","","","","","","","","","","","","","","","","","","","","","",""
"LE_RO_1","Romania Legal Entity","","","","","","","","","","","","","","","","","","","","","","1951/01/01","","","","","","","","","","","","","","","","","","","","","","RO","","","Y","","","RO","Romania","COUNTRY","MASTER_REF","RO","COUNTRY","MASTER_REF","Romania","Romania","","","","","","","","","","","","","","","","","","","","","","","","","","","","",""
"LE_CN_2","China Legal Entity 2","","","","","","","","","","","","","","","","","","","","","","","","","","","","","","","","","","","","","","","","","","","","CN","","","Y","","","CN","China","COUNTRY","MASTER_REF","CN","COUNTRY","MASTER_REF","China","China","","","","","","","","","","","","","","","","","","","","","","","","","","","","",""
"LE_SE_2","Sweden Legal Entity2","","","","","","","","","","","","","","","","","","","","","","1951/01/01","","","","","","","","","","","","","","","","","","","","","","SE","","","Y","","","SE","Sweden","COUNTRY","MASTER_REF","SE","COUNTRY","MASTER_REF","Sweden","Sweden","","","","","","","","","","","","","","","","","","","","","","","","","","","","",""
"LE_FI_2","Finland Legal Entity2","","","","","","","","","","","","","","","","","","","","","","1951/01/01","","","","","","","","","","","","","","","","","","","","","","FI","","","Y","","","FI","Finland","COUNTRY","MASTER_REF","FI","COUNTRY","MASTER_REF","Finland","Finland","","","","","","","","","","","","","","","","","","","","","","","","","","","","",""
"LE_FR_2","France Legal Entity 2","","","","","","","","","","","","","","","","","","","","","","1951/01/01","","","","","","","","","","","","","","","","","","","","","","FR","","","Y","","","FR","France","COUNTRY","MASTER_REF","FR","COUNTRY","MASTER_REF","France","France","","","","","","","","","","","","","","","","","","","","","","","","","","","","",""
"LE_IN_1","India Legal Entity","","","","","","","","","","","","","","","","","","","","","","","","","","","","","","","","","","","","","","","","","","","","IN","","","Y","","","IN","India","COUNTRY","MASTER_REF","IN","COUNTRY","MASTER_REF","India","India","","","","","","","","","","","","","","","","","","","","","","","","","","","","",""
"LE_IN_1","Delhi State GST","","","","","","","","","","","","","","","","","","","","","","","","","","","","","","","","","","","","","","","","","","","","","","","N","","","","INDIA","WARD","MASTER_REF","","WARD","MASTER_REF","INDIA","South Africa","LIMPOPO","GREATER SEKHUKHUNE","FETAKGOMO","INDIA","","","","","","","","","","","","","","","","","","","","","","","","",""
"LE_JP_1","Japan Legal Entity","","","","","","","","","","","","","","","","","","","","","","","","","","","","","","","","","","","","","","","","","","","","JP","","","Y","","","JP","Japan","COUNTRY","MASTER_REF","JP","COUNTRY","MASTER_REF","Japan","Japan","","","","","","","","","","","","","","","","","","","","","","","","","","","","",""
"LE_NL_1","Netherlands Legal Entity","","","","","","","","","","","","","","","","","","","","","","","","","","","","","","","","","","","","","","","","","","","","NL","","","Y","","","NL","Netherlands","COUNTRY","MASTER_REF","NL","COUNTRY","MASTER_REF","Netherlands","Netherlands","","","","","","","","","","","","","","","","","","","","","","","","","","","","",""
"LE_SE_1","Sweden Legal Entity","","","","","","","","","","","","","","","","","","","","","","1951/01/01","","","","","","","","","","","","","","","","","","","","","","SE","","","Y","","","SE","Sweden","COUNTRY","MASTER_REF","SE","COUNTRY","MASTER_REF","Sweden","Sweden","","","","","","","","","","","","","","","","","","","","","","","","","","","","",""
"LE_US_3","US3 Legal Entity","","","","","","","","","","","","","","","","","","","","","","1951/01/01","","","","","","","","","","","","","","","","","","","","","","US","","","Y","","","US","United States","COUNTRY","MASTER_REF","US","COUNTRY","MASTER_REF","United States","United States","","","","","","","","","","","","","","","","","","","","","","","","","","","","",""
"LE_CH_1","Switzerland Legal Entity","","","","","","","","","","","","","","","","","","","","","","1951/01/01","","","","","","","","","","","","","","","","","","","","","","CH","","","Y","","","CH","Switzerland","COUNTRY","MASTER_REF","CH","COUNTRY","MASTER_REF","Switzerland","Switzerland","","","","","","","","","","","","","","","","","","","","","","","","","","","","",""
"LE_MY_1","Malaysia Legal Entity","","","","","","","","","","","","","","","","","","","","","","1951/01/01","","","","","","","","","","","","","","","","","","","","","","MY","","","Y","","","MY","Malaysia","COUNTRY","MASTER_REF","MY","COUNTRY","MASTER_REF","Malaysia","Malaysia","","","","","","","","","","","","","","","","","","","","","","","","","","","","",""
"LE_KZ_1","Kazakhstan Legal Entity","","","","","","","","","","","","","","","","","","","","","","1951/01/01","","","","","","","","","","","","","","","","","","","","","","KZ","","","Y","","","KZ","Kazakhstan","COUNTRY","MASTER_REF","KZ","COUNTRY","MASTER_REF","Kazakhstan","Kazakhstan","","","","","","","","","","","","","","","","","","","","","","","","","","","","",""
"LE_FI_1","Finland Legal Entity","","","","","","","","","","","","","","","","","","","","","","1951/01/01","","","","","","","","","","","","","","","","","","","","","","FI","","","Y","","","FI","Finland","COUNTRY","MASTER_REF","FI","COUNTRY","MASTER_REF","Finland","Finland","","","","","","","","","","","","","","","","","","","","","","","","","","","","",""
"LE_NO_1","Norway Legal Entity","","","","","","","","","","","","","","","","","","","","","","1951/01/01","","","","","","","","","","","","","","","","","","","","","","NO","","","Y","","","NO","Norway","COUNTRY","MASTER_REF","NO","COUNTRY","MASTER_REF","Norway","Norway","","","","","","","","","","","","","","","","","","","","","","","","","","","","",""
"LE_HU_1","Hungary Legal Entity","","","","","","","","","","","","","","","","","","","","","","1951/01/01","","","","","","","","","","","","","","","","","","","","","","HU","","","Y","","","HU","Hungary","COUNTRY","MASTER_REF","HU","COUNTRY","MASTER_REF","Hungary","Hungary","","","","","","","","","","","","","","","","","","","","","","","","","","","","",""
"LE_LT_1","Lithuania Legal Entity","","","","","","","","","","","","","","","","","","","","","","1951/01/01","","","","","","","","","","","","","","","","","","","","","","LT","","","Y","","","LT","Lithuania","COUNTRY","MASTER_REF","LT","COUNTRY","MASTER_REF","Lithuania","Lithuania","","","","","","","","","","","","","","","","","","","","","","","","","","","","",""
"LE_GR_1","Greece Legal Entity","","","","","","","","","","","","","","","","","","","","","","1951/01/01","","","","","","","","","","","","","","","","","","","","","","GR","","","Y","","","GR","Greece","COUNTRY","MASTER_REF","GR","COUNTRY","MASTER_REF","Greece","Greece","","","","","","","","","","","","","","","","","","","","","","","","","","","","",""
"LE_DK_2","Denmark Legal Entity2","","","","","","","","","","","","","","","","","","","","","","1951/01/01","","","","","","","","","","","","","","","","","","","","","","DK","","","Y","","","DK","Denmark","COUNTRY","MASTER_REF","DK","COUNTRY","MASTER_REF","Denmark","Denmark","","","","","","","","","","","","","","","","","","","","","","","","","","","","",""
"LE_NO_2","Norway Legal Entity2","","","","","","","","","","","","","","","","","","","","","","1951/01/01","","","","","","","","","","","","","","","","","","","","","","NO","","","Y","","","NO","Norway","COUNTRY","MASTER_REF","NO","COUNTRY","MASTER_REF","Norway","Norway","","","","","","","","","","","","","","","","","","","","","","","","","","","","",""
"LE_HC_PAY_US1","Healthcare Payor US1 Legal Entity","","","","","","","","","","","","","","","","","","","","","","1951/01/01","","","","","","","","","","","","","","","","","","","","","","US","","","Y","","","US","United States","COUNTRY","MASTER_REF","US","COUNTRY","MASTER_REF","United States","United States","","","","","","","","","","","","","","","","","","","","","","","","","","","","",""
"LE_FR_3","France Legal Entity 3","","","","","","","","","","","","","","","","","","","","","","1951/01/01","","","","","","","","","","","","","","","","","","","","","","FR","","","Y","","","FR","France","COUNTRY","MASTER_REF","FR","COUNTRY","MASTER_REF","France","France","","","","","","","","","","","","","","","","","","","","","","","","","","","","",""
"LE_E360US","E360US Legal Reporting Unit","","","","","","","","","","","","","","","","","","","","","","1951/01/01","","","","","","","","","","","","","","","","","","","","","","US","","","Y","","","US","United States","COUNTRY","MASTER_REF","US","COUNTRY","MASTER_REF","United States","United States","","","","","","","","","","","","","","","","","","","","","","","","","","","","",""
"LE_E360CH","Supremo CH Legal Entity","","","","","","","","","","","","","","","","","","","","","","1951/01/01","","","","","","","","","","","","","","","","","","","","","","CH","","","Y","","","CH","Switzerland","COUNTRY","MASTER_REF","CH","COUNTRY","MASTER_REF","Switzerland","Switzerland","","","","","","","","","","","","","","","","","","","","","","","","","","","","",""
"LE_HE_AU","Australia HE Legal Entity","","","","","","","","","","","","","","","","","","","","","","1951/01/01","","","","","","","","","","","","","","","","","","","","","","AU","","","Y","","","AU","Australia","COUNTRY","MASTER_REF","AU","COUNTRY","MASTER_REF","Australia","Australia","","","","","","","","","","","","","","","","","","","","","","","","","","","","",""
"PCPS-12345","Progress US County Public Schools","","","","","","","","","","","","","","","","","","","","","","2010/01/01","","","","","","","","","","","","","","","","","","","","","","US","","","Y","","","US","United States","COUNTRY","MASTER_REF","US","COUNTRY","MASTER_REF","United States","United States","","","","","","","","","","","","","","","","","","","","","","","","","","","","",""
"LE_FED_US1","Federal US Legal Entity","","","","","","","","","","","","","","","","","","","","","","","","","","","","","","","","","","","","","","","","","","","","US","","","Y","","","US","United States","COUNTRY","MASTER_REF","US","COUNTRY","MASTER_REF","United States","United States","","","","","","","","","","","","","","","","","","","","","","","","","","","","",""
"LE_AU_01","AU  Council Legal Entity","","","","","","","","","","","","","","","","","","","","","","","","","","","","","","","","","","","","","","","","","","","","AU","","","Y","","","AU","Australia","COUNTRY","MASTER_REF","AU","COUNTRY","MASTER_REF","Australia","Australia","","","","","","","","","","","","","","","","","","","","","","","","","","","","",""
"Duplicate- Do not use","US Federal Legal Entity","","","","","","","","","","","","","","","","","","","","","","1951/01/01","","","","","","","","","","","","","","","","","","","","","","US","","","Y","","","US","United States","COUNTRY","MASTER_REF","US","COUNTRY","MASTER_REF","United States","United States","","","","","","","","","","","","","","","","","","","","","","","","","","","","",""
