"XLE_ENTITY_PROFILE.LegalEntityIdentifier","RegisteredName","RegistrationNumber","SourceTable","Name","AlternateRegisteredName","Attribute1","Attribute10","Attribute11","Attribute12","Attribute13","Attribute14","Attribute15","Attribute16","Attribute17","Attribute18","Attribute19","Attribute2","Attribute20","Attribute3","Attribute4","Attribute5","Attribute6","Attribute7","Attribute8","Attribute9","AttributeCategory","EffectiveFrom","EffectiveTo","IdentifyingFlag","PlaceOfRegistration","RegInformation1","RegInformation10","RegInformation11","RegInformation12","RegInformation13","RegInformation14","RegInformation15","RegInformation16","RegInformation17","RegInformation18","RegInformation19","RegInformation2","RegInformation20","RegInformation3","RegInformation4","RegInformation5","RegInformation6","RegInformation7","RegInformation8","RegInformation9","RegInformationContext","FormattedAddress","PartyName","IssuingFormattedAddress"
"LE_US_2","US2 Legal Entity","912345689","XLE_ENTITY_PROFILES","United States Income Tax","","","","","","","","","","","","","","","","","","","","","","","","","Y","","","","","","","","","","","","","","","","","","","","","","","1910 ORACLE WAY/RESTON, VA 20190 FAIRFAX","",""
"LE_UK_1","UK Legal Entity","3546788","XLE_ENTITY_PROFILES","United Kingdom Income Tax","","","","","","","","","","","","","","","","","","","","","","","","","Y","","","","","","","","","","","","","","","","","","","","","","","196 Bishopsgate/LONDON/London/EC2M 4NR/UNITED KINGDOM","",""
"LE_AU_1","Australia Legal Entity","ACN988770","XLE_ENTITY_PROFILES","Australia Company Law","","","","","","","","","","","","","","","","","","","","","","","","","Y","","","","","","","","","","","","","","","","","","","","","","","4 Julius Ave/North Ryde NSW 2113/AUSTRALIA","",""
"LE_CA_1","Canada Legal Entity","BIN988770","XLE_ENTITY_PROFILES","Canada Income Tax","","","","","","","","","","","","","","","","","","","","","","","","","N","","","","","","","","","","","","","","","","","","","","","","","110 Matheson Boulevard West/VANCOUVER BC  V5P 4C2/CANADA","",""
"LE_CA_1","Canada Legal Entity","612980765RP0001","XLE_ENTITY_PROFILES","Canada Federal Tax","","","","","","","","","","","","","","","","","","","","","","","","","Y","","","","","","","","","","","","","","","","","","","","","","","110 Matheson Boulevard West/VANCOUVER BC  V5P 4C2/CANADA","",""
"LE_TW_1","Taiwan Legal Entity","407764","XLE_ENTITY_PROFILES","Taiwan Income Tax","","","","","","","","","","","","","","","","","","","","","","","","","Y","","","","","","","","","","","","","","","","","","","","","","","TW/Taipei/Zhongzheng District/10018/35F, 66, Sec.1/Chung Hsiao W. Rd.","",""
"LE_BE_1","Belgium Legal Entity","804467","XLE_ENTITY_PROFILES","Belgium Unique Company Identification Number","","","","","","","","","","","","","","","","","","","","","","","","","Y","","","","","","","","","","","","","","","","","","","","","","","Medialaan/50/A/1800 VILVOORDE/BELGIUM","",""
"LE_BH_1","Bahrain Legal Entity","2341231231","XLE_ENTITY_PROFILES","Bahrain Social Insurance","","","","","","","","","","","","","","","","","","","","","","","","","Y","","","","","","","","","","","","","","","","","","","","","","","Bahrain World Trade Center/East Tower/Level 36/MANAMA 334/BAHRAIN","",""
"LE_PT_1","Portugal Legal Entity","322312123","XLE_ENTITY_PROFILES","Portugal Income Tax","","","","","","","","","","","","","","","","","","","","","","","","","Y","","","","","","","","","","","","","","","","","","","","","","","Rua Dom João V nº 24/LISBOA PORTUGAL 1250-091/PORTUGAL","",""
"LE_ZA_1","South Africa Legal Entity","422311232","XLE_ENTITY_PROFILES","South Africa Company Law","","","","","","","","","","","","","","","","","","","","","","","","","Y","","","","","","","","","","","","","","","","","","","","","","","334 Rivonia Avenue/Sandton/Gauteng/JOHANNESBURG/2000/SOUTH AFRICA","",""
"LE_ID_1","Indonesia Legal Entity","234432332","XLE_ENTITY_PROFILES","Indonesia Income Tax","","","","","","","","","","","","","","","","","","","","","","","","","Y","","","","","","","","","","","","","","","","","","","","","","","Jl. Brigjen Zain Hamid No.28/Medan Johor/MEDAN SUMATERA UTARA 20158/INDONESIA","",""
"LE_LU_1","Luxembourg Legal Entity","34423233432","XLE_ENTITY_PROFILES","Luxembourg Commerce Law","","","","","","","","","","","","","","","","","","","","","","","","","Y","","","","","","","","","","","","","","","","","","","","","","","89B, rue Pafebruch/Westside Village/Building B/L-L-8308 Capellen","",""
"LE_PH_1","Philippines Legal Entity","43323432","XLE_ENTITY_PROFILES","Philippines Federal Tax","","","","","","","","","","","","","","","","","","","","","","","","","Y","","","","","","","","","","","","","","","","","","","","","","","U1906 Orient Triangle Bldg/Emerald Ave corner Julia Vargas/Ortigas Center/PASIG CITY 1605/PHILIPPINES","",""
"LE_TH_1","Thailand Legal Entity","433232312","XLE_ENTITY_PROFILES","Thailand Income Tax","","","","","","","","","","","","","","","","","","","","","","","","","Y","","","","","","","","","","","","","","","","","","","","","","","100 Silom Road/Suriyawong/Bangrak/BANGKOK  10500/THAILAND","",""
"LE_VN_1","Viet Nam Legal Entity","1342232345","XLE_ENTITY_PROFILES","Viet Nam Federal Tax","","","","","","","","","","","","","","","","","","","","","","","","","Y","","","","","","","","","","","","","","","","","","","","","","","115 Nguy?n Hu?/Qu?n 1/SÀI GÒN 70000/VIET NAM","",""
"LE_PK_1","Pakistan Legal Entity","43323232","XLE_ENTITY_PROFILES","Pakistan Federal Tax","","","","","","","","","","","","","","","","","","","","","","","","","Y","","","","","","","","","","","","","","","","","","","","","","","55-C, Main Jinnah Avenue/Blue Area/ISLAMABAD 44000/PAKISTAN","",""
"LE_MA_1","Morocco Legal Entity","42232231","XLE_ENTITY_PROFILES","Morocco Income Tax","","","","","","","","","","","","","","","","","","","","","","","","","Y","","","","","","","","","","","","","","","","","","","","","","","100, Avenue des Far/CASABLANCA CASABLANCA 22000/MOROCCO","",""
"Italy Legal Entity 2","Italy Legal Entity 2","AAA","XLE_ENTITY_PROFILES","Italy Income Tax","","","","","","","","","","","","","","","","","","","","","","","","","Y","","","","","","","","","","","","","","","","","","","","","","","Via Bombay 1/ROME/ I-00144/ITALY","",""
"LE_ES_2","Spain Legal Entity2","5926","XLE_ENTITY_PROFILES","Spain Income Tax","","","","","","","","","","","","","","","","","","","","","","","","","Y","","","","","","","","","","","","","","","","","","","","","","","c/ Jose Echegaray, 6 Edificio A/Parque Empresarial Las Rozas/28232 MADRID(LAS ROZAS/SPAIN","",""
"LE_DE_2","Germany Legal Entity 2","F988770","XLE_ENTITY_PROFILES","Germany Company Number","","","","","","","","","","","","","","","","","","","","","","","","","Y","","","","","","","","","","","","","","","","","","","","","","","Robert - Bosch - Strasse 5/63303 Dreieich/GERMANY","",""
"LE_FR_1","France Legal Entity","652 027 319","XLE_ENTITY_PROFILES","France Income Tax","","","","","","","","","","","","","","","","","","","","","","","","","Y","","","","","","","","","","","","","","","","","","","","","","","43 Avenue Grand Armée/75116 PARIS/FRANCE","",""
"LE_FR_1","France Legal Entity","652 027 319","XLE_ENTITY_PROFILES","France Company Law","","","","","","","","","","","","","","","","","","","","","","","","","N","","","","","","","","","","","","","","","","","","","","","","","43 Avenue Grand Armée/75116 PARIS/FRANCE","",""
"LE_SG_1","Singapore Legal Entity","123456789","XLE_ENTITY_PROFILES","Singapore Commerce Law","","","","","","","","","","","","","","","","","","","","","","","","","Y","","","","","","","","","","","","","","","","","","","","","","","6 Temasek Boulevard/18-01 Suntec Tower Four/Singapore 038986","",""
"LE_HK_1","Hong Kong Legal Entity","123456789","XLE_ENTITY_PROFILES","Hong Kong Income Tax","","","","","","","","","","","","","","","","","","","","","","","","","Y","","","","","","","","","","","","","","","","","","","","","","","39/F., The Lee Gardens/33 Hysan Avenue/Causeway Bay/HONG KONG","",""
"LE_ES_1","Spain Legal Entity","45435435","XLE_ENTITY_PROFILES","Spain Income Tax","","","","","","","","","","","","","","","","","","","","","","","","","Y","","","","","","","","","","","","","","","","","","","","","","","c/ Jose Echegaray, 6 Edificio A/Parque Empresarial Las Rozas/28232 MADRID(LAS ROZAS/SPAIN","",""
"LE_PL_1","Poland Legal Entity","1545143145","XLE_ENTITY_PROFILES","Poland Commerce Law","","","","","","","","","","","","","","","","","","","","","","","","","Y","","","","","","","","","","","","","","","","","","","","","","","Przyokopowa 31/Crown Square/01-208 01-208/POLAND","",""
"LE_PRG_US_1","Progress US Legal Entity (Old)","94-34567","XLE_ENTITY_PROFILES","United States Income Tax","","","","","","","","","","","","","","","","","","","","","","","","","Y","","","","","","","","","","","","","","","","","","","","","","","1 Do Not Use/RESTON, VA 20190","",""
"LE_PROG_UK","Progress UK Legal Entity","87654321","XLE_ENTITY_PROFILES","United Kingdom Income Tax","","","","","","","","","","","","","","","","","","","","","","","","","Y","","","","","","","","","","","","","","","","","","","","","",""," One South Place/LONDON/Greater London/EC2M 2RB/UNITED KINGDOM","",""
"LE_KR_1","South Korea Legal Entity","5064486","XLE_ENTITY_PROFILES","Korea Commerce Law","","","","","","","","","","","","","","","","","","","","","","","","","Y","","","","","","","","","","","","","","","","","","","","","","","ASEM Tower. 12,15,16,36F/Seoul  135798/KOREA, REPUBLIC OF","",""
"LE_DK_1","Denmark Legal Entity","1054486","XLE_ENTITY_PROFILES","Denmark Income Tax","","","","","","","","","","","","","","","","","","","","","","","","","Y","","","","","","","","","","","","","","","","","","","","","","","Metalbuen 66/2750/Ballerup/DK","",""
"LE_AT_1","Austria Legal Entity","21321323","XLE_ENTITY_PROFILES","Austria Income Tax","","","","","","","","","","","","","","","","","","","","","","","","","Y","","","","","","","","","","","","","","","","","","","","","","","Haider Strasse 40/Ansfelden/4052 AUSTRIA/AUSTRIA","",""
"LE_OM_1","Oman Legal Entity","3423421","XLE_ENTITY_PROFILES","Oman Social Insurancce","","","","","","","","","","","","","","","","","","","","","","","","","Y","","","","","","","","","","","","","","","","","","","","","","","P.O. Box 46 PC 124/Bldg. 3/Ground floor/RUSAYL- MUSCAT 119/OMAN","",""
"LE_FIN_SVCS_UK","Fin Svcs UK Legal Entity","89-4567890","XLE_ENTITY_PROFILES","United Kingdom Income Tax","","","","","","","","","","","","","","","","","","","","","","","","","Y","","","","","","","","","","","","","","","","","","","","","","","86, Albany Street/LONDON/Greater London/NW3 7RT/UNITED KINGDOM","",""
"LE_IL_1","Israel Legal Entity","33542323","XLE_ENTITY_PROFILES","Israel Federal Tax","","","","","","","","","","","","","","","","","","","","","","","","","Y","","","","","","","","","","","","","","","","","","","","","","","?? ????? 8/TEL AVIV 15451/ISRAEL","",""
"LE_VE_1","Venezuela Legal Entity","3122123123","XLE_ENTITY_PROFILES","Venezuela Federal Tax","","","","","","","","","","","","","","","","","","","","","","","","","Y","","","","","","","","","","","","","","","","","","","","","","","Av.Francisco de Miranda  Edf.Centro Empresarial Galipan Torre B piso 13.Urb el Rosal/CARACAS DISTRITO CAPITAL  1060/VENEZUELA","",""
"LE_INS_US","US INS Legal Entity","91-9876554","XLE_ENTITY_PROFILES","United States Income Tax","","","","","","","","","","","","","","","","","","","","","","","","","Y","","","","","","","","","","","","","","","","","","","","","","","521 PARK AVENUE/CHICAGO, ILLINOIS 60624","",""
"LE_CH_2","Switzerland Legal Entity 2","9075548","XLE_ENTITY_PROFILES","Switzerland Commerce Law","","","","","","","","","","","","","","","","","","","","","","","","","Y","","","","","","","","","","","","","","","","","","","","","","","Kasernenstrasse 29/8004 ZURICH/SWITZERLAND","",""
"LE_HC_PAY_US2","Healthcare Payor US2 Legal Entity","02-2345678","XLE_ENTITY_PROFILES","United States Income Tax","","","","","","","","","","","","","","","","","","","","","","","","","Y","","","","","","","","","","","","","","","","","","","","","","","1170 MAPLE ST/REDWOOD CITY, CA 94063 SAN MATEO","",""
"LE_US_RET_1","Vision Retirees","59-3742285","XLE_ENTITY_PROFILES","United States Income Tax","","","","","","","","","","","","","","","","","","","","","","","","","Y","","","","","","","","","","","","","","","","","","","","","","","500 ORACLE PKWY/REDWOOD CITY, CA 94065 SAN MATEO","",""
"LE_US_1","Federal Tax","91-2345678","XLE_ENTITY_PROFILES","United States Federal Tax","","","","","","","","","","","","","","","","","","","","","","","","","Y","","","","","","","","","","","","","","","","","","","","","","","500 ORACLE PKWY/REDWOOD CITY, CA 94065 SAN MATEO","",""
"LE_US_1","US1 Legal Entity","91-2345678","XLE_ENTITY_PROFILES","United States Income Tax","","","","","","","","","","","","","","","","","","","","","","","","","N","","","","","","","","","","","","","","","","","","","","","","","500 ORACLE PKWY/REDWOOD CITY, CA 94065 SAN MATEO","",""
"LE_IT_1","Italy Legal Entity","FC988770","XLE_ENTITY_PROFILES","Italy Income Tax","","","","","","","","","","","","","","","","","","","","","","","","","Y","","","","","","","","","","","","","","","","","","","","","","","Via Bombay 1/ROME/ I-00144/ITALY","",""
"LE_DE_1","Germany Legal Entity","F988770","XLE_ENTITY_PROFILES","Germany Income Tax","","","","","","","","","","","","","","","","","","","","","","","","","Y","","","","","","","","","","","","","","","","","","","","","","","Robert - Bosch - Strasse 5/63303 Dreieich/GERMANY","",""
"LE_SA_1","Saudi Arabia Legal Entity","SA988770","XLE_ENTITY_PROFILES","Saudi Arabia Income Tax","","","","","","","","","","","","","","","","","","","","","","","","","Y","","","","","","","","","","","","","","","","","","","","","","","Central Business Tower/Olaya Main Road, Slaimaniyah/Riyadh 11441/SAUDI ARABIA","",""
"LE_HC_US","Healthcare US Legal Entity","15-1234567","XLE_ENTITY_PROFILES","United States Income Tax","","","","","","","","","","","","","","","","","","","","","","","","","N","","","","","","","","","","","","","","","","","","","","","","","1170 MAPLE ST/REDWOOD CITY, CA 94063 SAN MATEO","",""
"LE_HC_US","Healthcare US Legal Entity","123451234","XLE_ENTITY_PROFILES","United States Federal Tax","","","","","","","","","","","","","","","","","","","","","","","","","Y","","","","","","","","","","","","","","","","","","","","","","","1170 MAPLE ST/REDWOOD CITY, CA 94063 SAN MATEO","",""
"LE_UNIV_US","University US","VU001234","XLE_ENTITY_PROFILES","United States Federal Tax","","","","","","","","","","","","","","","","","","","","","","","","","Y","","","","","","","","","","","","","","","","","","","","","","","500 ORACLE PKWY/REDWOOD CITY, CA 94065 SAN MATEO","",""
"LE_UNIV_US","California Tax","CA21458","XLE_ENTITY_PROFILES","California Income Tax","","","","","","","","","","","","","","","","","","","","","","","","","N","","","","","","","","","","","","","","","","","","","","","","","500 ORACLE PKWY/REDWOOD CITY, CA 94065 SAN MATEO","",""
"LE_UNIV_US","University US Legal Entity","VU001234","XLE_ENTITY_PROFILES","United States Income Tax","","","","","","","","","","","","","","","","","","","","","","","","","N","","","","","","","","","","","","","","","","","","","","","","","500 ORACLE PKWY/REDWOOD CITY, CA 94065 SAN MATEO","",""
"LE_BR_1","Brazil Legal Entity","8053377","XLE_ENTITY_PROFILES","Brazil Federal Tax","","","","","","","","","","","","","","","","","","","","","","","","","Y","","","","","","","","","","","","","","","","","","","","","","","Rua Doutor Jose Aureo Bustamante, 455/São Paulo-SÃO PAULO/4710090/BRAZIL","",""
"LE_NZ_1","New Zealand Legal Entity","102234","XLE_ENTITY_PROFILES","New Zealand Income Tax","","","","","","","","","","","","","","","","","","","","","","","","","Y","","","","","","","","","","","","","","","","","","","","","","","162 Victoria Street West/Auckland  1010/NEW ZEALAND","",""
"LE_UA_1","Ukraine Legal Entity","405604","XLE_ENTITY_PROFILES","Ukraine Company Law","","","","","","","","","","","","","","","","","","","","","","","","","Y","","","","","","","","","","","","","","","","","","","","","","","Mechnykova St./2/Kyiv/01601/UA","",""
"LE_LV_1","Latvia Legal Entity","23412312","XLE_ENTITY_PROFILES","Latvia Social Insurance","","","","","","","","","","","","","","","","","","","","","","","","","Y","","","","","","","","","","","","","","","","","","","","","","","Riga - Valdemara Center/Valdemara Kr. 21/RIGA LV-1010/LATVIA","",""
"LE_FIN_SVCS_US","Fin Svcs US Legal Entity","91-9876543","XLE_ENTITY_PROFILES","United States Income Tax","","","","","","","","","","","","","","","","","","","","","","","","","Y","","","","","","","","","","","","","","","","","","","","","","","520 , Park Avenue,/CHICAGO, IL 60615","",""
"LE_CL_1","Chile Legal Entity","1221232232","XLE_ENTITY_PROFILES","Chile Federal Tax","","","","","","","","","","","","","","","","","","","","","","","","","Y","","","","","","","","","","","","","","","","","","","","","","","Vitacura 2939, piso 6/13101 SANTIAGO/CHILE","",""
"LE_TR_1","Turkey Legal Entity","233122123","XLE_ENTITY_PROFILES","Turkey Income Tax","","","","","","","","","","","","","","","","","","","","","","","","","Y","","","","","","","","","","","","","","","","","","","","","","","Ayaza?a caddesi No:4/ISTANBUL 34396/TURKEY","",""
"LE_AR_1","Argentina Legal Entity","233423432","XLE_ENTITY_PROFILES","Argentina Federal Tax","","","","","","","","","","","","","","","","","","","","","","","","","Y","","","","","","","","","","","","","","","","","","","","","","","Juana Manso 1069 - Piso 7°/Buenos Aires/C1107CBU  PUERTO MADERO/ARGENTINA","",""
"LE_BE_2","Belgium Legal Entity 2","804467","XLE_ENTITY_PROFILES","Belgium Unique Company Identification Number","","","","","","","","","","","","","","","","","","","","","","","","","Y","","","","","","","","","","","","","","","","","","","","","","","Medialaan/50/A/1800 VILVOORDE/BELGIUM","",""
"LE_CN_1","China Legal Entity","CN988770","XLE_ENTITY_PROFILES","China Income Tax","","","","","","","","","","","","","","","","","","","","","","","","","Y","","","","","","","","","","","","","","","","","","","","","","","CHINA/100004  BEIJING SHI/No. 1 Jian Guo Men Wai Da Jie/, China World Trade Center Tower 2","",""
"LE_RU_1","Russia Legal Entity","INT988770","XLE_ENTITY_PROFILES","Russia Income Tax","","","","","","","","","","","","","","","","","","","","","","","","","Y","","","","","","","","","","","","","","","","","","","","","","","10 Presnenskaya nab./Block C 9th floor/MOSCOW 123317/RUSSIAN FEDERATION","",""
"LE_PROG_US","Federal Tax","91-2541361","XLE_ENTITY_PROFILES","United States Federal Tax","","","","","","","","","","","","","","","","","","","","","","","","","Y","","","","","","","","","","","","","","","","","","","","","","","1910 ORACLE WAY/RESTON, VA 20190 FAIRFAX","",""
"LE_PROG_US","Progress US Legal Entity","SYS11052","XLE_ENTITY_PROFILES","United States Income Tax","","","","","","","","","","","","","","","","","","","","","","","","","N","","","","","","","","","","","","","","","","","","","","","","","1910 ORACLE WAY/RESTON, VA 20190 FAIRFAX","",""
"LE_PROG_US","Progress US","VA-4090125","XLE_ENTITY_PROFILES","Virginia Income Tax","","","","","","","","","","","","","","","","","","","","","","","","","N","","","","","","","","","","","","","","","","","","","","","","","1910 ORACLE WAY/RESTON, VA 20190 FAIRFAX","",""
"LE_MX_1","Mexico Legal Entity","OME910101TA3","XLE_ENTITY_PROFILES","Mexico Federal Tax","ORACLE de Mexico SA de CV","","","","","","","","","","","","","","","","","","","","","","1951/01/01","","Y","","","","","","","","","","","","","","","","","","","","","","","Montes Urales 470/Lomas de Chapultepec , Miguel Hidalgo/11000  DISTRITO FEDERAL, CDMX/MEXICO","",""
"LE_IE_1","Ireland Legal Entity","4062347","XLE_ENTITY_PROFILES","Ireland Revenue - Tax and PRSI","","","","","","","","","","","","","","","","","","","","","","","","","Y","","","","","","","","","","","","","","","","","","","","","","","Eastpoint Business Park/Alfie Byrne Road/Clontarf  Dublin 3/IRELAND","",""
"LE_KW_1","Kuwait Legal Entity","233233","XLE_ENTITY_PROFILES","Kuwait Social Insurance","","","","","","","","","","","","","","","","","","","","","","","","","Y","","","","","","","","","","","","","","","","","","","","","","","PO Box 64088/Shuwaikh Industrial Area/Street 12/KUWAIT KUWAIT 70451/KUWAIT","",""
"LE_UAE_1","UAE Legal Entity","231213234","XLE_ENTITY_PROFILES","United Arab Emirates Income Tax","","","","","","","","","","","","","","","","","","","","","","","","","Y","","","","","","","","","","","","","","","","","","","","","","","23215/Sheikh Zayed Rd/Dubai/United Arab Emirates","",""
"LE_EE_1","Estonia Legal Entity","24312341","XLE_ENTITY_PROFILES","Estonia Social Insurance","","","","","","","","","","","","","","","","","","","","","","","","","Y","","","","","","","","","","","","","","","","","","","","","","","Oracle East Central Europe Ltd/Liivalaia 45/10145 Tallinn/ESTONIA","",""
"LE_LI_1","Liechtenstein Legal Entity","24312314","XLE_ENTITY_PROFILES","Liechtenstein Legal Jurisdiction","","","","","","","","","","","","","","","","","","","","","","","","","Y","","","","","","","","","","","","","","","","","","","","","","","Meierhofstrasse 15/TRIESEN 9495/LIECHTENSTEIN","",""
"LE_QA_1","Qatar Legal Entity","24312342","XLE_ENTITY_PROFILES","Qatar Social Insurance","","","","","","","","","","","","","","","","","","","","","","","","","Y","","","","","","","","","","","","","","","","","","","","","","","Burj Doha/Level 21/Offices 2104 and 2135,West Bay/QATAR 27110/QATAR","",""
"LE_CO_1","Colombia Legal Entity","2433123213","XLE_ENTITY_PROFILES","Colombia Income Tax","","","","","","","","","","","","","","","","","","","","","","","","","Y","","","","","","","","","","","","","","","","","","","","","","","Carrera 53a # 127a-45/Bogota, Cundinamarca/COLOMBIA","",""
"LE_CZ_1","Czech Republic Legal Entity","233232234","XLE_ENTITY_PROFILES","Czech Republic Income Tax","","","","","","","","","","","","","","","","","","","","","","","","","Y","","","","","","","","","","","","","","","","","","","","","","","V parku 2308/8/149 00 PRAHA 4-CHODOV 14800/CZECH REPUBLIC","",""
"LE_DZ_1","Algeria Legal Entity","44532432","XLE_ENTITY_PROFILES","Algeria Federal Tax","","","","","","","","","","","","","","","","","","","","","","","","","Y","","","","","","","","","","","","","","","","","","","","","","","10, Rue Zirout Youcef/ALGIERS ALGIERS 16000/ALGERIA","",""
"CA LE 2","Canada Legal Entity 2","593742245","XLE_ENTITY_PROFILES","Canada Federal Tax","","","","","","","","","","","","","","","","","","","","","","","","","Y","","","","","","","","","","","","","","","","","","","","","","","110 Matheson Boulevard West/VANCOUVER BC  V5P 4C2/CANADA","",""
"CA LE 2","Canada Legal Entity 2","BIN988771","XLE_ENTITY_PROFILES","Canada Income Tax","","","","","","","","","","","","","","","","","","","","","","","","","N","","","","","","","","","","","","","","","","","","","","","","","110 Matheson Boulevard West/VANCOUVER BC  V5P 4C2/CANADA","",""
"LE_RO_1","Romania Legal Entity","322423123","XLE_ENTITY_PROFILES","Romania Income Tax","","","","","","","","","","","","","","","","","","","","","","","","","Y","","","","","","","","","","","","","","","","","","","","","","","Sos. Pipera nr.43/R-10011 Bucuresti","",""
"LE_CN_2","China Legal Entity 2","123456789","XLE_ENTITY_PROFILES","China Income Tax","","","","","","","","","","","","","","","","","","","","","","","","","Y","","","","","","","","","","","","","","","","","","","","","","","CHINA/200041  SHANGHAI SHI/Shanghai/Naijing road 58","",""
"LE_SE_2","Sweden Legal Entity2","5930","XLE_ENTITY_PROFILES","Sweden Company Law","","","","","","","","","","","","","","","","","","","","","","","","","Y","","","","","","","","","","","","","","","","","","","","","","","Söder Mälarstrand 57/118 25 Stockholm/SWEDEN","",""
"LE_FI_2","Finland Legal Entity2","305068","XLE_ENTITY_PROFILES","Finland Company Law","","","","","","","","","","","","","","","","","","","","","","","","","Y","","","","","","","","","","","","","","","","","","","","","","","Gräsantörmä 2/02200/Espoo/FI","",""
"LE_FR_2","France Legal Entity 2","652027319","XLE_ENTITY_PROFILES","France Company Law","","","","","","","","","","","","","","","","","","","","","","","","","Y","","","","","","","","","","","","","","","","","","","","","","","43 Avenue Grand Armée/75116 PARIS/FRANCE","",""
"LE_IN_1","India Legal Entity","IN988770","XLE_ENTITY_PROFILES","India Income Tax","","","","","","","","","","","","","","","","","","","","","","","","","Y","","","","","","","","","","","","","","","","","","","","","","","Cyber Gateway Rd/Hitec City/Madhapur, Ranga Reddy District/HYDERABAD-500 081/Telangana/INDIA","",""
"LE_JP_1","Japan Legal Entity","JP988770","XLE_ENTITY_PROFILES","Japan Income Tax","","","","","","","","","","","","","","","","","","","","","","","","","Y","","","","","","","","","","","","","","","","","","","","","","","JAPAN/107-0061/Tokyo/2-5-8 Kita-Aoyama/Minato-ku","",""
"LE_NL_1","Netherlands Legal Entity","KVK988770","XLE_ENTITY_PROFILES","Netherlands Commerce Law","","","","","","","","","","","","","","","","","","","","","","","","","Y","","","","","","","","","","","","","","","","","","","","","","","Claude Debussylan 32/1082 MD AMSTERDAM/NETHERLANDS","",""
"LE_SE_1","Sweden Legal Entity","15134562","XLE_ENTITY_PROFILES","Sweden Company Law","","","","","","","","","","","","","","","","","","","","","","","","","Y","","","","","","","","","","","","","","","","","","","","","","","Söder Mälarstrand 57/118 25 Stockholm/SWEDEN","",""
"LE_US_3","US3 Federal Tax","922345677","XLE_ENTITY_PROFILES","United States Federal Tax","","","","","","","","","","","","","","","","","","","","","","","","","N","","","","","","","","","","","","","","","","","","","","","","","500 ORACLE PKWY/REDWOOD CITY, CA 94065 SAN MATEO","",""
"LE_US_3","US3 Legal Entity","24-7654321","XLE_ENTITY_PROFILES","United States Income Tax","","","","","","","","","","","","","","","","","","","","","","","","","Y","","","","","","","","","","","","","","","","","","","","","","","500 ORACLE PKWY/REDWOOD CITY, CA 94065 SAN MATEO","",""
"LE_CH_1","Switzerland Legal Entity","9075548","XLE_ENTITY_PROFILES","Switzerland Commerce Law","","","","","","","","","","","","","","","","","","","","","","","","","Y","","","","","","","","","","","","","","","","","","","","","","","Kasernenstrasse 29/8004 ZURICH/SWITZERLAND","",""
"LE_MY_1","Malaysia Legal Entity","7046659","XLE_ENTITY_PROFILES","Malaysia Company Law","","","","","","","","","","","","","","","","","","","","","","","","","Y","","","","","","","","","","","","","","","","","","","","","","","Level 23/The Garden North Tower/59200 MID VALLEY CITY, KUALA LUMPUR/MALAYSIA","",""
"LE_KZ_1","Kazakhstan Legal Entity","378904","XLE_ENTITY_PROFILES","Kazakhstan Company Law","","","","","","","","","","","","","","","","","","","","","","","","","Y","","","","","","","","","","","","","","","","","","","","","","","Zholdasbekov Str./97/Almaty/50051/KZ","",""
"LE_FI_1","Finland Legal Entity","506774","XLE_ENTITY_PROFILES","Finland Company Law","","","","","","","","","","","","","","","","","","","","","","","","","Y","","","","","","","","","","","","","","","","","","","","","","","Gräsantörmä 2/02200/Espoo/FI","",""
"LE_NO_1","Norway Legal Entity","23142314","XLE_ENTITY_PROFILES","Norway Company Law","","","","","","","","","","","","","","","","","","","","","","","","","Y","","","","","","","","","","","","","","","","","","","","","","","Vollsveien 2/Post Box 384/N-N-1326 Lysaker","",""
"LE_HU_1","Hungary Legal Entity","123231234","XLE_ENTITY_PROFILES","Hungary Commerce Law","","","","","","","","","","","","","","","","","","","","","","","","","Y","","","","","","","","","","","","","","","","","","","","","","","Budapest/Banyato Street 13/1108/HUNGARY","",""
"LE_LT_1","Lithuania Legal Entity","24312341","XLE_ENTITY_PROFILES","Lithuania Social Insurance","","","","","","","","","","","","","","","","","","","","","","","","","Y","","","","","","","","","","","","","","","","","","","","","","","A.Goštauto Str. 40/VILNIUS LT-01112/LITHUANIA","",""
"LE_GR_1","Greece Legal Entity","554553142","XLE_ENTITY_PROFILES","Greece Commerce Law","","","","","","","","","","","","","","","","","","","","","","","","","Y","","","","","","","","","","","","","","","","","","","","","","","?.????????? 265/??? ??????  15451/GREECE","",""
"LE_DK_2","Denmark Legal Entity2","296063","XLE_ENTITY_PROFILES","Denmark Income Tax","","","","","","","","","","","","","","","","","","","","","","","","","Y","","","","","","","","","","","","","","","","","","","","","","","Metalbuen 66/2750/Ballerup/DK","",""
"LE_NO_2","Norway Legal Entity2","468299","XLE_ENTITY_PROFILES","Norway Company Law","","","","","","","","","","","","","","","","","","","","","","","","","Y","","","","","","","","","","","","","","","","","","","","","","","Vollsveien 2/Post Box 384/N-N-1326 Lysaker","",""
"LE_HC_PAY_US1","Healthcare Payor US1 Legal Entity","01-2345678","XLE_ENTITY_PROFILES","United States Income Tax","","","","","","","","","","","","","","","","","","","","","","","","","Y","","","","","","","","","","","","","","","","","","","","","","","521 PARK AVENUE/CHICAGO, ILLINOIS 60624","",""
"LE_FR_3","France Legal Entity 3","652027320","XLE_ENTITY_PROFILES","France Company Law","","","","","","","","","","","","","","","","","","","","","","","","","Y","","","","","","","","","","","","","","","","","","","","","","","43 Avenue Grand Armée/75116 PARIS/FRANCE","",""
"LE_E360US","E360US Legal Entity","12-3456789","XLE_ENTITY_PROFILES","United States Income Tax","","","","","","","","","","","","","","","","","","","","","","","","","Y","","","","","","","","","","","","","","","","","","","","","","","7604 E Technology Way/DENVER, COLORADO 80237 Denver","",""
"LE_E360US","E360US Legal Entity","12-3456789","XLE_ENTITY_PROFILES","United States Federal Tax","","","","","","","","","","","","","","","","","","","","","","","1951/01/01","","N","","","","","","","","","","","","","","","","","","","","","","","7604 E Technology Way/DENVER, COLORADO 80237 Denver","",""
"LE_E360CH","Supremo CH Legal Entity","9075549","XLE_ENTITY_PROFILES","Switzerland Commerce Law","","","","","","","","","","","","","","","","","","","","","","","","","Y","","","","","","","","","","","","","","","","","","","","","","","Hilfikerstrasse 1/3014 BERN/SWITZERLAND","",""
"LE_HE_AU","Australia HE Legal Entity","945960","XLE_ENTITY_PROFILES","Australia Company Law","","","","","","","","","","","","","","","","","","","","","","","","","Y","","","","","","","","","","","","","","","","","","","","","","","4 Julius Ave/North Ryde NSW 2113/AUSTRALIA","",""
"PCPS-12345","Progress US County Public Schools","123456789","XLE_ENTITY_PROFILES","United States Income Tax","","","","","","","","","","","","","","","","","","","","","","","","","Y","","","","","","","","","","","","","","","","","","","","","","","12300  Glade Drive/RESTON, VA 20191 Fairfax","",""
"LE_FED_US1","Federal US Legal Entity","05-1234569","XLE_ENTITY_PROFILES","United States Income Tax","","","","","","","","","","","","","","","","","","","","","","","","","Y","","","","","","","","","","","","","","","","","","","","","","","1900 Oracle Way/RESTON, VA 20190 Fairfax","",""
"LE_AU_01","AU  Council Legal Entity","LRT001","XLE_ENTITY_PROFILES","Australia Company Law","","","","","","","","","","","","","","","","","","","","","","","","","Y","","","","","","","","","","","","","","","","","","","","","","","4 Julius Ave/North Ryde NSW 2460/AUSTRALIA","",""
"Duplicate- Do not use","US Federal Legal Entity","980995","XLE_ENTITY_PROFILES","United States Income Tax","","","","","","","","","","","","","","","","","","","","","","","","","Y","","","","","","","","","","","","","","","","","","","","","","","2201 C St NW/WASHINGTON, DC 20520 Dist of Columbia","",""
