{
    "items": [
        {
            "supplier_site": "Dyson-7",
            "action_requested": "Update",
            "api_response": "You can't perform this operation since the supplier is locked. When a change to the supplier information is approved, you can complete this operation. (IBY-825862)The value of the attribute Payment Method isn't valid.\n"
        }
    ],
    "hasMore": false,
    "limit": 0,
    "offset": 0,
    "count": 1,
    "links": [
        {
            "rel": "self",
            "href": "https://geaf59a9f800a70-cfsatpdev.adb.us-ashburn-1.oraclecloudapps.com/ords/extensions/cfs_extensions/get_sites_error_msg/10000001734"
        },
        {
            "rel": "describedby",
            "href": "https://geaf59a9f800a70-cfsatpdev.adb.us-ashburn-1.oraclecloudapps.com/ords/extensions/metadata-catalog/cfs_extensions/get_sites_error_msg/item"
        }
    ]
}