{
    "supplier_address_id": 300000039052177,
    "supplier_id": 300000039052167,
    "request_id": 10000000409,
    "address_name": null,
    "country_code": null,
    "country": null,
    "address_line1": null,
    "address_line2": null,
    "address_line3": null,
    "address_line4": null,
    "city": null,
    "state": null,
    "postal_code": null,
    "postal_code_extension": null,
    "province": null,
    "county": null,
    "building": null,
    "floor_number": null,
    "addressee": null,
    "address_purpose_remit_to_flag": null,
    "phone_country_code": null,
    "phone_area_code": null,
    "phone_number": null,
    "phone_extension": null,
    "fax_country_code": null,
    "fax_area_code": null,
    "fax_number": null,
    "email": null,
    "re_address_name": null,
    "re_country_code": null,
    "re_country": null,
    "re_address_line1": null,
    "re_address_line2": null,
    "re_address_line3": null,
    "re_address_line4": null,
    "re_city": null,
    "re_state": null,
    "re_postal_code": null,
    "re_postal_code_extension": null,
    "re_province": null,
    "re_county": null,
    "re_building": null,
    "re_floor_number": null,
    "re_addressee": null,
    "re_address_purpose_remit_to_flag": null,
    "re_phone_country_code": null,
    "re_phone_area_code": null,
    "re_phone_number": null,
    "re_phone_extension": null,
    "re_fax_country_code": null,
    "re_fax_area_code": null,
    "re_fax_number": null,
    "re_email": null,
    "action_requested": null,
    "api_response": null,
    "created_by": null,
    "creation_date": null,
    "last_updated_by": null,
    "last_update_date": null,
    "record_status": null,
    "links": [
        {
            "rel": "self",
            "href": "https://geaf59a9f800a70-cfsatpdev.adb.us-ashburn-1.oraclecloudapps.com/ords/cfs_extensions/cfs_smf_address_tbl/300000039052177,300000039052167,10000000409"
        },
        {
            "rel": "edit",
            "href": "https://geaf59a9f800a70-cfsatpdev.adb.us-ashburn-1.oraclecloudapps.com/ords/cfs_extensions/cfs_smf_address_tbl/300000039052177,300000039052167,10000000409"
        },
        {
            "rel": "describedby",
            "href": "https://geaf59a9f800a70-cfsatpdev.adb.us-ashburn-1.oraclecloudapps.com/ords/cfs_extensions/metadata-catalog/cfs_smf_address_tbl/item"
        },
        {
            "rel": "collection",
            "href": "https://geaf59a9f800a70-cfsatpdev.adb.us-ashburn-1.oraclecloudapps.com/ords/cfs_extensions/cfs_smf_address_tbl/"
        }
    ]
}