{
    "items": [
        {
            "request_id": 10000001049,
            "supplier_id": 300000065532322,
            "supplier_name": "ABC Corp",
            "supplier_number": "900009220",
            "parent_supplier": null,
            "taxpayer_id": "1234567",
            "tax_registration_number": null,
            "supplier_type": "Voucher",
            "status": "Request for Approval",
            "request_date": "2022-09-21T08:22:22Z",
            "requestor": "maddy.chevron",
            "resubmitted_on": null,
            "requestor_name": null,
            "approved_rejected_name": null
        },
        {
            "request_id": 10000000954,
            "supplier_id": 300000061777625,
            "supplier_name": "ABC ENERGY SOLUTIONS INC",
            "supplier_number": "900005050",
            "parent_supplier": null,
            "taxpayer_id": "70000005050",
            "tax_registration_number": null,
            "supplier_type": "Voucher",
            "status": "Request for Approval",
            "request_date": "2022-09-16T20:49:28Z",
            "requestor": "C989532",
            "resubmitted_on": "2022-09-16T20:52:50Z",
            "requestor_name": null,
            "approved_rejected_name": null
        },
        {
            "request_id": 10000000898,
            "supplier_id": 300000065532581,
            "supplier_name": "Sony Tech",
            "supplier_number": "900009222",
            "parent_supplier": null,
            "taxpayer_id": "1357246",
            "tax_registration_number": null,
            "supplier_type": "Voucher Exempt",
            "status": "Request for Approval",
            "request_date": "2022-09-15T17:37:17Z",
            "requestor": "maddy.chevron",
            "resubmitted_on": null,
            "requestor_name": null,
            "approved_rejected_name": null
        },
        {
            "request_id": 10000000874,
            "supplier_id": 300000065427463,
            "supplier_name": "Sony Appliances",
            "supplier_number": "900009209",
            "parent_supplier": "Dyson Corp",
            "taxpayer_id": null,
            "tax_registration_number": "GB176099374",
            "supplier_type": "Voucher Exempt",
            "status": "Request for Approval",
            "request_date": "2022-09-15T11:42:26Z",
            "requestor": "maddy.chevron",
            "resubmitted_on": "2022-09-15T11:45:35Z",
            "requestor_name": null,
            "approved_rejected_name": null
        },
        {
            "request_id": 10000000830,
            "supplier_id": 300000061710941,
            "supplier_name": "3 POINT ENERGY LLC",
            "supplier_number": "900007822",
            "parent_supplier": null,
            "taxpayer_id": "70000007822",
            "tax_registration_number": null,
            "supplier_type": "Voucher",
            "status": "Request for Approval",
            "request_date": "2022-09-15T06:48:09Z",
            "requestor": "maddy.chevron",
            "resubmitted_on": null,
            "requestor_name": null,
            "approved_rejected_name": null
        },
        {
            "request_id": 10000000708,
            "supplier_id": 300000061729196,
            "supplier_name": "WORKER COMPENSATION BOARD ALBERTA",
            "supplier_number": "900008637",
            "parent_supplier": null,
            "taxpayer_id": "*********",
            "tax_registration_number": null,
            "supplier_type": "Voucher",
            "status": "Request for Approval",
            "request_date": "2022-09-09T14:07:58Z",
            "requestor": "maddy.chevron",
            "resubmitted_on": null,
            "requestor_name": null,
            "approved_rejected_name": null
        },
        {
            "request_id": 10000000702,
            "supplier_id": 300000061722487,
            "supplier_name": "AUSTIN DEVELOPMENT CO",
            "supplier_number": "900006334",
            "parent_supplier": null,
            "taxpayer_id": "*********",
            "tax_registration_number": null,
            "supplier_type": "Voucher",
            "status": "Request for Approval",
            "request_date": "2022-09-09T08:59:56Z",
            "requestor": "maddy.chevron",
            "resubmitted_on": null,
            "requestor_name": null,
            "approved_rejected_name": null
        },
        {
            "request_id": 10000000501,
            "supplier_id": 300000041597789,
            "supplier_name": "Dyson Corp",
            "supplier_number": "900000127",
            "parent_supplier": null,
            "taxpayer_id": "37428375193",
            "tax_registration_number": null,
            "supplier_type": "Voucher",
            "status": "Request for Approval",
            "request_date": "2022-08-24T11:16:11Z",
            "requestor": "C968365",
            "resubmitted_on": null,
            "requestor_name": null,
            "approved_rejected_name": null
        },
        {
            "request_id": 10000000500,
            "supplier_id": 300000041597861,
            "supplier_name": "Sony Appliances",
            "supplier_number": "900000128",
            "parent_supplier": null,
            "taxpayer_id": "376481276192",
            "tax_registration_number": "GB146614958",
            "supplier_type": "Voucher",
            "status": "Request for Approval",
            "request_date": "2022-08-24T07:32:55Z",
            "requestor": "maddy.chevron",
            "resubmitted_on": "2022-08-25T06:13:07Z",
            "requestor_name": null,
            "approved_rejected_name": null
        }
    ],
    "hasMore": false,
    "limit": 0,
    "offset": 0,
    "count": 9,
    "links": [
        {
            "rel": "self",
            "href": "https://geaf59a9f800a70-cfsatpdev.adb.us-ashburn-1.oraclecloudapps.com/ords/cfs_extensions/cfs_extensions/pendingRequests/"
        },
        {
            "rel": "describedby",
            "href": "https://geaf59a9f800a70-cfsatpdev.adb.us-ashburn-1.oraclecloudapps.com/ords/cfs_extensions/metadata-catalog/cfs_extensions/pendingRequests/"
        }
    ]
}