{
  "supplier_id": "<VALUE>",
  "supplier_number": "<VALUE>",
  "party_id": "<VALUE>",
  "supplier_type": "<VALUE>",
  "supplier_name": "<VALUE>",
  "alternate_name": "<VALUE>",
  "tax_organization_type": "<VALUE>",
  "inactive_date": "<VALUE>",
  "status": "<VALUE>",
  "business_relationship": "<VALUE>",
  "parent_supplier": "<VALUE>",
  "change_description": "<VALUE>",
  "alias": "<VALUE>",
  "tax_registration_country": "<VALUE>",
  "tax_registration_number": "<VALUE>",
  "federal_reportable_flag": "<VALUE>",
  "federal_income_taxtype_code": "<VALUE>",
  "federal_income_taxtype": "<VALUE>",
  "request_id": "<VALUE>",
  "creation_date": "<VALUE>",
  "last_update_date": "<VALUE>",
  "created_by": "<VALUE>",
  "last_updated_by": "<VALUE>",
  "re_supplier_name": "<VALUE>",
  "re_alternate_name": "<VALUE>",
  "re_tax_organization_type": "<VALUE>",
  "re_inactive_date": "<VALUE>",
  "re_parent_supplier": "<VALUE>",
  "re_alias": "<VALUE>",
  "re_tax_registration_country": "<VALUE>",
  "re_tax_registration_number": "<VALUE>",
  "re_federal_reportable_flag": "<VALUE>",
  "re_federal_income_taxtype_code": "<VALUE>",
  "re_federal_income_taxtype": "<VALUE>",
  "taxpayer_country": "<VALUE>",
  "taxpayer_id": "<VALUE>",
  "re_taxpayer_country": "<VALUE>",
  "re_taxpayer_id": "<VALUE>",
  "state_reportable_flag": "<VALUE>",
  "re_state_reportable_flag": "<VALUE>",
  "classification_not_applicable_flag": "<VALUE>"
}