"FF_FORMULA.FormulaName","FF_FORMULA.EffectiveStartDate","FF_FORMULA.EffectiveEndDate","FF_FORMULA.LegislativeDataGroupName","FF_FORMULA.FormulaTypeName","FF_FORMULA.LegislationCode","ViewInstanceName","GroupingKey","Description","FormulaName","Language","SourceLang","LegislativeDataGroupName","BaseFormulaName","FormulaId","LegislativeDataGroupId"
"EXT_BENEFITS_RECORD300000189455103_300000189455103","2000/01/01","4712/12/31","","Extract Record","","FormulaTranslation","EXT_BENEFITS_RECORD300000189455103_300000189455103,null","","EXT_BENEFITS_RECORD300000189455103_300000189455103","AR","US","","EXT_BENEFITS_RECORD300000189455103_300000189455103","","#null"
"EXT_BENEFITS_RECORD300000189455103_300000189455103","2000/01/01","4712/12/31","","Extract Record","","FormulaTranslation","EXT_BENEFITS_RECORD300000189455103_300000189455103,null","","EXT_BENEFITS_RECORD300000189455103_300000189455103","CS","US","","EXT_BENEFITS_RECORD300000189455103_300000189455103","","#null"
"EXT_BENEFITS_RECORD300000189455103_300000189455103","2000/01/01","4712/12/31","","Extract Record","","FormulaTranslation","EXT_BENEFITS_RECORD300000189455103_300000189455103,null","","EXT_BENEFITS_RECORD300000189455103_300000189455103","D","US","","EXT_BENEFITS_RECORD300000189455103_300000189455103","","#null"
"EXT_BENEFITS_RECORD300000189455103_300000189455103","2000/01/01","4712/12/31","","Extract Record","","FormulaTranslation","EXT_BENEFITS_RECORD300000189455103_300000189455103,null","","EXT_BENEFITS_RECORD300000189455103_300000189455103","DK","US","","EXT_BENEFITS_RECORD300000189455103_300000189455103","","#null"
"EXT_BENEFITS_RECORD300000189455103_300000189455103","2000/01/01","4712/12/31","","Extract Record","","FormulaTranslation","EXT_BENEFITS_RECORD300000189455103_300000189455103,null","","EXT_BENEFITS_RECORD300000189455103_300000189455103","E","US","","EXT_BENEFITS_RECORD300000189455103_300000189455103","","#null"
"EXT_BENEFITS_RECORD300000189455103_300000189455103","2000/01/01","4712/12/31","","Extract Record","","FormulaTranslation","EXT_BENEFITS_RECORD300000189455103_300000189455103,null","","EXT_BENEFITS_RECORD300000189455103_300000189455103","F","US","","EXT_BENEFITS_RECORD300000189455103_300000189455103","","#null"
"EXT_BENEFITS_RECORD300000189455103_300000189455103","2000/01/01","4712/12/31","","Extract Record","","FormulaTranslation","EXT_BENEFITS_RECORD300000189455103_300000189455103,null","","EXT_BENEFITS_RECORD300000189455103_300000189455103","FRC","US","","EXT_BENEFITS_RECORD300000189455103_300000189455103","","#null"
"EXT_BENEFITS_RECORD300000189455103_300000189455103","2000/01/01","4712/12/31","","Extract Record","","FormulaTranslation","EXT_BENEFITS_RECORD300000189455103_300000189455103,null","","EXT_BENEFITS_RECORD300000189455103_300000189455103","HU","US","","EXT_BENEFITS_RECORD300000189455103_300000189455103","","#null"
"EXT_BENEFITS_RECORD300000189455103_300000189455103","2000/01/01","4712/12/31","","Extract Record","","FormulaTranslation","EXT_BENEFITS_RECORD300000189455103_300000189455103,null","","EXT_BENEFITS_RECORD300000189455103_300000189455103","I","US","","EXT_BENEFITS_RECORD300000189455103_300000189455103","","#null"
"EXT_BENEFITS_RECORD300000189455103_300000189455103","2000/01/01","4712/12/31","","Extract Record","","FormulaTranslation","EXT_BENEFITS_RECORD300000189455103_300000189455103,null","","EXT_BENEFITS_RECORD300000189455103_300000189455103","IW","US","","EXT_BENEFITS_RECORD300000189455103_300000189455103","","#null"
"EXT_BENEFITS_RECORD300000189455103_300000189455103","2000/01/01","4712/12/31","","Extract Record","","FormulaTranslation","EXT_BENEFITS_RECORD300000189455103_300000189455103,null","","EXT_BENEFITS_RECORD300000189455103_300000189455103","JA","US","","EXT_BENEFITS_RECORD300000189455103_300000189455103","","#null"
"EXT_BENEFITS_RECORD300000189455103_300000189455103","2000/01/01","4712/12/31","","Extract Record","","FormulaTranslation","EXT_BENEFITS_RECORD300000189455103_300000189455103,null","","EXT_BENEFITS_RECORD300000189455103_300000189455103","KO","US","","EXT_BENEFITS_RECORD300000189455103_300000189455103","","#null"
"EXT_BENEFITS_RECORD300000189455103_300000189455103","2000/01/01","4712/12/31","","Extract Record","","FormulaTranslation","EXT_BENEFITS_RECORD300000189455103_300000189455103,null","","EXT_BENEFITS_RECORD300000189455103_300000189455103","N","US","","EXT_BENEFITS_RECORD300000189455103_300000189455103","","#null"
"EXT_BENEFITS_RECORD300000189455103_300000189455103","2000/01/01","4712/12/31","","Extract Record","","FormulaTranslation","EXT_BENEFITS_RECORD300000189455103_300000189455103,null","","EXT_BENEFITS_RECORD300000189455103_300000189455103","NL","US","","EXT_BENEFITS_RECORD300000189455103_300000189455103","","#null"
"EXT_BENEFITS_RECORD300000189455103_300000189455103","2000/01/01","4712/12/31","","Extract Record","","FormulaTranslation","EXT_BENEFITS_RECORD300000189455103_300000189455103,null","","EXT_BENEFITS_RECORD300000189455103_300000189455103","PL","US","","EXT_BENEFITS_RECORD300000189455103_300000189455103","","#null"
"EXT_BENEFITS_RECORD300000189455103_300000189455103","2000/01/01","4712/12/31","","Extract Record","","FormulaTranslation","EXT_BENEFITS_RECORD300000189455103_300000189455103,null","","EXT_BENEFITS_RECORD300000189455103_300000189455103","PTB","US","","EXT_BENEFITS_RECORD300000189455103_300000189455103","","#null"
"EXT_BENEFITS_RECORD300000189455103_300000189455103","2000/01/01","4712/12/31","","Extract Record","","FormulaTranslation","EXT_BENEFITS_RECORD300000189455103_300000189455103,null","","EXT_BENEFITS_RECORD300000189455103_300000189455103","RO","US","","EXT_BENEFITS_RECORD300000189455103_300000189455103","","#null"
"EXT_BENEFITS_RECORD300000189455103_300000189455103","2000/01/01","4712/12/31","","Extract Record","","FormulaTranslation","EXT_BENEFITS_RECORD300000189455103_300000189455103,null","","EXT_BENEFITS_RECORD300000189455103_300000189455103","RU","US","","EXT_BENEFITS_RECORD300000189455103_300000189455103","","#null"
"EXT_BENEFITS_RECORD300000189455103_300000189455103","2000/01/01","4712/12/31","","Extract Record","","FormulaTranslation","EXT_BENEFITS_RECORD300000189455103_300000189455103,null","","EXT_BENEFITS_RECORD300000189455103_300000189455103","S","US","","EXT_BENEFITS_RECORD300000189455103_300000189455103","","#null"
"EXT_BENEFITS_RECORD300000189455103_300000189455103","2000/01/01","4712/12/31","","Extract Record","","FormulaTranslation","EXT_BENEFITS_RECORD300000189455103_300000189455103,null","","EXT_BENEFITS_RECORD300000189455103_300000189455103","SF","US","","EXT_BENEFITS_RECORD300000189455103_300000189455103","","#null"
"EXT_BENEFITS_RECORD300000189455103_300000189455103","2000/01/01","4712/12/31","","Extract Record","","FormulaTranslation","EXT_BENEFITS_RECORD300000189455103_300000189455103,null","","EXT_BENEFITS_RECORD300000189455103_300000189455103","TH","US","","EXT_BENEFITS_RECORD300000189455103_300000189455103","","#null"
"EXT_BENEFITS_RECORD300000189455103_300000189455103","2000/01/01","4712/12/31","","Extract Record","","FormulaTranslation","EXT_BENEFITS_RECORD300000189455103_300000189455103,null","","EXT_BENEFITS_RECORD300000189455103_300000189455103","TR","US","","EXT_BENEFITS_RECORD300000189455103_300000189455103","","#null"
"EXT_BENEFITS_RECORD300000189455103_300000189455103","2000/01/01","4712/12/31","","Extract Record","","FormulaTranslation","EXT_BENEFITS_RECORD300000189455103_300000189455103,null","","EXT_BENEFITS_RECORD300000189455103_300000189455103","US","US","","EXT_BENEFITS_RECORD300000189455103_300000189455103","","#null"
"EXT_BENEFITS_RECORD300000189455103_300000189455103","2000/01/01","4712/12/31","","Extract Record","","FormulaTranslation","EXT_BENEFITS_RECORD300000189455103_300000189455103,null","","EXT_BENEFITS_RECORD300000189455103_300000189455103","ZHS","US","","EXT_BENEFITS_RECORD300000189455103_300000189455103","","#null"
"EXT_BENEFITS_RECORD300000189455103_300000189455103","2000/01/01","4712/12/31","","Extract Record","","FormulaTranslation","EXT_BENEFITS_RECORD300000189455103_300000189455103,null","","EXT_BENEFITS_RECORD300000189455103_300000189455103","ZHT","US","","EXT_BENEFITS_RECORD300000189455103_300000189455103","","#null"
