{
    "items": [
        {
            "account_number": "123456789",
            "action_requested": "New",
            "api_response": "This combination of party and payment function is invalid based on the usage assignment of the party in Trading Community Architecture. (IBY-825839)"
        }
    ],
    "hasMore": false,
    "limit": 0,
    "offset": 0,
    "count": 1,
    "links": [
        {
            "rel": "self",
            "href": "https://geaf59a9f800a70-cfsatpdev.adb.us-ashburn-1.oraclecloudapps.com/ords/extensions/cfs_extensions/get_bank_accts_error_msg/10000001728"
        },
        {
            "rel": "describedby",
            "href": "https://geaf59a9f800a70-cfsatpdev.adb.us-ashburn-1.oraclecloudapps.com/ords/extensions/metadata-catalog/cfs_extensions/get_bank_accts_error_msg/item"
        }
    ]
}