{
    "items": [
        {
            "request_id": 10000001755,
            "supplier_id": 300000042365175,
            "supplier_name": "Dyson Corp Test",
            "supplier_number": "10060",
            "parent_supplier": null,
            "taxpayer_id": "37428375193",
            "tax_registration_number": null,
            "supplier_type": "Voucher",
            "status": "Approved - Sync Errors",
            "request_date": "2022-07-12T16:04:37Z",
            "requestor": "C968365",
            "resubmitted_on": null
        },
        {
            "request_id": 10000001742,
            "supplier_id": 300000042365175,
            "supplier_name": "Dyson Corp Test",
            "supplier_number": "10060",
            "parent_supplier": null,
            "taxpayer_id": "37428375193",
            "tax_registration_number": null,
            "supplier_type": "Voucher",
            "status": "Approved - Sync Errors",
            "request_date": "2022-07-06T20:12:14Z",
            "requestor": "C968365",
            "resubmitted_on": null
        },
        {
            "request_id": 10000001735,
            "supplier_id": 300000042365175,
            "supplier_name": "Dyson Corp Test",
            "supplier_number": "10060",
            "parent_supplier": null,
            "taxpayer_id": "37428375193",
            "tax_registration_number": null,
            "supplier_type": "Voucher",
            "status": "Approved - Sync Errors",
            "request_date": "2022-07-05T21:51:10Z",
            "requestor": "C968365",
            "resubmitted_on": null
        },
        {
            "request_id": 10000001734,
            "supplier_id": 300000042365175,
            "supplier_name": "Dyson Corp Test",
            "supplier_number": "10060",
            "parent_supplier": null,
            "taxpayer_id": "37428375193",
            "tax_registration_number": null,
            "supplier_type": "Voucher",
            "status": "Approved - Sync Errors",
            "request_date": "2022-07-05T20:25:28Z",
            "requestor": "C968365",
            "resubmitted_on": null
        },
        {
            "request_id": 10000001728,
            "supplier_id": 300000042365175,
            "supplier_name": "Dyson Corp Test",
            "supplier_number": "10060",
            "parent_supplier": null,
            "taxpayer_id": "37428375193",
            "tax_registration_number": null,
            "supplier_type": "Voucher",
            "status": "Approved - Sync Errors",
            "request_date": "2022-07-05T19:39:22Z",
            "requestor": "C968365",
            "resubmitted_on": null
        },
        {
            "request_id": 10000001725,
            "supplier_id": 300000042365175,
            "supplier_name": "Dyson Corp Test",
            "supplier_number": "10060",
            "parent_supplier": null,
            "taxpayer_id": "37428375193",
            "tax_registration_number": null,
            "supplier_type": "Voucher",
            "status": "Approved - Sync Errors",
            "request_date": "2022-07-05T15:20:41Z",
            "requestor": "C968365",
            "resubmitted_on": null
        },
        {
            "request_id": 10000001714,
            "supplier_id": 300000042365175,
            "supplier_name": "Dyson Corp Test",
            "supplier_number": "10060",
            "parent_supplier": null,
            "taxpayer_id": "37428375193",
            "tax_registration_number": null,
            "supplier_type": "Voucher",
            "status": "Approved - Sync Errors",
            "request_date": "2022-07-05T10:51:57Z",
            "requestor": "C968365",
            "resubmitted_on": null
        },
        {
            "request_id": 10000001681,
            "supplier_id": 300000042365175,
            "supplier_name": "Dyson Corp Test",
            "supplier_number": "10060",
            "parent_supplier": null,
            "taxpayer_id": "37428375193",
            "tax_registration_number": null,
            "supplier_type": "Voucher",
            "status": "Approved - Sync Errors",
            "request_date": "2022-06-29T18:56:17Z",
            "requestor": "C968365",
            "resubmitted_on": null
        },
        {
            "request_id": 10000001677,
            "supplier_id": 300000042365175,
            "supplier_name": "Dyson Corp Test",
            "supplier_number": "10060",
            "parent_supplier": null,
            "taxpayer_id": "37428375193",
            "tax_registration_number": null,
            "supplier_type": "Voucher",
            "status": "Approved - Sync Errors",
            "request_date": "2022-06-29T18:19:51Z",
            "requestor": "C968365",
            "resubmitted_on": null
        },
        {
            "request_id": 10000001674,
            "supplier_id": 300000042365175,
            "supplier_name": "Dyson Corp Test",
            "supplier_number": "10060",
            "parent_supplier": null,
            "taxpayer_id": "37428375193",
            "tax_registration_number": null,
            "supplier_type": "Voucher",
            "status": "Approved - Sync Errors",
            "request_date": "2022-06-29T17:04:50Z",
            "requestor": "C968365",
            "resubmitted_on": null
        },
        {
            "request_id": 10000001673,
            "supplier_id": 300000042365175,
            "supplier_name": "Dyson Corp Test",
            "supplier_number": "10060",
            "parent_supplier": null,
            "taxpayer_id": "37428375193",
            "tax_registration_number": null,
            "supplier_type": "Voucher",
            "status": "Approved - Sync Errors",
            "request_date": "2022-06-29T17:02:31Z",
            "requestor": "C968365",
            "resubmitted_on": null
        },
        {
            "request_id": 10000001672,
            "supplier_id": 300000042365175,
            "supplier_name": "Dyson Corp Test",
            "supplier_number": "10060",
            "parent_supplier": null,
            "taxpayer_id": "37428375193",
            "tax_registration_number": null,
            "supplier_type": "Voucher",
            "status": "Approved - Sync Errors",
            "request_date": "2022-06-29T16:53:31Z",
            "requestor": "C968365",
            "resubmitted_on": null
        }
    ],
    "hasMore": false,
    "limit": 0,
    "offset": 0,
    "count": 12,
    "links": [
        {
            "rel": "self",
            "href": "https://geaf59a9f800a70-cfsatpdev.adb.us-ashburn-1.oraclecloudapps.com/ords/extensions/cfs_extensions/approvedSyncErrorsRequests/"
        },
        {
            "rel": "describedby",
            "href": "https://geaf59a9f800a70-cfsatpdev.adb.us-ashburn-1.oraclecloudapps.com/ords/extensions/metadata-catalog/cfs_extensions/approvedSyncErrorsRequests/"
        }
    ]
}