"FND_APP_COMMON_LOOKUP.LookupType","LookupCode","Meaning","Description","EnabledFlag","StartDateActive","EndDateActive","DisplaySequence","CreatedBy","CreationDate","LastUpdatedBy","LastUpdateDate","LastUpdateLogin","Tag"
"HRX_CN_ENTERPRISE_CATEGORY","1","Juridical enterprise","","Y","0001/01/01","4712/12/31","","SEED_DATA_FROM_APPLICATION","2013/08/08 06:28:30.998","SEED_DATA_FROM_APPLICATION","2021/09/17 16:38:15.871259","-1",""
"HRX_CN_ENTERPRISE_CATEGORY","2","Juridical institution","","Y","0001/01/01","4712/12/31","","SEED_DATA_FROM_APPLICATION","2013/08/08 06:28:31.006","SEED_DATA_FROM_APPLICATION","2021/09/17 16:38:15.871259","-1",""
"HRX_CN_ENTERPRISE_CATEGORY","3","Juridical association","","Y","0001/01/01","4712/12/31","","SEED_DATA_FROM_APPLICATION","2013/08/08 06:28:31.012","SEED_DATA_FROM_APPLICATION","2021/09/17 16:38:15.871259","-1",""
"HRX_CN_ENTERPRISE_CATEGORY","4","Juridical government organization","","Y","0001/01/01","4712/12/31","","SEED_DATA_FROM_APPLICATION","2013/08/08 06:28:31.017","SEED_DATA_FROM_APPLICATION","2021/09/17 16:38:15.871259","-1",""
"HRX_CN_ENTERPRISE_CATEGORY","5","Nonjuridical enterprise","","Y","0001/01/01","4712/12/31","","SEED_DATA_FROM_APPLICATION","2013/08/08 06:28:31.023","SEED_DATA_FROM_APPLICATION","2021/09/17 16:38:15.871259","-1",""
"HRX_CN_ENTERPRISE_CATEGORY","6","Nonjuridical institution","","Y","0001/01/01","4712/12/31","","SEED_DATA_FROM_APPLICATION","2013/08/08 06:28:31.03","SEED_DATA_FROM_APPLICATION","2021/09/17 16:38:15.871259","-1",""
"HRX_CN_ENTERPRISE_CATEGORY","7","Nonjuridical association","","Y","0001/01/01","4712/12/31","","SEED_DATA_FROM_APPLICATION","2013/08/08 06:28:31.036","SEED_DATA_FROM_APPLICATION","2021/09/17 16:38:15.871259","-1",""
"HRX_CN_ENTERPRISE_CATEGORY","8","Nonjuridical government organization","","Y","0001/01/01","4712/12/31","","SEED_DATA_FROM_APPLICATION","2013/08/08 06:28:31.042","SEED_DATA_FROM_APPLICATION","2021/09/17 16:38:15.871259","-1",""
"HRX_CN_ENTERPRISE_CATEGORY","FLEXDEPLOY_MOSC","FLEXDEPLOY_MOSC","FLEXDEPLOY_MOSC","Y","","","","CUSTOMIZED_USER","2022/03/10 17:13:18.0","CUSTOMIZED_USER","2022/03/10 17:13:43.168","D820A1AC8B49EBCCE0530661F00A8D66",""
