<MigrationProcessCSVMetadataVO>
   <MigrationProcessCSVMetadataVORow>
      <ProcessId>-999</ProcessId>
      <ProcessName>Manage Legal Entity Configurator Lookups_20220310_061605_134</ProcessName>
      <ProcessDescription>Manage Legal Entity Configurator Lookups_20220310_061605_134</ProcessDescription>
      <ProcessDate>2022-03-10 18:16:59.295</ProcessDate>
      <ObjectShortName>XLE_MANAGE_APPLICATION_LOOKUP</ObjectShortName>
      <ObjectType>TASK</ObjectType>
      <CreatedByFlow>TASK_CSV_SERVICE</CreatedByFlow>
      <MigrationProcessBusinessObjectCSVMetadata1>
         <MigrationProcessBusinessObjectCSVMetadataVORow>
            <ProcessId>-999</ProcessId>
            <BusinessObjectShortName>ORA_FINANCIALS_GENERIC_LOOKUP_TYPE</BusinessObjectShortName>
            <BatchName>LookupTypeGeneric1</BatchName>
            <XmlAttributeList>CreatedBy,CreationDate,CustomizationLevel,DeleteLookupCode,DeleteLookupType,Description,InsertLookupCode,LastUpdateDate,LastUpdateLogin,LastUpdatedBy,LookupType,Meaning,ModuleId,ReferenceGroupName,ViewApplicationId,ModuleId1,ModuleKey,ModuleType,ChangeSinceLastRefresh,RestAccessSecured</XmlAttributeList>
            <XmlAttributeTypeList>string,dateTime,string,boolean,boolean,string,boolean,dateTime,string,string,string,string,string,string,long,string,string,string,string,string</XmlAttributeTypeList>
            <XmlNodePath>/LookupTypeGenericVO/LookupTypeGenericVORow</XmlNodePath>
            <NodeSequence>1</NodeSequence>
         </MigrationProcessBusinessObjectCSVMetadataVORow>
         <MigrationProcessBusinessObjectCSVMetadataVORow>
            <ProcessId>-999</ProcessId>
            <BusinessObjectShortName>ORA_FINANCIALS_GENERIC_LOOKUP_TYPE_TRANSLATION</BusinessObjectShortName>
            <BatchName>LookupTypeGeneric1</BatchName>
            <XmlAttributeList>CreatedBy,CreationDate,Description,Language,LastUpdateDate,LastUpdateLogin,LastUpdatedBy,LookupType,Meaning,SourceLang,ViewApplicationId,ChangeSinceLastRefresh</XmlAttributeList>
            <XmlAttributeTypeList>string,dateTime,string,string,dateTime,string,string,string,string,string,long,string</XmlAttributeTypeList>
            <XmlNodePath>/LookupTypeGenericVO/LookupTypeGenericVORow/LooupTypeGenericTranslation/LookupTypeGenericTranslationVORow</XmlNodePath>
            <NodeSequence>1</NodeSequence>
         </MigrationProcessBusinessObjectCSVMetadataVORow>
         <MigrationProcessBusinessObjectCSVMetadataVORow>
            <ProcessId>-999</ProcessId>
            <BusinessObjectShortName>FUN_APP_GENERIC_LOOKUP</BusinessObjectShortName>
            <BatchName>LookupGeneric1</BatchName>
            <XmlAttributeList>CreatedBy,CreationDate,Description,DisplaySequence,EnabledFlag,EndDateActive,LastUpdateDate,LastUpdateLogin,LastUpdatedBy,LookupCode,LookupType,Meaning,StartDateActive,Tag,UpdateStartDate,ViewApplicationId,SetCode,ModuleKey,ModuleType,ModuleId,ChangeSinceLastRefresh,Attribute1,Attribute10,Attribute11,Attribute12,Attribute13,Attribute14,Attribute15,Attribute2,Attribute3,Attribute4,Attribute5,Attribute6,Attribute7,Attribute8,Attribute9,AttributeCategory</XmlAttributeList>
            <XmlAttributeTypeList>string,dateTime,string,long,string,date,dateTime,string,string,string,string,string,date,string,boolean,long,string,string,string,string,string,string,string,string,string,string,string,string,string,string,string,string,string,string,string,string,string</XmlAttributeTypeList>
            <XmlNodePath>/LookupGenericVO/LookupGenericVORow</XmlNodePath>
            <NodeSequence>3</NodeSequence>
         </MigrationProcessBusinessObjectCSVMetadataVORow>
         <MigrationProcessBusinessObjectCSVMetadataVORow>
            <ProcessId>-999</ProcessId>
            <BusinessObjectShortName>FUN_APP_GENERIC_LOOKUP_TRANSLATION</BusinessObjectShortName>
            <BatchName>LookupGeneric1</BatchName>
            <XmlAttributeList>CreatedBy,CreationDate,Description,Language,LastUpdateDate,LastUpdateLogin,LastUpdatedBy,LookupCode,LookupType,Meaning,SourceLang,ViewApplicationId,ChangeSinceLastRefresh</XmlAttributeList>
            <XmlAttributeTypeList>string,dateTime,string,string,dateTime,string,string,string,string,string,string,long,string</XmlAttributeTypeList>
            <XmlNodePath>/LookupGenericVO/LookupGenericVORow/LookupGenericTranslation/LookupGenericTranslationVORow</XmlNodePath>
            <NodeSequence>3</NodeSequence>
         </MigrationProcessBusinessObjectCSVMetadataVORow>
      </MigrationProcessBusinessObjectCSVMetadata1>
      <MigrationProcessBatchCSVMetadata>
         <MigrationProcessBatchCSVMetadataVORow>
            <ProcessId>-999</ProcessId>
            <BatchName>LookupTypeGeneric1</BatchName>
            <ImportSequence>0</ImportSequence>
            <ServiceName>oracle.apps.financials.commonModules.appsLookups.appsLookupService.appsLookupService</ServiceName>
            <BatchSize>500</BatchSize>
         </MigrationProcessBatchCSVMetadataVORow>
         <MigrationProcessBatchCSVMetadataVORow>
            <ProcessId>-999</ProcessId>
            <BatchName>LookupGeneric1</BatchName>
            <ImportSequence>1</ImportSequence>
            <ServiceName>oracle.apps.financials.commonModules.appsLookups.appsLookupService.appsLookupService</ServiceName>
            <BatchSize>500</BatchSize>
         </MigrationProcessBatchCSVMetadataVORow>
      </MigrationProcessBatchCSVMetadata>
      <MigrationProcessScopeValueCSVMetadata>
         <MigrationProcessScopeValueCSVMetadataVORow>
            <ProcessId>-999</ProcessId>
            <MigScopeValueSetId>100000897671984</MigScopeValueSetId>
            <BusinessObjectShortName>FUN_APP_GENERIC_LOOKUP</BusinessObjectShortName>
            <ScopeValueBoAttributeId>moduleType</ScopeValueBoAttributeId>
            <ScopeValueBoAttributeValue>APPLICATION</ScopeValueBoAttributeValue>
            <ScopeValueBoAttributeValueCode>APPLICATION</ScopeValueBoAttributeValueCode>
         </MigrationProcessScopeValueCSVMetadataVORow>
         <MigrationProcessScopeValueCSVMetadataVORow>
            <ProcessId>-999</ProcessId>
            <MigScopeValueSetId>100000897671984</MigScopeValueSetId>
            <BusinessObjectShortName>FUN_APP_GENERIC_LOOKUP</BusinessObjectShortName>
            <ScopeValueBoAttributeId>moduleKey</ScopeValueBoAttributeId>
            <ScopeValueBoAttributeValue>XLE</ScopeValueBoAttributeValue>
            <ScopeValueBoAttributeValueCode>XLE</ScopeValueBoAttributeValueCode>
         </MigrationProcessScopeValueCSVMetadataVORow>
         <MigrationProcessScopeValueCSVMetadataVORow>
            <ProcessId>-999</ProcessId>
            <MigScopeValueSetId>100000897671984</MigScopeValueSetId>
            <BusinessObjectShortName>FUN_APP_GENERIC_LOOKUP</BusinessObjectShortName>
            <ScopeValueBoAttributeId>mode</ScopeValueBoAttributeId>
            <ScopeValueBoAttributeValue>search</ScopeValueBoAttributeValue>
            <ScopeValueBoAttributeValueCode>search</ScopeValueBoAttributeValueCode>
         </MigrationProcessScopeValueCSVMetadataVORow>
      </MigrationProcessScopeValueCSVMetadata>
      <MigrationProcessMigrationObjectCSVMetadata>
         <MigrationProcessMigrationObjectCSVMetadataVORow>
            <ProcessId>-999</ProcessId>
            <BusinessObjectShortName>FUN_APP_GENERIC_LOOKUP</BusinessObjectShortName>
            <MigrateFlag>Y</MigrateFlag>
            <IncludeExternalDataFlag>Y</IncludeExternalDataFlag>
         </MigrationProcessMigrationObjectCSVMetadataVORow>
      </MigrationProcessMigrationObjectCSVMetadata>
      <MigrationProcessTaskCSVMetadata null="true"/>
      <MigrationProcessServiceVersionCSVMetadata null="true"/>
   </MigrationProcessCSVMetadataVORow>
</MigrationProcessCSVMetadataVO>