{
    "items": [
        {
            "supplier_site_id": 300000067369752,
            "supplier_id": 300000061710879,
            "request_id": 10000001272,
            "supplier_site": "new site bnk",
            "procurement_bu_id": null,
            "procurement_bu": "Canada Business Service Center",
            "supplier_address_id": null,
            "supplier_address_name": "test add country",
            "inactive_date": null,
            "site_status": "ACTIVE",
            "site_purpose_pay_flag": "Yes",
            "site_purpose_primary_pay_flag": null,
            "nuclear_qualified": null,
            "status_reason_code": "Duplicate Supplier",
            "alternate_site_name": null,
            "income_tax_reporting_site_flag": "No",
            "invoice_currency_code": null,
            "payment_currency_code": null,
            "invoice_amount_limit": null,
            "hold_all_invoices_flag": "No",
            "hold_unvalidated_invoices_flag": "No",
            "payment_hold_reason": null,
            "payment_terms": ".5/10 Net 60",
            "payment_terms_id": null,
            "payment_terms_date_basis": null,
            "payment_terms_date_basis_code": null,
            "pay_date_basis": null,
            "pay_date_basis_code": null,
            "payment_method": "Wire",
            "remittance_delivery_method": null,
            "remittance_delivery_email": null,
            "client_bu": "Canada Business Service Center",
            "client_bu_id": null,
            "bill_to_bu": "Canada Business Service Center",
            "bill_to_bu_id": null,
            "action_requested": "Update",
            "re_supplier_site": null,
            "re_procurement_bu_id": null,
            "re_procurement_bu": null,
            "re_supplier_address_id": null,
            "re_supplier_address_name": null,
            "re_inactive_date": null,
            "re_site_status": null,
            "re_site_purpose_pay_flag": null,
            "re_site_purpose_primary_pay_flag": null,
            "re_nuclear_qualified": null,
            "re_status_reason_code": null,
            "re_alternate_site_name": null,
            "re_income_tax_reporting_site_flag": null,
            "re_invoice_currency_code": null,
            "re_payment_currency_code": null,
            "re_invoice_amount_limit": null,
            "re_hold_all_invoices_flag": null,
            "re_hold_unvalidated_invoices_flag": null,
            "re_payment_hold_reason": null,
            "re_payment_terms": null,
            "re_payment_terms_id": null,
            "re_payment_terms_date_basis": null,
            "re_payment_terms_date_basis_code": null,
            "re_pay_date_basis": null,
            "re_pay_date_basis_code": null,
            "re_payment_method": null,
            "re_remittance_delivery_method": "EMAIL",
            "re_remittance_delivery_email": "test@example.com",
            "re_client_bu": null,
            "re_client_bu_id": null,
            "re_bill_to_bu": null,
            "re_bill_to_bu_id": null,
            "payee_id": "300000067369753"
        }
    ],
    "hasMore": false,
    "limit": 0,
    "offset": 0,
    "count": 1,
    "links": [
        {
            "rel": "self",
            "href": "https://geaf59a9f800a70-cfsatpdev.adb.us-ashburn-1.oraclecloudapps.com/ords/cfs_extensions/cfs_extensions/get_sites_updates/10000001272"
        },
        {
            "rel": "describedby",
            "href": "https://geaf59a9f800a70-cfsatpdev.adb.us-ashburn-1.oraclecloudapps.com/ords/cfs_extensions/metadata-catalog/cfs_extensions/get_sites_updates/item"
        }
    ]
}