{
"supplier_contact_id":"1",
"supplier_id":"300000061710879",
"request_id":"10000000910",
"salutation_code":null,
"salutation":null,
"first_name":null,
"last_name":null,
"job_title":null,
"administrative_contact_flag":null,
"phone_country_code":null,
"phone_area_code":null,
"phone_number":null,
"phone_extension":null,
"fax_country_code":null,
"fax_area_code":null,
"fax_number":null,
"mobile_country_code":null,
"mobile_area_code":null,
"mobile_number":null,
"email":null,
"inactive_date":null,
"address_name":null,
"re_salutation_code":null,
"re_salutation":null,
"re_first_name":null,
"re_last_name":null,
"re_job_title":null,
"re_administrative_contact_flag":null,
"re_phone_country_code":null,
"re_phone_area_code":null,
"re_phone_number":null,
"re_phone_extension":null,
"re_fax_country_code":null,
"re_fax_area_code":null,
"re_fax_number":null,
"re_mobile_country_code":null,
"re_mobile_area_code":null,
"re_mobile_number":null,
"re_email":null,
"re_inactive_date":null,
"re_status":null,
"re_address_name":null,
"action_requested":null,
"creation_date":null,
"last_update_date":null,
"created_by":null,
"last_updated_by":null,
 "status":"ACTIVE"
}