"FUN_APP_GENERIC_LOOKUP.LookupType","FUN_APP_GENERIC_LOOKUP.LookupCode","FUN_APP_GENERIC_LOOKUP.ViewApplicationId","FUN_APP_GENERIC_LOOKUP.SetCode","CreatedBy","CreationDate","Description","Language","LastUpdateDate","LastUpdateLogin","LastUpdatedBy","LookupCode","LookupType","Meaning","SourceLang","ViewApplicationId","ChangeSinceLastRefresh"
"IBY_BANKACCT_TYPES","MONEYMRKT","0","COMMON","anonymous","2013/08/08 06:21:41.474","","AR","2018/12/19 00:53:37.0","-1","anonymous","MONEYMRKT","IBY_BANKACCT_TYPES","سوق المال","AR","0","N"
"IBY_BANKACCT_TYPES","MONEYMRKT","0","COMMON","anonymous","2013/08/08 06:21:41.474","","CS","2018/12/19 00:53:37.0","-1","anonymous","MONEYMRKT","IBY_BANKACCT_TYPES","Peněžní trh","CS","0","N"
"IBY_BANKACCT_TYPES","MONEYMRKT","0","COMMON","anonymous","2013/08/08 06:21:41.474","","D","2018/12/19 00:53:37.0","-1","anonymous","MONEYMRKT","IBY_BANKACCT_TYPES","Geldmarkt","D","0","N"
"IBY_BANKACCT_TYPES","MONEYMRKT","0","COMMON","anonymous","2013/08/08 06:21:41.474","","DK","2018/12/19 00:53:37.0","-1","anonymous","MONEYMRKT","IBY_BANKACCT_TYPES","Pengemarked","DK","0","N"
"IBY_BANKACCT_TYPES","MONEYMRKT","0","COMMON","anonymous","2013/08/08 06:21:41.474","","E","2018/12/19 00:53:37.0","-1","anonymous","MONEYMRKT","IBY_BANKACCT_TYPES","Mercado monetario","E","0","N"
"IBY_BANKACCT_TYPES","MONEYMRKT","0","COMMON","anonymous","2013/08/08 06:21:41.474","","EL","2018/12/19 00:53:37.0","-1","anonymous","MONEYMRKT","IBY_BANKACCT_TYPES","Money market","US","0","N"
"IBY_BANKACCT_TYPES","MONEYMRKT","0","COMMON","anonymous","2013/08/08 06:21:41.474","","ESA","2018/12/19 00:53:37.0","-1","anonymous","MONEYMRKT","IBY_BANKACCT_TYPES","Money market","US","0","N"
"IBY_BANKACCT_TYPES","MONEYMRKT","0","COMMON","anonymous","2013/08/08 06:21:41.474","","ET","2018/12/19 00:53:37.0","-1","anonymous","MONEYMRKT","IBY_BANKACCT_TYPES","Money market","US","0","N"
"IBY_BANKACCT_TYPES","MONEYMRKT","0","COMMON","anonymous","2013/08/08 06:21:41.474","","F","2018/12/19 00:53:37.0","-1","anonymous","MONEYMRKT","IBY_BANKACCT_TYPES","Marché monétaire","F","0","N"
"IBY_BANKACCT_TYPES","MONEYMRKT","0","COMMON","anonymous","2013/08/08 06:21:41.474","","FRC","2018/12/19 00:53:37.0","-1","anonymous","MONEYMRKT","IBY_BANKACCT_TYPES","Marché monétaire","FRC","0","N"
"IBY_BANKACCT_TYPES","MONEYMRKT","0","COMMON","anonymous","2013/08/08 06:21:41.474","","HR","2018/12/19 00:53:37.0","-1","anonymous","MONEYMRKT","IBY_BANKACCT_TYPES","Money market","US","0","N"
"IBY_BANKACCT_TYPES","MONEYMRKT","0","COMMON","anonymous","2013/08/08 06:21:41.474","","HU","2018/12/19 00:53:37.0","-1","anonymous","MONEYMRKT","IBY_BANKACCT_TYPES","Pénzpiac","HU","0","N"
"IBY_BANKACCT_TYPES","MONEYMRKT","0","COMMON","anonymous","2013/08/08 06:21:41.474","","I","2018/12/19 00:53:37.0","-1","anonymous","MONEYMRKT","IBY_BANKACCT_TYPES","Mercato monetario","I","0","N"
"IBY_BANKACCT_TYPES","MONEYMRKT","0","COMMON","anonymous","2013/08/08 06:21:41.474","","IS","2018/12/19 00:53:37.0","-1","anonymous","MONEYMRKT","IBY_BANKACCT_TYPES","Money market","US","0","N"
"IBY_BANKACCT_TYPES","MONEYMRKT","0","COMMON","anonymous","2013/08/08 06:21:41.474","","IW","2018/12/19 00:53:37.0","-1","anonymous","MONEYMRKT","IBY_BANKACCT_TYPES","שוק הכספים","IW","0","N"
"IBY_BANKACCT_TYPES","MONEYMRKT","0","COMMON","anonymous","2013/08/08 06:21:41.474","","JA","2018/12/19 00:53:37.0","-1","anonymous","MONEYMRKT","IBY_BANKACCT_TYPES","金融市場","JA","0","N"
"IBY_BANKACCT_TYPES","MONEYMRKT","0","COMMON","anonymous","2013/08/08 06:21:41.474","","KO","2018/12/19 00:53:37.0","-1","anonymous","MONEYMRKT","IBY_BANKACCT_TYPES","머니 마켓","KO","0","N"
"IBY_BANKACCT_TYPES","MONEYMRKT","0","COMMON","anonymous","2013/08/08 06:21:41.474","","LT","2018/12/19 00:53:37.0","-1","anonymous","MONEYMRKT","IBY_BANKACCT_TYPES","Money market","US","0","N"
"IBY_BANKACCT_TYPES","MONEYMRKT","0","COMMON","anonymous","2013/08/08 06:21:41.474","","LV","2018/12/19 00:53:37.0","-1","anonymous","MONEYMRKT","IBY_BANKACCT_TYPES","Money market","US","0","N"
"IBY_BANKACCT_TYPES","MONEYMRKT","0","COMMON","anonymous","2013/08/08 06:21:41.474","","N","2018/12/19 00:53:37.0","-1","anonymous","MONEYMRKT","IBY_BANKACCT_TYPES","Pengemarked","N","0","N"
"IBY_BANKACCT_TYPES","MONEYMRKT","0","COMMON","anonymous","2013/08/08 06:21:41.474","","NL","2018/12/19 00:53:37.0","-1","anonymous","MONEYMRKT","IBY_BANKACCT_TYPES","Geldmarkt","NL","0","N"
"IBY_BANKACCT_TYPES","MONEYMRKT","0","COMMON","anonymous","2013/08/08 06:21:41.474","","PL","2018/12/19 00:53:37.0","-1","anonymous","MONEYMRKT","IBY_BANKACCT_TYPES","Rynek pieniężny","PL","0","N"
"IBY_BANKACCT_TYPES","MONEYMRKT","0","COMMON","anonymous","2013/08/08 06:21:41.474","","PT","2018/12/19 00:53:37.0","-1","anonymous","MONEYMRKT","IBY_BANKACCT_TYPES","Money market","US","0","N"
"IBY_BANKACCT_TYPES","MONEYMRKT","0","COMMON","anonymous","2013/08/08 06:21:41.474","","PTB","2018/12/19 00:53:37.0","-1","anonymous","MONEYMRKT","IBY_BANKACCT_TYPES","Mercado financeiro","PTB","0","N"
"IBY_BANKACCT_TYPES","MONEYMRKT","0","COMMON","anonymous","2013/08/08 06:21:41.474","","RO","2018/12/19 00:53:37.0","-1","anonymous","MONEYMRKT","IBY_BANKACCT_TYPES","Piaţă de capital","RO","0","N"
"IBY_BANKACCT_TYPES","MONEYMRKT","0","COMMON","anonymous","2013/08/08 06:21:41.474","","RU","2018/12/19 00:53:37.0","-1","anonymous","MONEYMRKT","IBY_BANKACCT_TYPES","Денежный рынок","RU","0","N"
"IBY_BANKACCT_TYPES","MONEYMRKT","0","COMMON","anonymous","2013/08/08 06:21:41.474","","S","2018/12/19 00:53:37.0","-1","anonymous","MONEYMRKT","IBY_BANKACCT_TYPES","Penningmarknad","S","0","N"
"IBY_BANKACCT_TYPES","MONEYMRKT","0","COMMON","anonymous","2013/08/08 06:21:41.474","","SF","2018/12/19 00:53:37.0","-1","anonymous","MONEYMRKT","IBY_BANKACCT_TYPES","Rahamarkkinat","SF","0","N"
"IBY_BANKACCT_TYPES","MONEYMRKT","0","COMMON","anonymous","2013/08/08 06:21:41.474","","SK","2018/12/19 00:53:37.0","-1","anonymous","MONEYMRKT","IBY_BANKACCT_TYPES","Money market","US","0","N"
"IBY_BANKACCT_TYPES","MONEYMRKT","0","COMMON","anonymous","2013/08/08 06:21:41.474","","SL","2018/12/19 00:53:37.0","-1","anonymous","MONEYMRKT","IBY_BANKACCT_TYPES","Money market","US","0","N"
"IBY_BANKACCT_TYPES","MONEYMRKT","0","COMMON","anonymous","2013/08/08 06:21:41.474","","TH","2018/12/19 00:53:37.0","-1","anonymous","MONEYMRKT","IBY_BANKACCT_TYPES","ตลาดการเงิน","TH","0","N"
"IBY_BANKACCT_TYPES","MONEYMRKT","0","COMMON","anonymous","2013/08/08 06:21:41.474","","TR","2018/12/19 00:53:37.0","-1","anonymous","MONEYMRKT","IBY_BANKACCT_TYPES","Para pazarı","TR","0","N"
"IBY_BANKACCT_TYPES","MONEYMRKT","0","COMMON","anonymous","2013/08/08 06:21:41.474","","US","2018/12/19 00:53:37.0","-1","anonymous","MONEYMRKT","IBY_BANKACCT_TYPES","Money market","US","0","N"
"IBY_BANKACCT_TYPES","MONEYMRKT","0","COMMON","anonymous","2013/08/08 06:21:41.474","","ZHS","2018/12/19 00:53:37.0","-1","anonymous","MONEYMRKT","IBY_BANKACCT_TYPES","金融市场","ZHS","0","N"
"IBY_BANKACCT_TYPES","MONEYMRKT","0","COMMON","anonymous","2013/08/08 06:21:41.474","","ZHT","2018/12/19 00:53:37.0","-1","anonymous","MONEYMRKT","IBY_BANKACCT_TYPES","貨幣巿場","ZHT","0","N"
"IBY_ENABLE_CC_CREATION","IBY_POD_HASH","0","COMMON","FIN_IMPL","2019/06/10 17:45:22.038","","AR","2019/06/10 17:45:48.105","8AFAB3A7DA97E33AE053C390DF0A5127","FIN_IMPL","IBY_POD_HASH","IBY_ENABLE_CC_CREATION","164AA6168E8EFDAEFEE9ED22B05137F2E0319D71EE610849C9627FDAAB0C85D7","US","0","N"
"IBY_ENABLE_CC_CREATION","IBY_POD_HASH","0","COMMON","FIN_IMPL","2019/06/10 17:45:22.038","","CS","2019/06/10 17:45:48.104","8AFAB3A7DA97E33AE053C390DF0A5127","FIN_IMPL","IBY_POD_HASH","IBY_ENABLE_CC_CREATION","164AA6168E8EFDAEFEE9ED22B05137F2E0319D71EE610849C9627FDAAB0C85D7","US","0","N"
"IBY_ENABLE_CC_CREATION","IBY_POD_HASH","0","COMMON","FIN_IMPL","2019/06/10 17:45:22.039","","D","2019/06/10 17:45:48.103","8AFAB3A7DA97E33AE053C390DF0A5127","FIN_IMPL","IBY_POD_HASH","IBY_ENABLE_CC_CREATION","164AA6168E8EFDAEFEE9ED22B05137F2E0319D71EE610849C9627FDAAB0C85D7","US","0","N"
"IBY_ENABLE_CC_CREATION","IBY_POD_HASH","0","COMMON","FIN_IMPL","2019/06/10 17:45:22.039","","DK","2019/06/10 17:45:48.102","8AFAB3A7DA97E33AE053C390DF0A5127","FIN_IMPL","IBY_POD_HASH","IBY_ENABLE_CC_CREATION","164AA6168E8EFDAEFEE9ED22B05137F2E0319D71EE610849C9627FDAAB0C85D7","US","0","N"
"IBY_ENABLE_CC_CREATION","IBY_POD_HASH","0","COMMON","FIN_IMPL","2019/06/10 17:45:22.04","","E","2019/06/10 17:45:48.102","8AFAB3A7DA97E33AE053C390DF0A5127","FIN_IMPL","IBY_POD_HASH","IBY_ENABLE_CC_CREATION","164AA6168E8EFDAEFEE9ED22B05137F2E0319D71EE610849C9627FDAAB0C85D7","US","0","N"
"IBY_ENABLE_CC_CREATION","IBY_POD_HASH","0","COMMON","FIN_IMPL","2019/06/10 17:45:22.04","","F","2019/06/10 17:45:48.101","8AFAB3A7DA97E33AE053C390DF0A5127","FIN_IMPL","IBY_POD_HASH","IBY_ENABLE_CC_CREATION","164AA6168E8EFDAEFEE9ED22B05137F2E0319D71EE610849C9627FDAAB0C85D7","US","0","N"
"IBY_ENABLE_CC_CREATION","IBY_POD_HASH","0","COMMON","FIN_IMPL","2019/06/10 17:45:22.041","","FRC","2019/06/10 17:45:48.1","8AFAB3A7DA97E33AE053C390DF0A5127","FIN_IMPL","IBY_POD_HASH","IBY_ENABLE_CC_CREATION","164AA6168E8EFDAEFEE9ED22B05137F2E0319D71EE610849C9627FDAAB0C85D7","US","0","N"
"IBY_ENABLE_CC_CREATION","IBY_POD_HASH","0","COMMON","FIN_IMPL","2019/06/10 17:45:22.041","","HU","2019/06/10 17:45:48.099","8AFAB3A7DA97E33AE053C390DF0A5127","FIN_IMPL","IBY_POD_HASH","IBY_ENABLE_CC_CREATION","164AA6168E8EFDAEFEE9ED22B05137F2E0319D71EE610849C9627FDAAB0C85D7","US","0","N"
"IBY_ENABLE_CC_CREATION","IBY_POD_HASH","0","COMMON","FIN_IMPL","2019/06/10 17:45:22.041","","I","2019/06/10 17:45:48.099","8AFAB3A7DA97E33AE053C390DF0A5127","FIN_IMPL","IBY_POD_HASH","IBY_ENABLE_CC_CREATION","164AA6168E8EFDAEFEE9ED22B05137F2E0319D71EE610849C9627FDAAB0C85D7","US","0","N"
"IBY_ENABLE_CC_CREATION","IBY_POD_HASH","0","COMMON","FIN_IMPL","2019/06/10 17:45:22.042","","IW","2019/06/10 17:45:48.098","8AFAB3A7DA97E33AE053C390DF0A5127","FIN_IMPL","IBY_POD_HASH","IBY_ENABLE_CC_CREATION","164AA6168E8EFDAEFEE9ED22B05137F2E0319D71EE610849C9627FDAAB0C85D7","US","0","N"
"IBY_ENABLE_CC_CREATION","IBY_POD_HASH","0","COMMON","FIN_IMPL","2019/06/10 17:45:22.042","","JA","2019/06/10 17:45:48.097","8AFAB3A7DA97E33AE053C390DF0A5127","FIN_IMPL","IBY_POD_HASH","IBY_ENABLE_CC_CREATION","164AA6168E8EFDAEFEE9ED22B05137F2E0319D71EE610849C9627FDAAB0C85D7","US","0","N"
"IBY_ENABLE_CC_CREATION","IBY_POD_HASH","0","COMMON","FIN_IMPL","2019/06/10 17:45:22.043","","KO","2019/06/10 17:45:48.096","8AFAB3A7DA97E33AE053C390DF0A5127","FIN_IMPL","IBY_POD_HASH","IBY_ENABLE_CC_CREATION","164AA6168E8EFDAEFEE9ED22B05137F2E0319D71EE610849C9627FDAAB0C85D7","US","0","N"
"IBY_ENABLE_CC_CREATION","IBY_POD_HASH","0","COMMON","FIN_IMPL","2019/06/10 17:45:22.043","","N","2019/06/10 17:45:48.095","8AFAB3A7DA97E33AE053C390DF0A5127","FIN_IMPL","IBY_POD_HASH","IBY_ENABLE_CC_CREATION","164AA6168E8EFDAEFEE9ED22B05137F2E0319D71EE610849C9627FDAAB0C85D7","US","0","N"
"IBY_ENABLE_CC_CREATION","IBY_POD_HASH","0","COMMON","FIN_IMPL","2019/06/10 17:45:22.044","","NL","2019/06/10 17:45:48.095","8AFAB3A7DA97E33AE053C390DF0A5127","FIN_IMPL","IBY_POD_HASH","IBY_ENABLE_CC_CREATION","164AA6168E8EFDAEFEE9ED22B05137F2E0319D71EE610849C9627FDAAB0C85D7","US","0","N"
"IBY_ENABLE_CC_CREATION","IBY_POD_HASH","0","COMMON","FIN_IMPL","2019/06/10 17:45:22.044","","PL","2019/06/10 17:45:48.094","8AFAB3A7DA97E33AE053C390DF0A5127","FIN_IMPL","IBY_POD_HASH","IBY_ENABLE_CC_CREATION","164AA6168E8EFDAEFEE9ED22B05137F2E0319D71EE610849C9627FDAAB0C85D7","US","0","N"
"IBY_ENABLE_CC_CREATION","IBY_POD_HASH","0","COMMON","FIN_IMPL","2019/06/10 17:45:22.044","","PTB","2019/06/10 17:45:48.093","8AFAB3A7DA97E33AE053C390DF0A5127","FIN_IMPL","IBY_POD_HASH","IBY_ENABLE_CC_CREATION","164AA6168E8EFDAEFEE9ED22B05137F2E0319D71EE610849C9627FDAAB0C85D7","US","0","N"
"IBY_ENABLE_CC_CREATION","IBY_POD_HASH","0","COMMON","FIN_IMPL","2019/06/10 17:45:22.045","","RO","2019/06/10 17:45:48.092","8AFAB3A7DA97E33AE053C390DF0A5127","FIN_IMPL","IBY_POD_HASH","IBY_ENABLE_CC_CREATION","164AA6168E8EFDAEFEE9ED22B05137F2E0319D71EE610849C9627FDAAB0C85D7","US","0","N"
"IBY_ENABLE_CC_CREATION","IBY_POD_HASH","0","COMMON","FIN_IMPL","2019/06/10 17:45:22.045","","RU","2019/06/10 17:45:48.091","8AFAB3A7DA97E33AE053C390DF0A5127","FIN_IMPL","IBY_POD_HASH","IBY_ENABLE_CC_CREATION","164AA6168E8EFDAEFEE9ED22B05137F2E0319D71EE610849C9627FDAAB0C85D7","US","0","N"
"IBY_ENABLE_CC_CREATION","IBY_POD_HASH","0","COMMON","FIN_IMPL","2019/06/10 17:45:22.046","","S","2019/06/10 17:45:48.09","8AFAB3A7DA97E33AE053C390DF0A5127","FIN_IMPL","IBY_POD_HASH","IBY_ENABLE_CC_CREATION","164AA6168E8EFDAEFEE9ED22B05137F2E0319D71EE610849C9627FDAAB0C85D7","US","0","N"
"IBY_ENABLE_CC_CREATION","IBY_POD_HASH","0","COMMON","FIN_IMPL","2019/06/10 17:45:22.046","","SF","2019/06/10 17:45:48.09","8AFAB3A7DA97E33AE053C390DF0A5127","FIN_IMPL","IBY_POD_HASH","IBY_ENABLE_CC_CREATION","164AA6168E8EFDAEFEE9ED22B05137F2E0319D71EE610849C9627FDAAB0C85D7","US","0","N"
"IBY_ENABLE_CC_CREATION","IBY_POD_HASH","0","COMMON","FIN_IMPL","2019/06/10 17:45:22.047","","TH","2019/06/10 17:45:48.089","8AFAB3A7DA97E33AE053C390DF0A5127","FIN_IMPL","IBY_POD_HASH","IBY_ENABLE_CC_CREATION","164AA6168E8EFDAEFEE9ED22B05137F2E0319D71EE610849C9627FDAAB0C85D7","US","0","N"
"IBY_ENABLE_CC_CREATION","IBY_POD_HASH","0","COMMON","FIN_IMPL","2019/06/10 17:45:22.047","","TR","2019/06/10 17:45:48.088","8AFAB3A7DA97E33AE053C390DF0A5127","FIN_IMPL","IBY_POD_HASH","IBY_ENABLE_CC_CREATION","164AA6168E8EFDAEFEE9ED22B05137F2E0319D71EE610849C9627FDAAB0C85D7","US","0","N"
"IBY_ENABLE_CC_CREATION","IBY_POD_HASH","0","COMMON","FIN_IMPL","2019/06/10 17:45:22.048","","US","2019/06/10 17:45:48.087","8AFAB3A7DA97E33AE053C390DF0A5127","FIN_IMPL","IBY_POD_HASH","IBY_ENABLE_CC_CREATION","164AA6168E8EFDAEFEE9ED22B05137F2E0319D71EE610849C9627FDAAB0C85D7","US","0","N"
"IBY_ENABLE_CC_CREATION","IBY_POD_HASH","0","COMMON","FIN_IMPL","2019/06/10 17:45:22.048","","ZHS","2019/06/10 17:45:48.086","8AFAB3A7DA97E33AE053C390DF0A5127","FIN_IMPL","IBY_POD_HASH","IBY_ENABLE_CC_CREATION","164AA6168E8EFDAEFEE9ED22B05137F2E0319D71EE610849C9627FDAAB0C85D7","US","0","N"
"IBY_ENABLE_CC_CREATION","IBY_POD_HASH","0","COMMON","FIN_IMPL","2019/06/10 17:45:22.048","","ZHT","2019/06/10 17:45:48.084","8AFAB3A7DA97E33AE053C390DF0A5127","FIN_IMPL","IBY_POD_HASH","IBY_ENABLE_CC_CREATION","164AA6168E8EFDAEFEE9ED22B05137F2E0319D71EE610849C9627FDAAB0C85D7","US","0","N"
"ORA_IBY_CONTROLLED_FEATURES","IBY_FEATURE_FIN983_ON","0","COMMON","Sam.Cook","2021/01/19 14:50:26.496","","AR","2021/01/19 14:51:15.901","B940BF717B255E4FE0539E90DF0A554D","Sam.Cook","IBY_FEATURE_FIN983_ON","ORA_IBY_CONTROLLED_FEATURES","Enable PayPal payment","US","0","N"
"ORA_IBY_CONTROLLED_FEATURES","IBY_FEATURE_FIN983_ON","0","COMMON","Sam.Cook","2021/01/19 14:50:26.497","","CS","2021/01/19 14:51:15.899","B940BF717B255E4FE0539E90DF0A554D","Sam.Cook","IBY_FEATURE_FIN983_ON","ORA_IBY_CONTROLLED_FEATURES","Enable PayPal payment","US","0","N"
"ORA_IBY_CONTROLLED_FEATURES","IBY_FEATURE_FIN983_ON","0","COMMON","Sam.Cook","2021/01/19 14:50:26.498","","D","2021/01/19 14:51:15.897","B940BF717B255E4FE0539E90DF0A554D","Sam.Cook","IBY_FEATURE_FIN983_ON","ORA_IBY_CONTROLLED_FEATURES","Enable PayPal payment","US","0","N"
"ORA_IBY_CONTROLLED_FEATURES","IBY_FEATURE_FIN983_ON","0","COMMON","Sam.Cook","2021/01/19 14:50:26.499","","DK","2021/01/19 14:51:15.896","B940BF717B255E4FE0539E90DF0A554D","Sam.Cook","IBY_FEATURE_FIN983_ON","ORA_IBY_CONTROLLED_FEATURES","Enable PayPal payment","US","0","N"
"ORA_IBY_CONTROLLED_FEATURES","IBY_FEATURE_FIN983_ON","0","COMMON","Sam.Cook","2021/01/19 14:50:26.499","","E","2021/01/19 14:51:15.894","B940BF717B255E4FE0539E90DF0A554D","Sam.Cook","IBY_FEATURE_FIN983_ON","ORA_IBY_CONTROLLED_FEATURES","Enable PayPal payment","US","0","N"
"ORA_IBY_CONTROLLED_FEATURES","IBY_FEATURE_FIN983_ON","0","COMMON","Sam.Cook","2021/01/19 14:50:26.5","","F","2021/01/19 14:51:15.893","B940BF717B255E4FE0539E90DF0A554D","Sam.Cook","IBY_FEATURE_FIN983_ON","ORA_IBY_CONTROLLED_FEATURES","Enable PayPal payment","US","0","N"
"ORA_IBY_CONTROLLED_FEATURES","IBY_FEATURE_FIN983_ON","0","COMMON","Sam.Cook","2021/01/19 14:50:26.501","","FRC","2021/01/19 14:51:15.89","B940BF717B255E4FE0539E90DF0A554D","Sam.Cook","IBY_FEATURE_FIN983_ON","ORA_IBY_CONTROLLED_FEATURES","Enable PayPal payment","US","0","N"
"ORA_IBY_CONTROLLED_FEATURES","IBY_FEATURE_FIN983_ON","0","COMMON","Sam.Cook","2021/01/19 14:50:26.501","","HU","2021/01/19 14:51:15.889","B940BF717B255E4FE0539E90DF0A554D","Sam.Cook","IBY_FEATURE_FIN983_ON","ORA_IBY_CONTROLLED_FEATURES","Enable PayPal payment","US","0","N"
"ORA_IBY_CONTROLLED_FEATURES","IBY_FEATURE_FIN983_ON","0","COMMON","Sam.Cook","2021/01/19 14:50:26.502","","I","2021/01/19 14:51:15.887","B940BF717B255E4FE0539E90DF0A554D","Sam.Cook","IBY_FEATURE_FIN983_ON","ORA_IBY_CONTROLLED_FEATURES","Enable PayPal payment","US","0","N"
"ORA_IBY_CONTROLLED_FEATURES","IBY_FEATURE_FIN983_ON","0","COMMON","Sam.Cook","2021/01/19 14:50:26.503","","IW","2021/01/19 14:51:15.885","B940BF717B255E4FE0539E90DF0A554D","Sam.Cook","IBY_FEATURE_FIN983_ON","ORA_IBY_CONTROLLED_FEATURES","Enable PayPal payment","US","0","N"
"ORA_IBY_CONTROLLED_FEATURES","IBY_FEATURE_FIN983_ON","0","COMMON","Sam.Cook","2021/01/19 14:50:26.503","","JA","2021/01/19 14:51:15.882","B940BF717B255E4FE0539E90DF0A554D","Sam.Cook","IBY_FEATURE_FIN983_ON","ORA_IBY_CONTROLLED_FEATURES","Enable PayPal payment","US","0","N"
"ORA_IBY_CONTROLLED_FEATURES","IBY_FEATURE_FIN983_ON","0","COMMON","Sam.Cook","2021/01/19 14:50:26.506","","KO","2021/01/19 14:51:15.88","B940BF717B255E4FE0539E90DF0A554D","Sam.Cook","IBY_FEATURE_FIN983_ON","ORA_IBY_CONTROLLED_FEATURES","Enable PayPal payment","US","0","N"
"ORA_IBY_CONTROLLED_FEATURES","IBY_FEATURE_FIN983_ON","0","COMMON","Sam.Cook","2021/01/19 14:50:26.507","","N","2021/01/19 14:51:15.878","B940BF717B255E4FE0539E90DF0A554D","Sam.Cook","IBY_FEATURE_FIN983_ON","ORA_IBY_CONTROLLED_FEATURES","Enable PayPal payment","US","0","N"
"ORA_IBY_CONTROLLED_FEATURES","IBY_FEATURE_FIN983_ON","0","COMMON","Sam.Cook","2021/01/19 14:50:26.508","","NL","2021/01/19 14:51:15.877","B940BF717B255E4FE0539E90DF0A554D","Sam.Cook","IBY_FEATURE_FIN983_ON","ORA_IBY_CONTROLLED_FEATURES","Enable PayPal payment","US","0","N"
"ORA_IBY_CONTROLLED_FEATURES","IBY_FEATURE_FIN983_ON","0","COMMON","Sam.Cook","2021/01/19 14:50:26.509","","PL","2021/01/19 14:51:15.875","B940BF717B255E4FE0539E90DF0A554D","Sam.Cook","IBY_FEATURE_FIN983_ON","ORA_IBY_CONTROLLED_FEATURES","Enable PayPal payment","US","0","N"
"ORA_IBY_CONTROLLED_FEATURES","IBY_FEATURE_FIN983_ON","0","COMMON","Sam.Cook","2021/01/19 14:50:26.511","","PTB","2021/01/19 14:51:15.872","B940BF717B255E4FE0539E90DF0A554D","Sam.Cook","IBY_FEATURE_FIN983_ON","ORA_IBY_CONTROLLED_FEATURES","Enable PayPal payment","US","0","N"
"ORA_IBY_CONTROLLED_FEATURES","IBY_FEATURE_FIN983_ON","0","COMMON","Sam.Cook","2021/01/19 14:50:26.513","","RO","2021/01/19 14:51:15.871","B940BF717B255E4FE0539E90DF0A554D","Sam.Cook","IBY_FEATURE_FIN983_ON","ORA_IBY_CONTROLLED_FEATURES","Enable PayPal payment","US","0","N"
"ORA_IBY_CONTROLLED_FEATURES","IBY_FEATURE_FIN983_ON","0","COMMON","Sam.Cook","2021/01/19 14:50:26.514","","RU","2021/01/19 14:51:15.869","B940BF717B255E4FE0539E90DF0A554D","Sam.Cook","IBY_FEATURE_FIN983_ON","ORA_IBY_CONTROLLED_FEATURES","Enable PayPal payment","US","0","N"
"ORA_IBY_CONTROLLED_FEATURES","IBY_FEATURE_FIN983_ON","0","COMMON","Sam.Cook","2021/01/19 14:50:26.515","","S","2021/01/19 14:51:15.868","B940BF717B255E4FE0539E90DF0A554D","Sam.Cook","IBY_FEATURE_FIN983_ON","ORA_IBY_CONTROLLED_FEATURES","Enable PayPal payment","US","0","N"
"ORA_IBY_CONTROLLED_FEATURES","IBY_FEATURE_FIN983_ON","0","COMMON","Sam.Cook","2021/01/19 14:50:26.516","","SF","2021/01/19 14:51:15.866","B940BF717B255E4FE0539E90DF0A554D","Sam.Cook","IBY_FEATURE_FIN983_ON","ORA_IBY_CONTROLLED_FEATURES","Enable PayPal payment","US","0","N"
"ORA_IBY_CONTROLLED_FEATURES","IBY_FEATURE_FIN983_ON","0","COMMON","Sam.Cook","2021/01/19 14:50:26.518","","TH","2021/01/19 14:51:15.865","B940BF717B255E4FE0539E90DF0A554D","Sam.Cook","IBY_FEATURE_FIN983_ON","ORA_IBY_CONTROLLED_FEATURES","Enable PayPal payment","US","0","N"
"ORA_IBY_CONTROLLED_FEATURES","IBY_FEATURE_FIN983_ON","0","COMMON","Sam.Cook","2021/01/19 14:50:26.522","","TR","2021/01/19 14:51:15.863","B940BF717B255E4FE0539E90DF0A554D","Sam.Cook","IBY_FEATURE_FIN983_ON","ORA_IBY_CONTROLLED_FEATURES","Enable PayPal payment","US","0","N"
"ORA_IBY_CONTROLLED_FEATURES","IBY_FEATURE_FIN983_ON","0","COMMON","Sam.Cook","2021/01/19 14:50:26.526","","US","2021/01/19 14:51:15.72","B940BF717B255E4FE0539E90DF0A554D","Sam.Cook","IBY_FEATURE_FIN983_ON","ORA_IBY_CONTROLLED_FEATURES","Enable PayPal payment","US","0","N"
"ORA_IBY_CONTROLLED_FEATURES","IBY_FEATURE_FIN983_ON","0","COMMON","Sam.Cook","2021/01/19 14:50:26.524","","ZHS","2021/01/19 14:51:15.861","B940BF717B255E4FE0539E90DF0A554D","Sam.Cook","IBY_FEATURE_FIN983_ON","ORA_IBY_CONTROLLED_FEATURES","Enable PayPal payment","US","0","N"
"ORA_IBY_CONTROLLED_FEATURES","IBY_FEATURE_FIN983_ON","0","COMMON","Sam.Cook","2021/01/19 14:50:26.525","","ZHT","2021/01/19 14:51:15.859","B940BF717B255E4FE0539E90DF0A554D","Sam.Cook","IBY_FEATURE_FIN983_ON","ORA_IBY_CONTROLLED_FEATURES","Enable PayPal payment","US","0","N"
