"ORA_FINANCIALS_GENERIC_LOOKUP_TYPE.LookupType","ORA_FINANCIALS_GENERIC_LOOKUP_TYPE.ViewApplicationId","CreatedBy","CreationDate","Description","Language","LastUpdateDate","LastUpdateLogin","LastUpdatedBy","LookupType","Meaning","SourceLang","ViewApplicationId","ChangeSinceLastRefresh"
"IBY_ENABLE_CC_CREATION","0","FIN_IMPL","2019/06/10 17:44:39.005","Enable credit card","AR","2019/06/10 17:45:18.793","8AFAB3A7DA97E33AE053C390DF0A5127","FIN_IMPL","IBY_ENABLE_CC_CREATION","Enable credit card","US","0","N"
"IBY_ENABLE_CC_CREATION","0","FIN_IMPL","2019/06/10 17:44:39.006","Enable credit card","CS","2019/06/10 17:45:18.792","8AFAB3A7DA97E33AE053C390DF0A5127","FIN_IMPL","IBY_ENABLE_CC_CREATION","Enable credit card","US","0","N"
"IBY_ENABLE_CC_CREATION","0","FIN_IMPL","2019/06/10 17:44:39.006","Enable credit card","D","2019/06/10 17:45:18.791","8AFAB3A7DA97E33AE053C390DF0A5127","FIN_IMPL","IBY_ENABLE_CC_CREATION","Enable credit card","US","0","N"
"IBY_ENABLE_CC_CREATION","0","FIN_IMPL","2019/06/10 17:44:39.007","Enable credit card","DK","2019/06/10 17:45:18.789","8AFAB3A7DA97E33AE053C390DF0A5127","FIN_IMPL","IBY_ENABLE_CC_CREATION","Enable credit card","US","0","N"
"IBY_ENABLE_CC_CREATION","0","FIN_IMPL","2019/06/10 17:44:39.007","Enable credit card","E","2019/06/10 17:45:18.788","8AFAB3A7DA97E33AE053C390DF0A5127","FIN_IMPL","IBY_ENABLE_CC_CREATION","Enable credit card","US","0","N"
"IBY_ENABLE_CC_CREATION","0","FIN_IMPL","2019/06/10 17:44:39.007","Enable credit card","F","2019/06/10 17:45:18.787","8AFAB3A7DA97E33AE053C390DF0A5127","FIN_IMPL","IBY_ENABLE_CC_CREATION","Enable credit card","US","0","N"
"IBY_ENABLE_CC_CREATION","0","FIN_IMPL","2019/06/10 17:44:39.008","Enable credit card","FRC","2019/06/10 17:45:18.786","8AFAB3A7DA97E33AE053C390DF0A5127","FIN_IMPL","IBY_ENABLE_CC_CREATION","Enable credit card","US","0","N"
"IBY_ENABLE_CC_CREATION","0","FIN_IMPL","2019/06/10 17:44:39.008","Enable credit card","HU","2019/06/10 17:45:18.785","8AFAB3A7DA97E33AE053C390DF0A5127","FIN_IMPL","IBY_ENABLE_CC_CREATION","Enable credit card","US","0","N"
"IBY_ENABLE_CC_CREATION","0","FIN_IMPL","2019/06/10 17:44:39.009","Enable credit card","I","2019/06/10 17:45:18.784","8AFAB3A7DA97E33AE053C390DF0A5127","FIN_IMPL","IBY_ENABLE_CC_CREATION","Enable credit card","US","0","N"
"IBY_ENABLE_CC_CREATION","0","FIN_IMPL","2019/06/10 17:44:39.009","Enable credit card","IW","2019/06/10 17:45:18.782","8AFAB3A7DA97E33AE053C390DF0A5127","FIN_IMPL","IBY_ENABLE_CC_CREATION","Enable credit card","US","0","N"
"IBY_ENABLE_CC_CREATION","0","FIN_IMPL","2019/06/10 17:44:39.009","Enable credit card","JA","2019/06/10 17:45:18.777","8AFAB3A7DA97E33AE053C390DF0A5127","FIN_IMPL","IBY_ENABLE_CC_CREATION","Enable credit card","US","0","N"
"IBY_ENABLE_CC_CREATION","0","FIN_IMPL","2019/06/10 17:44:39.01","Enable credit card","KO","2019/06/10 17:45:18.775","8AFAB3A7DA97E33AE053C390DF0A5127","FIN_IMPL","IBY_ENABLE_CC_CREATION","Enable credit card","US","0","N"
"IBY_ENABLE_CC_CREATION","0","FIN_IMPL","2019/06/10 17:44:39.01","Enable credit card","N","2019/06/10 17:45:18.774","8AFAB3A7DA97E33AE053C390DF0A5127","FIN_IMPL","IBY_ENABLE_CC_CREATION","Enable credit card","US","0","N"
"IBY_ENABLE_CC_CREATION","0","FIN_IMPL","2019/06/10 17:44:39.01","Enable credit card","NL","2019/06/10 17:45:18.773","8AFAB3A7DA97E33AE053C390DF0A5127","FIN_IMPL","IBY_ENABLE_CC_CREATION","Enable credit card","US","0","N"
"IBY_ENABLE_CC_CREATION","0","FIN_IMPL","2019/06/10 17:44:39.011","Enable credit card","PL","2019/06/10 17:45:18.772","8AFAB3A7DA97E33AE053C390DF0A5127","FIN_IMPL","IBY_ENABLE_CC_CREATION","Enable credit card","US","0","N"
"IBY_ENABLE_CC_CREATION","0","FIN_IMPL","2019/06/10 17:44:39.011","Enable credit card","PTB","2019/06/10 17:45:18.771","8AFAB3A7DA97E33AE053C390DF0A5127","FIN_IMPL","IBY_ENABLE_CC_CREATION","Enable credit card","US","0","N"
"IBY_ENABLE_CC_CREATION","0","FIN_IMPL","2019/06/10 17:44:39.011","Enable credit card","RO","2019/06/10 17:45:18.77","8AFAB3A7DA97E33AE053C390DF0A5127","FIN_IMPL","IBY_ENABLE_CC_CREATION","Enable credit card","US","0","N"
"IBY_ENABLE_CC_CREATION","0","FIN_IMPL","2019/06/10 17:44:39.012","Enable credit card","RU","2019/06/10 17:45:18.769","8AFAB3A7DA97E33AE053C390DF0A5127","FIN_IMPL","IBY_ENABLE_CC_CREATION","Enable credit card","US","0","N"
"IBY_ENABLE_CC_CREATION","0","FIN_IMPL","2019/06/10 17:44:39.012","Enable credit card","S","2019/06/10 17:45:18.768","8AFAB3A7DA97E33AE053C390DF0A5127","FIN_IMPL","IBY_ENABLE_CC_CREATION","Enable credit card","US","0","N"
"IBY_ENABLE_CC_CREATION","0","FIN_IMPL","2019/06/10 17:44:39.012","Enable credit card","SF","2019/06/10 17:45:18.767","8AFAB3A7DA97E33AE053C390DF0A5127","FIN_IMPL","IBY_ENABLE_CC_CREATION","Enable credit card","US","0","N"
"IBY_ENABLE_CC_CREATION","0","FIN_IMPL","2019/06/10 17:44:39.013","Enable credit card","TH","2019/06/10 17:45:18.766","8AFAB3A7DA97E33AE053C390DF0A5127","FIN_IMPL","IBY_ENABLE_CC_CREATION","Enable credit card","US","0","N"
"IBY_ENABLE_CC_CREATION","0","FIN_IMPL","2019/06/10 17:44:39.013","Enable credit card","TR","2019/06/10 17:45:18.765","8AFAB3A7DA97E33AE053C390DF0A5127","FIN_IMPL","IBY_ENABLE_CC_CREATION","Enable credit card","US","0","N"
"IBY_ENABLE_CC_CREATION","0","FIN_IMPL","2019/06/10 17:44:39.013","Enable credit card","US","2019/06/10 17:45:18.764","8AFAB3A7DA97E33AE053C390DF0A5127","FIN_IMPL","IBY_ENABLE_CC_CREATION","Enable credit card","US","0","N"
"IBY_ENABLE_CC_CREATION","0","FIN_IMPL","2019/06/10 17:44:39.014","Enable credit card","ZHS","2019/06/10 17:45:18.763","8AFAB3A7DA97E33AE053C390DF0A5127","FIN_IMPL","IBY_ENABLE_CC_CREATION","Enable credit card","US","0","N"
"IBY_ENABLE_CC_CREATION","0","FIN_IMPL","2019/06/10 17:44:39.014","Enable credit card","ZHT","2019/06/10 17:45:18.694","8AFAB3A7DA97E33AE053C390DF0A5127","FIN_IMPL","IBY_ENABLE_CC_CREATION","Enable credit card","US","0","N"
