{
    "items": [
        {
            "classification_id": 1
        }
    ],
    "hasMore": false,
    "limit": 0,
    "offset": 0,
    "count": 1,
    "links": [
        {
            "rel": "self",
            "href": "https://geaf59a9f800a70-cfsatpdev.adb.us-ashburn-1.oraclecloudapps.com/ords/cfs_extensions/cfs_extensions/generate_classification_id/"
        },
        {
            "rel": "describedby",
            "href": "https://geaf59a9f800a70-cfsatpdev.adb.us-ashburn-1.oraclecloudapps.com/ords/cfs_extensions/metadata-catalog/cfs_extensions/generate_classification_id/"
        }
    ]
}