<?xml version="1.0" encoding="UTF-8"?>
<java version="1.8.0_151" class="java.beans.XMLDecoder">
 <object class="com.wm.deployer.project.Project" id="Project0">
  <void property="bundles">
   <void method="add">
    <object class="com.wm.deployer.project.Bundle" id="Bundle0">
     <void property="allowedSourceServers">
      <void method="add">
       <string>ISDEV102</string>
      </void>
     </void>
     <void property="dependencies">
      <void method="add">
       <object class="com.wm.deployer.project.is.ISDependency">
        <void property="component">
         <string>corpUtilities.java.string:searchstring</string>
        </void>
        <void property="componentType">
         <string>Unknown</string>
        </void>
        <void property="containerName">
         <string>Unknown</string>
        </void>
        <void property="serverIdentifier">
         <string>ISDEV102</string>
        </void>
        <void property="status">
         <int>2</int>
        </void>
        <void property="version">
         <string>4.0</string>
        </void>
       </object>
      </void>
      <void method="add">
       <object class="com.wm.deployer.project.is.ISDependency">
        <void property="component">
         <string>CorpErrorHandling.docs:errorDoc</string>
        </void>
        <void property="componentType">
         <string>Unknown</string>
        </void>
        <void property="containerName">
         <string>Unknown</string>
        </void>
        <void property="serverIdentifier">
         <string>ISDEV102</string>
        </void>
        <void property="status">
         <int>2</int>
        </void>
        <void property="version">
         <string>4.0</string>
        </void>
       </object>
      </void>
      <void method="add">
       <object class="com.wm.deployer.project.is.ISDependency">
        <void property="component">
         <string>CorpErrorHandling.java:intToString</string>
        </void>
        <void property="componentType">
         <string>Unknown</string>
        </void>
        <void property="containerName">
         <string>Unknown</string>
        </void>
        <void property="serverIdentifier">
         <string>ISDEV102</string>
        </void>
        <void property="status">
         <int>2</int>
        </void>
        <void property="version">
         <string>4.0</string>
        </void>
       </object>
      </void>
      <void method="add">
       <object class="com.wm.deployer.project.is.ISDependency">
        <void property="component">
         <string>CorpErrorHandling.java:extractwmerrorcode</string>
        </void>
        <void property="componentType">
         <string>Unknown</string>
        </void>
        <void property="containerName">
         <string>Unknown</string>
        </void>
        <void property="serverIdentifier">
         <string>ISDEV102</string>
        </void>
        <void property="status">
         <int>2</int>
        </void>
        <void property="version">
         <string>4.0</string>
        </void>
       </object>
      </void>
      <void method="add">
       <object class="com.wm.deployer.project.is.ISDependency">
        <void property="component">
         <string>CorpErrorHandling.services:converterrorstringtoCanonical</string>
        </void>
        <void property="componentType">
         <string>Unknown</string>
        </void>
        <void property="containerName">
         <string>Unknown</string>
        </void>
        <void property="serverIdentifier">
         <string>ISDEV102</string>
        </void>
        <void property="status">
         <int>2</int>
        </void>
        <void property="version">
         <string>4.0</string>
        </void>
       </object>
      </void>
     </void>
     <void property="description">
      <string></string>
     </void>
     <void property="fetchBy">
      <null/>
     </void>
     <void property="name">
      <string>myDeploymentSet</string>
     </void>
     <void property="otherRegExp">
      <string></string>
     </void>
     <void property="packageRegExp">
      <string></string>
     </void>
     <void property="project">
      <object idref="Project0"/>
     </void>
     <void property="sourceSystems">
      <void method="add">
       <object class="com.wm.deployer.project.is.ISSourceSystem" id="ISSourceSystem0">
        <void property="acls">
         <void method="add">
          <object class="com.wm.deployer.project.is.ISACL">
           <void property="name">
            <string>Anonymous</string>
           </void>
           <void property="sourceSystem">
            <object idref="ISSourceSystem0"/>
           </void>
           <void property="version">
            <string>4.0</string>
           </void>
          </object>
         </void>
         <void method="add">
          <object class="com.wm.deployer.project.is.ISACL">
           <void property="name">
            <string>Default</string>
           </void>
           <void property="sourceSystem">
            <object idref="ISSourceSystem0"/>
           </void>
           <void property="version">
            <string>4.0</string>
           </void>
          </object>
         </void>
        </void>
        <void property="bundle">
         <object idref="Bundle0"/>
        </void>
        <void property="name">
         <string>ISDEV102</string>
        </void>
        <void property="packages">
         <void method="add">
          <object class="com.wm.deployer.project.is.ISPackage" id="ISPackage0">
           <void property="activateOnInstall">
            <boolean>true</boolean>
           </void>
           <void property="archiveName">
            <string>CommonErrorHandling</string>
           </void>
           <void property="buildNumber">
            <string>10.1.3</string>
           </void>
           <void property="documents">
            <void method="add">
             <string>CommonErrorHandling.docs:errorDoc</string>
            </void>
           </void>
           <void property="flowServices">
            <void method="add">
             <string>CommonErrorHandling.services:converterrorstringtoCanonical</string>
            </void>
            <void method="add">
             <string>CommonErrorHandling.services:converterrorstringtoCanonical_1</string>
            </void>
            <void method="add">
             <string>CommonErrorHandling.services:faultStringHandling</string>
            </void>
           </void>
           <void property="javaServices">
            <void method="add">
             <string>CommonErrorHandling.java:extractwmerrorcode</string>
            </void>
            <void method="add">
             <string>CommonErrorHandling.java:intToString</string>
            </void>
           </void>
           <void property="listOfFiles">
            <void method="add">
             <string>ns/CommonErrorHandling/docs/errorDoc/node.ndf</string>
            </void>
            <void method="add">
             <string>manifest.v3</string>
            </void>
            <void method="add">
             <string>ns/CommonErrorHandling/java/extractwmerrorcode/node.ndf</string>
            </void>
            <void method="add">
             <string>ns/CommonErrorHandling/java/extractwmerrorcode/java.frag</string>
            </void>
            <void method="add">
             <string>code/source/CommonErrorHandling/java.java</string>
            </void>
            <void method="add">
             <string>ns/CommonErrorHandling/java/intToString/node.ndf</string>
            </void>
            <void method="add">
             <string>ns/CommonErrorHandling/java/intToString/java.frag</string>
            </void>
            <void method="add">
             <string>ns/CommonErrorHandling/services/converterrorstringtoCanonical/flow.xml</string>
            </void>
            <void method="add">
             <string>ns/CommonErrorHandling/services/converterrorstringtoCanonical/node.ndf</string>
            </void>
            <void method="add">
             <string>ns/CommonErrorHandling/services/converterrorstringtoCanonical_1/flow.xml</string>
            </void>
            <void method="add">
             <string>ns/CommonErrorHandling/services/converterrorstringtoCanonical_1/node.ndf</string>
            </void>
            <void method="add">
             <string>ns/CommonErrorHandling/services/faultStringHandling/flow.xml</string>
            </void>
            <void method="add">
             <string>ns/CommonErrorHandling/services/faultStringHandling/node.ndf</string>
            </void>
           </void>
           <void property="name">
            <string>CommonErrorHandling</string>
           </void>
           <void property="pkgVersion">
            <string>1.0</string>
           </void>
           <void property="previousPatchesIncluded">
            <string></string>
           </void>
           <void property="requiredISVersion">
            <string>10.2.0.0</string>
           </void>
           <void property="requiredJVMVersion">
            <string>1.8.0_151</string>
           </void>
           <void property="requiredTargetPackageVersion">
            <string>1.0</string>
           </void>
           <void property="sourceSystem">
            <object idref="ISSourceSystem0"/>
           </void>
           <void property="synchronizeDocuments">
            <boolean>true</boolean>
           </void>
           <void property="version">
            <string>4.0</string>
           </void>
          </object>
         </void>
        </void>
       </object>
      </void>
     </void>
     <void property="treeNodeCount">
      <string>1000</string>
     </void>
     <void property="version">
      <string>4.0</string>
     </void>
    </object>
   </void>
  </void>
  <void property="concurrentDeployment">
   <boolean>true</boolean>
  </void>
  <void property="deployTNRules">
   <string>MERGE</string>
  </void>
  <void property="description">
   <string></string>
  </void>
  <void property="disablePorts">
   <boolean>true</boolean>
  </void>
  <void property="disableServices">
   <boolean>true</boolean>
  </void>
  <void property="enforceAtDeployment">
   <boolean>false</boolean>
  </void>
  <void property="homePage">
   <object class="com.wm.deployer.project.HomePage">
    <void property="projectName">
     <string>sampleProject</string>
    </void>
    <void property="version">
     <string>4.0</string>
    </void>
   </object>
  </void>
  <void property="name">
   <string>sampleProject</string>
  </void>
  <void property="propertyMap">
   <void method="put">
    <string>ProcessModel</string>
    <object class="java.util.LinkedList">
     <void method="add">
      <object class="com.wm.deployer.project.plugin.PluginProperty">
       <void property="pluginName">
        <string>ProcessModel</string>
       </void>
       <void property="propertyName">
        <string>executionEnabled</string>
       </void>
       <void property="propertyType">
        <string>BOOLEAN</string>
       </void>
       <void property="propertyValue">
        <string>FALSE</string>
       </void>
      </object>
     </void>
     <void method="add">
      <object class="com.wm.deployer.project.plugin.PluginProperty">
       <void property="pluginName">
        <string>ProcessModel</string>
       </void>
       <void property="propertyName">
        <string>trackingEnabled</string>
       </void>
       <void property="propertyType">
        <string>BOOLEAN</string>
       </void>
       <void property="propertyValue">
        <string>FALSE</string>
       </void>
      </object>
     </void>
    </object>
   </void>
   <void method="put">
    <string>MWS</string>
    <object class="java.util.LinkedList">
     <void method="add">
      <object class="com.wm.deployer.project.plugin.PluginProperty">
       <void property="pluginName">
        <string>MWS</string>
       </void>
       <void property="propertyName">
        <string>subscriptions</string>
       </void>
       <void property="propertyType">
        <string>BOOLEAN</string>
       </void>
       <void property="propertyValue">
        <string>FALSE</string>
       </void>
      </object>
     </void>
     <void method="add">
      <object class="com.wm.deployer.project.plugin.PluginProperty">
       <void property="pluginName">
        <string>MWS</string>
       </void>
       <void property="propertyName">
        <string>access</string>
       </void>
       <void property="propertyType">
        <string>BOOLEAN</string>
       </void>
       <void property="propertyValue">
        <string>FALSE</string>
       </void>
      </object>
     </void>
     <void method="add">
      <object class="com.wm.deployer.project.plugin.PluginProperty">
       <void property="pluginName">
        <string>MWS</string>
       </void>
       <void property="propertyName">
        <string>versions</string>
       </void>
       <void property="propertyType">
        <string>BOOLEAN</string>
       </void>
       <void property="propertyValue">
        <string>FALSE</string>
       </void>
      </object>
     </void>
     <void method="add">
      <object class="com.wm.deployer.project.plugin.PluginProperty">
       <void property="pluginName">
        <string>MWS</string>
       </void>
       <void property="propertyName">
        <string>aliasprefix</string>
       </void>
       <void property="propertyType">
        <string>STRING</string>
       </void>
       <void property="propertyValue">
        <string>deployer.</string>
       </void>
      </object>
     </void>
     <void method="add">
      <object class="com.wm.deployer.project.plugin.PluginProperty">
       <void property="pluginName">
        <string>MWS</string>
       </void>
       <void property="propertyName">
        <string>principalattribs</string>
       </void>
       <void property="propertyType">
        <string>BOOLEAN</string>
       </void>
       <void property="propertyValue">
        <string>TRUE</string>
       </void>
      </object>
     </void>
     <void method="add">
      <object class="com.wm.deployer.project.plugin.PluginProperty">
       <void property="pluginName">
        <string>MWS</string>
       </void>
       <void property="propertyName">
        <string>autoalias</string>
       </void>
       <void property="propertyType">
        <string>BOOLEAN</string>
       </void>
       <void property="propertyValue">
        <string>TRUE</string>
       </void>
      </object>
     </void>
     <void method="add">
      <object class="com.wm.deployer.project.plugin.PluginProperty">
       <void property="pluginName">
        <string>MWS</string>
       </void>
       <void property="propertyName">
        <string>content</string>
       </void>
       <void property="propertyType">
        <string>BOOLEAN</string>
       </void>
       <void property="propertyValue">
        <string>FALSE</string>
       </void>
      </object>
     </void>
     <void method="add">
      <object class="com.wm.deployer.project.plugin.PluginProperty">
       <void property="pluginName">
        <string>MWS</string>
       </void>
       <void property="propertyName">
        <string>pageDepth</string>
       </void>
       <void property="propertyType">
        <string>STRING</string>
       </void>
       <void property="propertyValue">
        <string>1</string>
       </void>
      </object>
     </void>
    </object>
   </void>
   <void method="put">
    <string>Optimize</string>
    <object class="java.util.LinkedList">
     <void method="add">
      <object class="com.wm.deployer.project.plugin.PluginProperty">
       <void property="pluginName">
        <string>Optimize</string>
       </void>
       <void property="propertyName">
        <string>displayDDL</string>
       </void>
       <void property="propertyType">
        <string>BOOLEAN</string>
       </void>
       <void property="propertyValue">
        <string>FALSE</string>
       </void>
      </object>
     </void>
     <void method="add">
      <object class="com.wm.deployer.project.plugin.PluginProperty">
       <void property="pluginName">
        <string>Optimize</string>
       </void>
       <void property="propertyName">
        <string>incDimValues</string>
       </void>
       <void property="propertyType">
        <string>BOOLEAN</string>
       </void>
       <void property="propertyValue">
        <string>FALSE</string>
       </void>
      </object>
     </void>
    </object>
   </void>
  </void>
  <void property="stopAdapters">
   <boolean>true</boolean>
  </void>
  <void property="stopPorts">
   <boolean>false</boolean>
  </void>
  <void property="stopSelectedTriggers">
   <boolean>true</boolean>
  </void>
  <void property="stopServices">
   <boolean>false</boolean>
  </void>
  <void property="version">
   <string>4.0</string>
  </void>
 </object>
</java>
