{
    "items": [
        {
            "ValueId": 113005,
            "IndependentValue": null,
            "IndependentValueNumber": null,
            "IndependentValueDate": null,
            "IndependentValueTimestamp": null,
            "Value": "N",
            "ValueNumber": null,
            "ValueDate": null,
            "ValueTimestamp": null,
            "TranslatedValue": null,
            "Description": "N",
            "EnabledFlag": "Y",
            "StartDateActive": null,
            "EndDateActive": null,
            "SortOrder": null,
            "SummaryFlag": null,
            "DetailPostingAllowed": null,
            "DetailBudgetingAllowed": null,
            "AccountType": null,
            "ControlAccount": null,
            "ReconciliationFlag": null,
            "FinancialCategory": null,
            "ExternalDataSource": null,
            "CreationDate": "2022-07-22T13:40:18.817+00:00",
            "CreatedBy": "C987165",
            "LastUpdateDate": "2022-08-08T09:51:52+00:00",
            "LastUpdatedBy": "C987165",
            "links": [
                {
                    "rel": "self",
                    "href": "https://fa-etsw-dev1-saasfaprod1.fa.ocs.oraclecloud.com:443/fscmRestApi/resources/11.13.18.05/valueSets/YES_NO/child/values/113005",
                    "name": "values",
                    "kind": "item"
                },
                {
                    "rel": "canonical",
                    "href": "https://fa-etsw-dev1-saasfaprod1.fa.ocs.oraclecloud.com:443/fscmRestApi/resources/11.13.18.05/valueSets/YES_NO/child/values/113005",
                    "name": "values",
                    "kind": "item"
                },
                {
                    "rel": "parent",
                    "href": "https://fa-etsw-dev1-saasfaprod1.fa.ocs.oraclecloud.com:443/fscmRestApi/resources/11.13.18.05/valueSets/YES_NO",
                    "name": "valueSets",
                    "kind": "item"
                },
                {
                    "rel": "child",
                    "href": "https://fa-etsw-dev1-saasfaprod1.fa.ocs.oraclecloud.com:443/fscmRestApi/resources/11.13.18.05/valueSets/YES_NO/child/values/113005/child/valuesDFF",
                    "name": "valuesDFF",
                    "kind": "collection"
                }
            ]
        },
        {
            "ValueId": 112006,
            "IndependentValue": null,
            "IndependentValueNumber": null,
            "IndependentValueDate": null,
            "IndependentValueTimestamp": null,
            "Value": "Y",
            "ValueNumber": null,
            "ValueDate": null,
            "ValueTimestamp": null,
            "TranslatedValue": null,
            "Description": "Y",
            "EnabledFlag": "Y",
            "StartDateActive": null,
            "EndDateActive": null,
            "SortOrder": null,
            "SummaryFlag": null,
            "DetailPostingAllowed": null,
            "DetailBudgetingAllowed": null,
            "AccountType": null,
            "ControlAccount": null,
            "ReconciliationFlag": null,
            "FinancialCategory": null,
            "ExternalDataSource": null,
            "CreationDate": "2022-07-22T13:40:13+00:00",
            "CreatedBy": "C987165",
            "LastUpdateDate": "2022-08-08T09:51:52.023+00:00",
            "LastUpdatedBy": "C987165",
            "links": [
                {
                    "rel": "self",
                    "href": "https://fa-etsw-dev1-saasfaprod1.fa.ocs.oraclecloud.com:443/fscmRestApi/resources/11.13.18.05/valueSets/YES_NO/child/values/112006",
                    "name": "values",
                    "kind": "item"
                },
                {
                    "rel": "canonical",
                    "href": "https://fa-etsw-dev1-saasfaprod1.fa.ocs.oraclecloud.com:443/fscmRestApi/resources/11.13.18.05/valueSets/YES_NO/child/values/112006",
                    "name": "values",
                    "kind": "item"
                },
                {
                    "rel": "parent",
                    "href": "https://fa-etsw-dev1-saasfaprod1.fa.ocs.oraclecloud.com:443/fscmRestApi/resources/11.13.18.05/valueSets/YES_NO",
                    "name": "valueSets",
                    "kind": "item"
                },
                {
                    "rel": "child",
                    "href": "https://fa-etsw-dev1-saasfaprod1.fa.ocs.oraclecloud.com:443/fscmRestApi/resources/11.13.18.05/valueSets/YES_NO/child/values/112006/child/valuesDFF",
                    "name": "valuesDFF",
                    "kind": "collection"
                }
            ]
        }
    ],
    "count": 2,
    "hasMore": false,
    "limit": 25,
    "offset": 0,
    "links": [
        {
            "rel": "self",
            "href": "https://fa-etsw-dev1-saasfaprod1.fa.ocs.oraclecloud.com:443/fscmRestApi/resources/11.13.18.05/valueSets/YES_NO/child/values",
            "name": "values",
            "kind": "collection"
        }
    ]
}