<MigrationProcessCSVMetadataVO>
   <MigrationProcessCSVMetadataVORow>
      <ProcessId>-999</ProcessId>
      <ProcessName>Configure Plan Comparison Values_20220310_061855_336</ProcessName>
      <ProcessDescription>Configure Plan Comparison Values_20220310_061855_336</ProcessDescription>
      <ProcessDate>2022-03-10 18:19:25.561</ProcessDate>
      <ObjectShortName>ORA_BENEFIT_PLAN_COMPARE_LOOKUP</ObjectShortName>
      <ObjectType>TASK</ObjectType>
      <CreatedByFlow>TASK_CSV_SERVICE</CreatedByFlow>
      <MigrationProcessBusinessObjectCSVMetadata1>
         <MigrationProcessBusinessObjectCSVMetadataVORow>
            <ProcessId>-999</ProcessId>
            <BusinessObjectShortName>ORA_BENEFIT_PLAN_COMPARE_LOOKUP</BusinessObjectShortName>
            <BatchName>PlanCompLkpVO</BatchName>
            <XmlAttributeList>ViewInstanceName,GroupingKey,Ikey,Name,Description,ProductCode,LegislationCode,DefTypeCode,AttrChar1,AttrChar2,AttrChar3,AttrNumber1,AttrNumber2,AttrNumber3,AttrDate1,AttrDate2,AttrDate3,ModuleId,Sguid,SeedDataSource,DefTypeId</XmlAttributeList>
            <XmlAttributeTypeList>string,string,string,string,string,string,string,string,string,string,string,string,string,string,date,date,date,string,string,string,string</XmlAttributeTypeList>
            <XmlNodePath>/PlanCompLkpVO/PlanCompLkpVORow</XmlNodePath>
            <NodeSequence>1</NodeSequence>
         </MigrationProcessBusinessObjectCSVMetadataVORow>
         <MigrationProcessBusinessObjectCSVMetadataVORow>
            <ProcessId>-999</ProcessId>
            <BusinessObjectShortName>ORA_BENEFIT_PLAN_COMPARE_LOOKUP_TRANSLATION</BusinessObjectShortName>
            <BatchName>PlanCompLkpVO</BatchName>
            <XmlAttributeList>ViewInstanceName,GroupingKey,Language,SourceLang,Name,Description,SeedDataSource,DefTypeKey,LkpDefTypeCode,DefTypeId</XmlAttributeList>
            <XmlAttributeTypeList>string,string,string,string,string,string,string,string,string,string</XmlAttributeTypeList>
            <XmlNodePath>/PlanCompLkpVO/PlanCompLkpVORow/PlanCompLkpTranslationVO/PlanCompLkpTranslationVORow</XmlNodePath>
            <NodeSequence>1</NodeSequence>
         </MigrationProcessBusinessObjectCSVMetadataVORow>
         <MigrationProcessBusinessObjectCSVMetadataVORow>
            <ProcessId>-999</ProcessId>
            <BusinessObjectShortName>ORA_BENEFIT_PLAN_COMPARE_LOOKUP_VALUES</BusinessObjectShortName>
            <BatchName>PlanCompLkpVO</BatchName>
            <XmlAttributeList>ViewInstanceName,GroupingKey,Ikey,DisplaySequence,Name,Description,AttrChar1,AttrChar2,AttrChar3,AttrNumber1,AttrNumber2,AttrNumber3,AttrDate1,AttrDate2,AttrDate3,ModuleId,Sguid,SeedDataSource,DefTypeKey,LkpDefTypeCode,DefValId,DefTypeId</XmlAttributeList>
            <XmlAttributeTypeList>string,string,string,string,string,string,string,string,string,string,string,string,date,date,date,string,string,string,string,string,string,string</XmlAttributeTypeList>
            <XmlNodePath>/PlanCompLkpVO/PlanCompLkpVORow/PlanCompLkpValVO/PlanCompLkpValVORow</XmlNodePath>
            <NodeSequence>2</NodeSequence>
         </MigrationProcessBusinessObjectCSVMetadataVORow>
         <MigrationProcessBusinessObjectCSVMetadataVORow>
            <ProcessId>-999</ProcessId>
            <BusinessObjectShortName>ORA_BENEFIT_PLAN_COMPARE_LOOKUP_VALUES_TRANSLATION</BusinessObjectShortName>
            <BatchName>PlanCompLkpVO</BatchName>
            <XmlAttributeList>ViewInstanceName,GroupingKey,Language,SourceLang,Name,Description,SeedDataSource,DefTypeValKey,LkpDefTypeKey,LkpDefTypeCode,DefValId</XmlAttributeList>
            <XmlAttributeTypeList>string,string,string,string,string,string,string,string,string,string,string</XmlAttributeTypeList>
            <XmlNodePath>/PlanCompLkpVO/PlanCompLkpVORow/PlanCompLkpValVO/PlanCompLkpValVORow/PlanCompLkpValTranslationVO/PlanCompLkpValTranslationVORow</XmlNodePath>
            <NodeSequence>2</NodeSequence>
         </MigrationProcessBusinessObjectCSVMetadataVORow>
      </MigrationProcessBusinessObjectCSVMetadata1>
      <MigrationProcessBatchCSVMetadata>
         <MigrationProcessBatchCSVMetadataVORow>
            <ProcessId>-999</ProcessId>
            <BatchName>PlanCompLkpVO</BatchName>
            <ImportSequence>0</ImportSequence>
            <ServiceName>oracle.apps.hcm.planCompare.migrationService.HcmPlanCompDefTypesMigrationService</ServiceName>
            <BatchSize>500</BatchSize>
         </MigrationProcessBatchCSVMetadataVORow>
      </MigrationProcessBatchCSVMetadata>
      <MigrationProcessScopeValueCSVMetadata null="true"/>
      <MigrationProcessMigrationObjectCSVMetadata>
         <MigrationProcessMigrationObjectCSVMetadataVORow>
            <ProcessId>-999</ProcessId>
            <BusinessObjectShortName>ORA_BENEFIT_PLAN_COMPARE_LOOKUP</BusinessObjectShortName>
            <MigrateFlag>Y</MigrateFlag>
            <IncludeExternalDataFlag>Y</IncludeExternalDataFlag>
         </MigrationProcessMigrationObjectCSVMetadataVORow>
      </MigrationProcessMigrationObjectCSVMetadata>
      <MigrationProcessTaskCSVMetadata null="true"/>
      <MigrationProcessServiceVersionCSVMetadata null="true"/>
   </MigrationProcessCSVMetadataVORow>
</MigrationProcessCSVMetadataVO>