"ORA_BENEFIT_PLAN_COMPARE_LOOKUP.Ikey","ORA_BENEFIT_PLAN_COMPARE_LOOKUP.DefTypeCode","DefValId","Ikey","DefTypeKey","LkpDefTypeCode","ViewInstanceName","GroupingKey","DisplaySequence","Name","Description","AttrChar1","AttrChar2","AttrChar3","AttrNumber1","AttrNumber2","AttrNumber3","AttrDate1","AttrDate2","AttrDate3","ModuleId","Sguid","SeedDataSource","DefTypeId"
"US Health Comparison Template","ORA_T","","US Dental Template","US Health Comparison Template","ORA_T","PlanCompLkpValVO","US Dental Template,US Health Comparison Template,ORA_T","1","US Dental Template","","","","","","","","","","","","","",""
"US Health Comparison Template","ORA_T","","US Vision Template","US Health Comparison Template","ORA_T","PlanCompLkpValVO","US Vision Template,US Health Comparison Template,ORA_T","2","US Vision Template","","","","","","","","","","","","","",""
"US Health Comparison Template","ORA_T","","US Medical Template","US Health Comparison Template","ORA_T","PlanCompLkpValVO","US Medical Template,US Health Comparison Template,ORA_T","3","US Medical Template","","","","","","","","","","","","","",""
"US Network and Non Network","ORA_C","","Non Network","US Network and Non Network","ORA_C","PlanCompLkpValVO","Non Network,US Network and Non Network,ORA_C","1","Network","","","","","","","","","","","","","",""
"US Network and Non Network","ORA_C","","Network","US Network and Non Network","ORA_C","PlanCompLkpValVO","Network,US Network and Non Network,ORA_C","2","Non Network","","","","","","","","","","","","","",""
"US Options","ORA_O","","Employee Only","US Options","ORA_O","PlanCompLkpValVO","Employee Only,US Options,ORA_O","1","Employee Only","","","","","","","","","","","","","",""
"US Options","ORA_O","","Employee Plus One","US Options","ORA_O","PlanCompLkpValVO","Employee Plus One,US Options,ORA_O","2","Employee Plus One","","","","","","","","","","","","","",""
"US Options","ORA_O","","Employee Plus Family","US Options","ORA_O","PlanCompLkpValVO","Employee Plus Family,US Options,ORA_O","3","Employee Plus Family","","","","","","","","","","","","","",""
"US Feature Values","ORA_S","","Not Covered","US Feature Values","ORA_S","PlanCompLkpValVO","Not Covered,US Feature Values,ORA_S","1","Not Covered","","","","","","","","","","","","","",""
"US Feature Values","ORA_S","","Covered","US Feature Values","ORA_S","PlanCompLkpValVO","Covered,US Feature Values,ORA_S","2","Covered","","","","","","","","","","","","","",""
"Canada Comparison Values","ORA_T","","CA Benefits Template","Canada Comparison Values","ORA_T","PlanCompLkpValVO","CA Benefits Template,Canada Comparison Values,ORA_T","1","CA Medical Template","","","","","","","","","","","","","",""
"CA Coverage","ORA_C","","Coverage","CA Coverage","ORA_C","PlanCompLkpValVO","Coverage,CA Coverage,ORA_C","1","Coverage","","","","","","","","","","","","","",""
"CA Options","ORA_O","","Basic","CA Options","ORA_O","PlanCompLkpValVO","Basic,CA Options,ORA_O","1","Canada Single","","","","","","","","","","","","","",""
"CA Options","ORA_O","","Extended","CA Options","ORA_O","PlanCompLkpValVO","Extended,CA Options,ORA_O","2","Canada EE + One","","","","","","","","","","","","","",""
"CA Options","ORA_O","","Enhanced","CA Options","ORA_O","PlanCompLkpValVO","Enhanced,CA Options,ORA_O","3","Canada Family","","","","","","","","","","","","","",""
"CA Feature Values","ORA_S","","70% generic, 50% brand","CA Feature Values","ORA_S","PlanCompLkpValVO","70% generic, 50% brand,CA Feature Values,ORA_S","1","70% generic, 50% brand","","","","","","","","","","","","","",""
"CA Feature Values","ORA_S","","90% generic, 70% brand","CA Feature Values","ORA_S","PlanCompLkpValVO","90% generic, 70% brand,CA Feature Values,ORA_S","2","90% generic, 70% brand","","","","","","","","","","","","","",""
"CA Feature Values","ORA_S","","100% generic, 70% brand","CA Feature Values","ORA_S","PlanCompLkpValVO","100% generic, 70% brand,CA Feature Values,ORA_S","3","100% generic, 70% brand","","","","","","","","","","","","","",""
"CA Feature Values","ORA_S","","90% Semi-private up to $150 per day","CA Feature Values","ORA_S","PlanCompLkpValVO","90% Semi-private up to $150 per day,CA Feature Values,ORA_S","4","90% Semi-private up to $150 per day","","","","","","","","","","","","","",""
"CA Feature Values","ORA_S","","90% Semi-private up to $200 per day","CA Feature Values","ORA_S","PlanCompLkpValVO","90% Semi-private up to $200 per day,CA Feature Values,ORA_S","5","90% Semi-private up to $200 per day","","","","","","","","","","","","","",""
"CA Feature Values","ORA_S","","100% Private or Semi-Private up to $250 per day","CA Feature Values","ORA_S","PlanCompLkpValVO","100% Private or Semi-Private up to $250 per day,CA Feature Values,ORA_S","6","100% Private or Semi-Private up to $250 per day","","","","","","","","","","","","","",""
"CA Feature Values","ORA_S","","No coverage","CA Feature Values","ORA_S","PlanCompLkpValVO","No coverage,CA Feature Values,ORA_S","7","No coverage","","","","","","","","","","","","","",""
"CA Feature Values","ORA_S","","90%; combined maximum of $750 per person per year","CA Feature Values","ORA_S","PlanCompLkpValVO","90%; combined maximum of $750 per person per year,CA Feature Values,ORA_S","8","90%; combined maximum of $750 per person per year","","","","","","","","","","","","","",""
"CA Feature Values","ORA_S","","100%; combined maxium of $1,000 per person per year","CA Feature Values","ORA_S","PlanCompLkpValVO","100%; combined maxium of $1,000 per person per year,CA Feature Values,ORA_S","9","100%; combined maxium of $1,000 per person per year","","","","","","","","","","","","","",""
"CA Feature Values","ORA_S","","90%; combined maximum of $1000 per person per year","CA Feature Values","ORA_S","PlanCompLkpValVO","90%; combined maximum of $1000 per person per year,CA Feature Values,ORA_S","10","90%; combined maximum of $1000 per person per year","","","","","","","","","","","","","",""
"CA Feature Values","ORA_S","","100% for one eye exam per person per year","CA Feature Values","ORA_S","PlanCompLkpValVO","100% for one eye exam per person per year,CA Feature Values,ORA_S","11","100% for one eye exam per person per year","","","","","","","","","","","","","",""
"CA Feature Values","ORA_S","","100% for one eye exam per person per year; $200 per 24 months for glasses/lenses","CA Feature Values","ORA_S","PlanCompLkpValVO","100% for one eye exam per person per year; $200 per 24 months for glasses/lenses,CA Feature Values,ORA_S","12","100% for one eye exam per person per year; $200 per 24 months for glasses/lenses","","","","","","","","","","","","","",""
"CA Feature Values","ORA_S","","100% for one eye exam per person per year; $400 per 24 months for glasses/lenses","CA Feature Values","ORA_S","PlanCompLkpValVO","100% for one eye exam per person per year; $400 per 24 months for glasses/lenses,CA Feature Values,ORA_S","13","100% for one eye exam per person per year; $400 per 24 months for glasses/lenses","","","","","","","","","","","","","",""
"CA Feature Values","ORA_S","","$500","CA Feature Values","ORA_S","PlanCompLkpValVO","$500,CA Feature Values,ORA_S","14","$500","","","","","","","","","","","","","",""
"CA Feature Values","ORA_S","","$900","CA Feature Values","ORA_S","PlanCompLkpValVO","$900,CA Feature Values,ORA_S","15","$900","","","","","","","","","","","","","",""
"CA Feature Values","ORA_S","","$1,400","CA Feature Values","ORA_S","PlanCompLkpValVO","$1,400,CA Feature Values,ORA_S","16","$1,400","","","","","","","","","","","","","",""
