"DefTypeId","Ikey","DefTypeCode","ViewInstanceName","GroupingKey","Name","Description","ProductCode","LegislationCode","AttrChar1","AttrChar2","AttrChar3","AttrNumber1","AttrNumber2","AttrNumber3","AttrDate1","AttrDate2","AttrDate3","ModuleId","Sguid","SeedDataSource"
"","US Health Comparison Template","ORA_T","PlanCompLkpVO","US Health Comparison Template,ORA_T","US Health Comparison Template","","BEN","US","","","","","","","","","","","",""
"","US Network and Non Network","ORA_C","PlanCompLkpVO","US Network and Non Network,ORA_C","US Network and Non Network","","BEN","US","","","","","","","","","","","",""
"","US Options","ORA_O","PlanCompLkpVO","US Options,ORA_O","US Options","","BEN","US","","","","","","","","","","","",""
"","US Feature Values","ORA_S","PlanCompLkpVO","US Feature Values,ORA_S","US Feature Values","","BEN","US","","","","","","","","","","","",""
"","Canada Comparison Values","ORA_T","PlanCompLkpVO","Canada Comparison Values,ORA_T","Canada Comparison Values","","BEN","CA","","","","","","","","","","","",""
"","CA Coverage","ORA_C","PlanCompLkpVO","CA Coverage,ORA_C","CA Coverage","","BEN","CA","","","","","","","","","","","",""
"","CA Options","ORA_O","PlanCompLkpVO","CA Options,ORA_O","CA Options","","BEN","CA","","","","","","","","","","","",""
"","CA Feature Values","ORA_S","PlanCompLkpVO","CA Feature Values,ORA_S","CA Feature Values","","BEN","CA","","","","","","","","","","","",""
