"ORA_BENEFIT_PLAN_COMPARE_LOOKUP.Ikey","ORA_BENEFIT_PLAN_COMPARE_LOOKUP.DefTypeCode","ViewInstanceName","GroupingKey","Language","SourceLang","Name","Description","SeedDataSource","DefTypeKey","LkpDefTypeCode","DefTypeId"
"US Health Comparison Template","ORA_T","PlanCompLkpTranslation","US Health Comparison Template,ORA_T","AR","US","US Health Comparison Template","","","US Health Comparison Template","ORA_T",""
"US Health Comparison Template","ORA_T","PlanCompLkpTranslation","US Health Comparison Template,ORA_T","CS","US","US Health Comparison Template","","","US Health Comparison Template","ORA_T",""
"US Health Comparison Template","ORA_T","PlanCompLkpTranslation","US Health Comparison Template,ORA_T","D","US","US Health Comparison Template","","","US Health Comparison Template","ORA_T",""
"US Health Comparison Template","ORA_T","PlanCompLkpTranslation","US Health Comparison Template,ORA_T","DK","US","US Health Comparison Template","","","US Health Comparison Template","ORA_T",""
"US Health Comparison Template","ORA_T","PlanCompLkpTranslation","US Health Comparison Template,ORA_T","E","US","US Health Comparison Template","","","US Health Comparison Template","ORA_T",""
"US Health Comparison Template","ORA_T","PlanCompLkpTranslation","US Health Comparison Template,ORA_T","F","US","US Health Comparison Template","","","US Health Comparison Template","ORA_T",""
"US Health Comparison Template","ORA_T","PlanCompLkpTranslation","US Health Comparison Template,ORA_T","FRC","US","US Health Comparison Template","","","US Health Comparison Template","ORA_T",""
"US Health Comparison Template","ORA_T","PlanCompLkpTranslation","US Health Comparison Template,ORA_T","HU","US","US Health Comparison Template","","","US Health Comparison Template","ORA_T",""
"US Health Comparison Template","ORA_T","PlanCompLkpTranslation","US Health Comparison Template,ORA_T","I","US","US Health Comparison Template","","","US Health Comparison Template","ORA_T",""
"US Health Comparison Template","ORA_T","PlanCompLkpTranslation","US Health Comparison Template,ORA_T","IW","US","US Health Comparison Template","","","US Health Comparison Template","ORA_T",""
"US Health Comparison Template","ORA_T","PlanCompLkpTranslation","US Health Comparison Template,ORA_T","JA","US","US Health Comparison Template","","","US Health Comparison Template","ORA_T",""
"US Health Comparison Template","ORA_T","PlanCompLkpTranslation","US Health Comparison Template,ORA_T","KO","US","US Health Comparison Template","","","US Health Comparison Template","ORA_T",""
"US Health Comparison Template","ORA_T","PlanCompLkpTranslation","US Health Comparison Template,ORA_T","N","US","US Health Comparison Template","","","US Health Comparison Template","ORA_T",""
"US Health Comparison Template","ORA_T","PlanCompLkpTranslation","US Health Comparison Template,ORA_T","NL","US","US Health Comparison Template","","","US Health Comparison Template","ORA_T",""
"US Health Comparison Template","ORA_T","PlanCompLkpTranslation","US Health Comparison Template,ORA_T","PL","US","US Health Comparison Template","","","US Health Comparison Template","ORA_T",""
"US Health Comparison Template","ORA_T","PlanCompLkpTranslation","US Health Comparison Template,ORA_T","PTB","US","US Health Comparison Template","","","US Health Comparison Template","ORA_T",""
"US Health Comparison Template","ORA_T","PlanCompLkpTranslation","US Health Comparison Template,ORA_T","RO","US","US Health Comparison Template","","","US Health Comparison Template","ORA_T",""
"US Health Comparison Template","ORA_T","PlanCompLkpTranslation","US Health Comparison Template,ORA_T","RU","US","US Health Comparison Template","","","US Health Comparison Template","ORA_T",""
"US Health Comparison Template","ORA_T","PlanCompLkpTranslation","US Health Comparison Template,ORA_T","S","US","US Health Comparison Template","","","US Health Comparison Template","ORA_T",""
"US Health Comparison Template","ORA_T","PlanCompLkpTranslation","US Health Comparison Template,ORA_T","SF","US","US Health Comparison Template","","","US Health Comparison Template","ORA_T",""
"US Health Comparison Template","ORA_T","PlanCompLkpTranslation","US Health Comparison Template,ORA_T","TH","US","US Health Comparison Template","","","US Health Comparison Template","ORA_T",""
"US Health Comparison Template","ORA_T","PlanCompLkpTranslation","US Health Comparison Template,ORA_T","TR","US","US Health Comparison Template","","","US Health Comparison Template","ORA_T",""
"US Health Comparison Template","ORA_T","PlanCompLkpTranslation","US Health Comparison Template,ORA_T","US","US","US Health Comparison Template","","","US Health Comparison Template","ORA_T",""
"US Health Comparison Template","ORA_T","PlanCompLkpTranslation","US Health Comparison Template,ORA_T","ZHS","US","US Health Comparison Template","","","US Health Comparison Template","ORA_T",""
"US Health Comparison Template","ORA_T","PlanCompLkpTranslation","US Health Comparison Template,ORA_T","ZHT","US","US Health Comparison Template","","","US Health Comparison Template","ORA_T",""
"US Network and Non Network","ORA_C","PlanCompLkpTranslation","US Network and Non Network,ORA_C","AR","US","US Network and Non Network","","","US Network and Non Network","ORA_C",""
"US Network and Non Network","ORA_C","PlanCompLkpTranslation","US Network and Non Network,ORA_C","CS","US","US Network and Non Network","","","US Network and Non Network","ORA_C",""
"US Network and Non Network","ORA_C","PlanCompLkpTranslation","US Network and Non Network,ORA_C","D","US","US Network and Non Network","","","US Network and Non Network","ORA_C",""
"US Network and Non Network","ORA_C","PlanCompLkpTranslation","US Network and Non Network,ORA_C","DK","US","US Network and Non Network","","","US Network and Non Network","ORA_C",""
"US Network and Non Network","ORA_C","PlanCompLkpTranslation","US Network and Non Network,ORA_C","E","US","US Network and Non Network","","","US Network and Non Network","ORA_C",""
"US Network and Non Network","ORA_C","PlanCompLkpTranslation","US Network and Non Network,ORA_C","F","US","US Network and Non Network","","","US Network and Non Network","ORA_C",""
"US Network and Non Network","ORA_C","PlanCompLkpTranslation","US Network and Non Network,ORA_C","FRC","US","US Network and Non Network","","","US Network and Non Network","ORA_C",""
"US Network and Non Network","ORA_C","PlanCompLkpTranslation","US Network and Non Network,ORA_C","HU","US","US Network and Non Network","","","US Network and Non Network","ORA_C",""
"US Network and Non Network","ORA_C","PlanCompLkpTranslation","US Network and Non Network,ORA_C","I","US","US Network and Non Network","","","US Network and Non Network","ORA_C",""
"US Network and Non Network","ORA_C","PlanCompLkpTranslation","US Network and Non Network,ORA_C","IW","US","US Network and Non Network","","","US Network and Non Network","ORA_C",""
"US Network and Non Network","ORA_C","PlanCompLkpTranslation","US Network and Non Network,ORA_C","JA","US","US Network and Non Network","","","US Network and Non Network","ORA_C",""
"US Network and Non Network","ORA_C","PlanCompLkpTranslation","US Network and Non Network,ORA_C","KO","US","US Network and Non Network","","","US Network and Non Network","ORA_C",""
"US Network and Non Network","ORA_C","PlanCompLkpTranslation","US Network and Non Network,ORA_C","N","US","US Network and Non Network","","","US Network and Non Network","ORA_C",""
"US Network and Non Network","ORA_C","PlanCompLkpTranslation","US Network and Non Network,ORA_C","NL","US","US Network and Non Network","","","US Network and Non Network","ORA_C",""
"US Network and Non Network","ORA_C","PlanCompLkpTranslation","US Network and Non Network,ORA_C","PL","US","US Network and Non Network","","","US Network and Non Network","ORA_C",""
"US Network and Non Network","ORA_C","PlanCompLkpTranslation","US Network and Non Network,ORA_C","PTB","US","US Network and Non Network","","","US Network and Non Network","ORA_C",""
"US Network and Non Network","ORA_C","PlanCompLkpTranslation","US Network and Non Network,ORA_C","RO","US","US Network and Non Network","","","US Network and Non Network","ORA_C",""
"US Network and Non Network","ORA_C","PlanCompLkpTranslation","US Network and Non Network,ORA_C","RU","US","US Network and Non Network","","","US Network and Non Network","ORA_C",""
"US Network and Non Network","ORA_C","PlanCompLkpTranslation","US Network and Non Network,ORA_C","S","US","US Network and Non Network","","","US Network and Non Network","ORA_C",""
"US Network and Non Network","ORA_C","PlanCompLkpTranslation","US Network and Non Network,ORA_C","SF","US","US Network and Non Network","","","US Network and Non Network","ORA_C",""
"US Network and Non Network","ORA_C","PlanCompLkpTranslation","US Network and Non Network,ORA_C","TH","US","US Network and Non Network","","","US Network and Non Network","ORA_C",""
"US Network and Non Network","ORA_C","PlanCompLkpTranslation","US Network and Non Network,ORA_C","TR","US","US Network and Non Network","","","US Network and Non Network","ORA_C",""
"US Network and Non Network","ORA_C","PlanCompLkpTranslation","US Network and Non Network,ORA_C","US","US","US Network and Non Network","","","US Network and Non Network","ORA_C",""
"US Network and Non Network","ORA_C","PlanCompLkpTranslation","US Network and Non Network,ORA_C","ZHS","US","US Network and Non Network","","","US Network and Non Network","ORA_C",""
"US Network and Non Network","ORA_C","PlanCompLkpTranslation","US Network and Non Network,ORA_C","ZHT","US","US Network and Non Network","","","US Network and Non Network","ORA_C",""
"US Options","ORA_O","PlanCompLkpTranslation","US Options,ORA_O","AR","US","US Options","","","US Options","ORA_O",""
"US Options","ORA_O","PlanCompLkpTranslation","US Options,ORA_O","CS","US","US Options","","","US Options","ORA_O",""
"US Options","ORA_O","PlanCompLkpTranslation","US Options,ORA_O","D","US","US Options","","","US Options","ORA_O",""
"US Options","ORA_O","PlanCompLkpTranslation","US Options,ORA_O","DK","US","US Options","","","US Options","ORA_O",""
"US Options","ORA_O","PlanCompLkpTranslation","US Options,ORA_O","E","US","US Options","","","US Options","ORA_O",""
"US Options","ORA_O","PlanCompLkpTranslation","US Options,ORA_O","F","US","US Options","","","US Options","ORA_O",""
"US Options","ORA_O","PlanCompLkpTranslation","US Options,ORA_O","FRC","US","US Options","","","US Options","ORA_O",""
"US Options","ORA_O","PlanCompLkpTranslation","US Options,ORA_O","HU","US","US Options","","","US Options","ORA_O",""
"US Options","ORA_O","PlanCompLkpTranslation","US Options,ORA_O","I","US","US Options","","","US Options","ORA_O",""
"US Options","ORA_O","PlanCompLkpTranslation","US Options,ORA_O","IW","US","US Options","","","US Options","ORA_O",""
"US Options","ORA_O","PlanCompLkpTranslation","US Options,ORA_O","JA","US","US Options","","","US Options","ORA_O",""
"US Options","ORA_O","PlanCompLkpTranslation","US Options,ORA_O","KO","US","US Options","","","US Options","ORA_O",""
"US Options","ORA_O","PlanCompLkpTranslation","US Options,ORA_O","N","US","US Options","","","US Options","ORA_O",""
"US Options","ORA_O","PlanCompLkpTranslation","US Options,ORA_O","NL","US","US Options","","","US Options","ORA_O",""
"US Options","ORA_O","PlanCompLkpTranslation","US Options,ORA_O","PL","US","US Options","","","US Options","ORA_O",""
"US Options","ORA_O","PlanCompLkpTranslation","US Options,ORA_O","PTB","US","US Options","","","US Options","ORA_O",""
"US Options","ORA_O","PlanCompLkpTranslation","US Options,ORA_O","RO","US","US Options","","","US Options","ORA_O",""
"US Options","ORA_O","PlanCompLkpTranslation","US Options,ORA_O","RU","US","US Options","","","US Options","ORA_O",""
"US Options","ORA_O","PlanCompLkpTranslation","US Options,ORA_O","S","US","US Options","","","US Options","ORA_O",""
"US Options","ORA_O","PlanCompLkpTranslation","US Options,ORA_O","SF","US","US Options","","","US Options","ORA_O",""
"US Options","ORA_O","PlanCompLkpTranslation","US Options,ORA_O","TH","US","US Options","","","US Options","ORA_O",""
"US Options","ORA_O","PlanCompLkpTranslation","US Options,ORA_O","TR","US","US Options","","","US Options","ORA_O",""
"US Options","ORA_O","PlanCompLkpTranslation","US Options,ORA_O","US","US","US Options","","","US Options","ORA_O",""
"US Options","ORA_O","PlanCompLkpTranslation","US Options,ORA_O","ZHS","US","US Options","","","US Options","ORA_O",""
"US Options","ORA_O","PlanCompLkpTranslation","US Options,ORA_O","ZHT","US","US Options","","","US Options","ORA_O",""
"US Feature Values","ORA_S","PlanCompLkpTranslation","US Feature Values,ORA_S","AR","US","US Feature Values","","","US Feature Values","ORA_S",""
"US Feature Values","ORA_S","PlanCompLkpTranslation","US Feature Values,ORA_S","CS","US","US Feature Values","","","US Feature Values","ORA_S",""
"US Feature Values","ORA_S","PlanCompLkpTranslation","US Feature Values,ORA_S","D","US","US Feature Values","","","US Feature Values","ORA_S",""
"US Feature Values","ORA_S","PlanCompLkpTranslation","US Feature Values,ORA_S","DK","US","US Feature Values","","","US Feature Values","ORA_S",""
"US Feature Values","ORA_S","PlanCompLkpTranslation","US Feature Values,ORA_S","E","US","US Feature Values","","","US Feature Values","ORA_S",""
"US Feature Values","ORA_S","PlanCompLkpTranslation","US Feature Values,ORA_S","F","US","US Feature Values","","","US Feature Values","ORA_S",""
"US Feature Values","ORA_S","PlanCompLkpTranslation","US Feature Values,ORA_S","FRC","US","US Feature Values","","","US Feature Values","ORA_S",""
"US Feature Values","ORA_S","PlanCompLkpTranslation","US Feature Values,ORA_S","HU","US","US Feature Values","","","US Feature Values","ORA_S",""
"US Feature Values","ORA_S","PlanCompLkpTranslation","US Feature Values,ORA_S","I","US","US Feature Values","","","US Feature Values","ORA_S",""
"US Feature Values","ORA_S","PlanCompLkpTranslation","US Feature Values,ORA_S","IW","US","US Feature Values","","","US Feature Values","ORA_S",""
"US Feature Values","ORA_S","PlanCompLkpTranslation","US Feature Values,ORA_S","JA","US","US Feature Values","","","US Feature Values","ORA_S",""
"US Feature Values","ORA_S","PlanCompLkpTranslation","US Feature Values,ORA_S","KO","US","US Feature Values","","","US Feature Values","ORA_S",""
"US Feature Values","ORA_S","PlanCompLkpTranslation","US Feature Values,ORA_S","N","US","US Feature Values","","","US Feature Values","ORA_S",""
"US Feature Values","ORA_S","PlanCompLkpTranslation","US Feature Values,ORA_S","NL","US","US Feature Values","","","US Feature Values","ORA_S",""
"US Feature Values","ORA_S","PlanCompLkpTranslation","US Feature Values,ORA_S","PL","US","US Feature Values","","","US Feature Values","ORA_S",""
"US Feature Values","ORA_S","PlanCompLkpTranslation","US Feature Values,ORA_S","PTB","US","US Feature Values","","","US Feature Values","ORA_S",""
"US Feature Values","ORA_S","PlanCompLkpTranslation","US Feature Values,ORA_S","RO","US","US Feature Values","","","US Feature Values","ORA_S",""
"US Feature Values","ORA_S","PlanCompLkpTranslation","US Feature Values,ORA_S","RU","US","US Feature Values","","","US Feature Values","ORA_S",""
"US Feature Values","ORA_S","PlanCompLkpTranslation","US Feature Values,ORA_S","S","US","US Feature Values","","","US Feature Values","ORA_S",""
"US Feature Values","ORA_S","PlanCompLkpTranslation","US Feature Values,ORA_S","SF","US","US Feature Values","","","US Feature Values","ORA_S",""
"US Feature Values","ORA_S","PlanCompLkpTranslation","US Feature Values,ORA_S","TH","US","US Feature Values","","","US Feature Values","ORA_S",""
"US Feature Values","ORA_S","PlanCompLkpTranslation","US Feature Values,ORA_S","TR","US","US Feature Values","","","US Feature Values","ORA_S",""
"US Feature Values","ORA_S","PlanCompLkpTranslation","US Feature Values,ORA_S","US","US","US Feature Values","","","US Feature Values","ORA_S",""
"US Feature Values","ORA_S","PlanCompLkpTranslation","US Feature Values,ORA_S","ZHS","US","US Feature Values","","","US Feature Values","ORA_S",""
"US Feature Values","ORA_S","PlanCompLkpTranslation","US Feature Values,ORA_S","ZHT","US","US Feature Values","","","US Feature Values","ORA_S",""
"Canada Comparison Values","ORA_T","PlanCompLkpTranslation","Canada Comparison Values,ORA_T","AR","US","Canada Comparison Values","","","Canada Comparison Values","ORA_T",""
"Canada Comparison Values","ORA_T","PlanCompLkpTranslation","Canada Comparison Values,ORA_T","CS","US","Canada Comparison Values","","","Canada Comparison Values","ORA_T",""
"Canada Comparison Values","ORA_T","PlanCompLkpTranslation","Canada Comparison Values,ORA_T","D","US","Canada Comparison Values","","","Canada Comparison Values","ORA_T",""
"Canada Comparison Values","ORA_T","PlanCompLkpTranslation","Canada Comparison Values,ORA_T","DK","US","Canada Comparison Values","","","Canada Comparison Values","ORA_T",""
"Canada Comparison Values","ORA_T","PlanCompLkpTranslation","Canada Comparison Values,ORA_T","E","US","Canada Comparison Values","","","Canada Comparison Values","ORA_T",""
"Canada Comparison Values","ORA_T","PlanCompLkpTranslation","Canada Comparison Values,ORA_T","F","US","Canada Comparison Values","","","Canada Comparison Values","ORA_T",""
"Canada Comparison Values","ORA_T","PlanCompLkpTranslation","Canada Comparison Values,ORA_T","FRC","US","Canada Comparison Values","","","Canada Comparison Values","ORA_T",""
"Canada Comparison Values","ORA_T","PlanCompLkpTranslation","Canada Comparison Values,ORA_T","HU","US","Canada Comparison Values","","","Canada Comparison Values","ORA_T",""
"Canada Comparison Values","ORA_T","PlanCompLkpTranslation","Canada Comparison Values,ORA_T","I","US","Canada Comparison Values","","","Canada Comparison Values","ORA_T",""
"Canada Comparison Values","ORA_T","PlanCompLkpTranslation","Canada Comparison Values,ORA_T","IW","US","Canada Comparison Values","","","Canada Comparison Values","ORA_T",""
"Canada Comparison Values","ORA_T","PlanCompLkpTranslation","Canada Comparison Values,ORA_T","JA","US","Canada Comparison Values","","","Canada Comparison Values","ORA_T",""
"Canada Comparison Values","ORA_T","PlanCompLkpTranslation","Canada Comparison Values,ORA_T","KO","US","Canada Comparison Values","","","Canada Comparison Values","ORA_T",""
"Canada Comparison Values","ORA_T","PlanCompLkpTranslation","Canada Comparison Values,ORA_T","N","US","Canada Comparison Values","","","Canada Comparison Values","ORA_T",""
"Canada Comparison Values","ORA_T","PlanCompLkpTranslation","Canada Comparison Values,ORA_T","NL","US","Canada Comparison Values","","","Canada Comparison Values","ORA_T",""
"Canada Comparison Values","ORA_T","PlanCompLkpTranslation","Canada Comparison Values,ORA_T","PL","US","Canada Comparison Values","","","Canada Comparison Values","ORA_T",""
"Canada Comparison Values","ORA_T","PlanCompLkpTranslation","Canada Comparison Values,ORA_T","PTB","US","Canada Comparison Values","","","Canada Comparison Values","ORA_T",""
"Canada Comparison Values","ORA_T","PlanCompLkpTranslation","Canada Comparison Values,ORA_T","RO","US","Canada Comparison Values","","","Canada Comparison Values","ORA_T",""
"Canada Comparison Values","ORA_T","PlanCompLkpTranslation","Canada Comparison Values,ORA_T","RU","US","Canada Comparison Values","","","Canada Comparison Values","ORA_T",""
"Canada Comparison Values","ORA_T","PlanCompLkpTranslation","Canada Comparison Values,ORA_T","S","US","Canada Comparison Values","","","Canada Comparison Values","ORA_T",""
"Canada Comparison Values","ORA_T","PlanCompLkpTranslation","Canada Comparison Values,ORA_T","SF","US","Canada Comparison Values","","","Canada Comparison Values","ORA_T",""
"Canada Comparison Values","ORA_T","PlanCompLkpTranslation","Canada Comparison Values,ORA_T","TH","US","Canada Comparison Values","","","Canada Comparison Values","ORA_T",""
"Canada Comparison Values","ORA_T","PlanCompLkpTranslation","Canada Comparison Values,ORA_T","TR","US","Canada Comparison Values","","","Canada Comparison Values","ORA_T",""
"Canada Comparison Values","ORA_T","PlanCompLkpTranslation","Canada Comparison Values,ORA_T","US","US","Canada Comparison Values","","","Canada Comparison Values","ORA_T",""
"Canada Comparison Values","ORA_T","PlanCompLkpTranslation","Canada Comparison Values,ORA_T","ZHS","US","Canada Comparison Values","","","Canada Comparison Values","ORA_T",""
"Canada Comparison Values","ORA_T","PlanCompLkpTranslation","Canada Comparison Values,ORA_T","ZHT","US","Canada Comparison Values","","","Canada Comparison Values","ORA_T",""
"CA Coverage","ORA_C","PlanCompLkpTranslation","CA Coverage,ORA_C","AR","US","CA Coverage","","","CA Coverage","ORA_C",""
"CA Coverage","ORA_C","PlanCompLkpTranslation","CA Coverage,ORA_C","CS","US","CA Coverage","","","CA Coverage","ORA_C",""
"CA Coverage","ORA_C","PlanCompLkpTranslation","CA Coverage,ORA_C","D","US","CA Coverage","","","CA Coverage","ORA_C",""
"CA Coverage","ORA_C","PlanCompLkpTranslation","CA Coverage,ORA_C","DK","US","CA Coverage","","","CA Coverage","ORA_C",""
"CA Coverage","ORA_C","PlanCompLkpTranslation","CA Coverage,ORA_C","E","US","CA Coverage","","","CA Coverage","ORA_C",""
"CA Coverage","ORA_C","PlanCompLkpTranslation","CA Coverage,ORA_C","F","US","CA Coverage","","","CA Coverage","ORA_C",""
"CA Coverage","ORA_C","PlanCompLkpTranslation","CA Coverage,ORA_C","FRC","US","CA Coverage","","","CA Coverage","ORA_C",""
"CA Coverage","ORA_C","PlanCompLkpTranslation","CA Coverage,ORA_C","HU","US","CA Coverage","","","CA Coverage","ORA_C",""
"CA Coverage","ORA_C","PlanCompLkpTranslation","CA Coverage,ORA_C","I","US","CA Coverage","","","CA Coverage","ORA_C",""
"CA Coverage","ORA_C","PlanCompLkpTranslation","CA Coverage,ORA_C","IW","US","CA Coverage","","","CA Coverage","ORA_C",""
"CA Coverage","ORA_C","PlanCompLkpTranslation","CA Coverage,ORA_C","JA","US","CA Coverage","","","CA Coverage","ORA_C",""
"CA Coverage","ORA_C","PlanCompLkpTranslation","CA Coverage,ORA_C","KO","US","CA Coverage","","","CA Coverage","ORA_C",""
"CA Coverage","ORA_C","PlanCompLkpTranslation","CA Coverage,ORA_C","N","US","CA Coverage","","","CA Coverage","ORA_C",""
"CA Coverage","ORA_C","PlanCompLkpTranslation","CA Coverage,ORA_C","NL","US","CA Coverage","","","CA Coverage","ORA_C",""
"CA Coverage","ORA_C","PlanCompLkpTranslation","CA Coverage,ORA_C","PL","US","CA Coverage","","","CA Coverage","ORA_C",""
"CA Coverage","ORA_C","PlanCompLkpTranslation","CA Coverage,ORA_C","PTB","US","CA Coverage","","","CA Coverage","ORA_C",""
"CA Coverage","ORA_C","PlanCompLkpTranslation","CA Coverage,ORA_C","RO","US","CA Coverage","","","CA Coverage","ORA_C",""
"CA Coverage","ORA_C","PlanCompLkpTranslation","CA Coverage,ORA_C","RU","US","CA Coverage","","","CA Coverage","ORA_C",""
"CA Coverage","ORA_C","PlanCompLkpTranslation","CA Coverage,ORA_C","S","US","CA Coverage","","","CA Coverage","ORA_C",""
"CA Coverage","ORA_C","PlanCompLkpTranslation","CA Coverage,ORA_C","SF","US","CA Coverage","","","CA Coverage","ORA_C",""
"CA Coverage","ORA_C","PlanCompLkpTranslation","CA Coverage,ORA_C","TH","US","CA Coverage","","","CA Coverage","ORA_C",""
"CA Coverage","ORA_C","PlanCompLkpTranslation","CA Coverage,ORA_C","TR","US","CA Coverage","","","CA Coverage","ORA_C",""
"CA Coverage","ORA_C","PlanCompLkpTranslation","CA Coverage,ORA_C","US","US","CA Coverage","","","CA Coverage","ORA_C",""
"CA Coverage","ORA_C","PlanCompLkpTranslation","CA Coverage,ORA_C","ZHS","US","CA Coverage","","","CA Coverage","ORA_C",""
"CA Coverage","ORA_C","PlanCompLkpTranslation","CA Coverage,ORA_C","ZHT","US","CA Coverage","","","CA Coverage","ORA_C",""
"CA Options","ORA_O","PlanCompLkpTranslation","CA Options,ORA_O","AR","US","CA Options","","","CA Options","ORA_O",""
"CA Options","ORA_O","PlanCompLkpTranslation","CA Options,ORA_O","CS","US","CA Options","","","CA Options","ORA_O",""
"CA Options","ORA_O","PlanCompLkpTranslation","CA Options,ORA_O","D","US","CA Options","","","CA Options","ORA_O",""
"CA Options","ORA_O","PlanCompLkpTranslation","CA Options,ORA_O","DK","US","CA Options","","","CA Options","ORA_O",""
"CA Options","ORA_O","PlanCompLkpTranslation","CA Options,ORA_O","E","US","CA Options","","","CA Options","ORA_O",""
"CA Options","ORA_O","PlanCompLkpTranslation","CA Options,ORA_O","F","US","CA Options","","","CA Options","ORA_O",""
"CA Options","ORA_O","PlanCompLkpTranslation","CA Options,ORA_O","FRC","US","CA Options","","","CA Options","ORA_O",""
"CA Options","ORA_O","PlanCompLkpTranslation","CA Options,ORA_O","HU","US","CA Options","","","CA Options","ORA_O",""
"CA Options","ORA_O","PlanCompLkpTranslation","CA Options,ORA_O","I","US","CA Options","","","CA Options","ORA_O",""
"CA Options","ORA_O","PlanCompLkpTranslation","CA Options,ORA_O","IW","US","CA Options","","","CA Options","ORA_O",""
"CA Options","ORA_O","PlanCompLkpTranslation","CA Options,ORA_O","JA","US","CA Options","","","CA Options","ORA_O",""
"CA Options","ORA_O","PlanCompLkpTranslation","CA Options,ORA_O","KO","US","CA Options","","","CA Options","ORA_O",""
"CA Options","ORA_O","PlanCompLkpTranslation","CA Options,ORA_O","N","US","CA Options","","","CA Options","ORA_O",""
"CA Options","ORA_O","PlanCompLkpTranslation","CA Options,ORA_O","NL","US","CA Options","","","CA Options","ORA_O",""
"CA Options","ORA_O","PlanCompLkpTranslation","CA Options,ORA_O","PL","US","CA Options","","","CA Options","ORA_O",""
"CA Options","ORA_O","PlanCompLkpTranslation","CA Options,ORA_O","PTB","US","CA Options","","","CA Options","ORA_O",""
"CA Options","ORA_O","PlanCompLkpTranslation","CA Options,ORA_O","RO","US","CA Options","","","CA Options","ORA_O",""
"CA Options","ORA_O","PlanCompLkpTranslation","CA Options,ORA_O","RU","US","CA Options","","","CA Options","ORA_O",""
"CA Options","ORA_O","PlanCompLkpTranslation","CA Options,ORA_O","S","US","CA Options","","","CA Options","ORA_O",""
"CA Options","ORA_O","PlanCompLkpTranslation","CA Options,ORA_O","SF","US","CA Options","","","CA Options","ORA_O",""
"CA Options","ORA_O","PlanCompLkpTranslation","CA Options,ORA_O","TH","US","CA Options","","","CA Options","ORA_O",""
"CA Options","ORA_O","PlanCompLkpTranslation","CA Options,ORA_O","TR","US","CA Options","","","CA Options","ORA_O",""
"CA Options","ORA_O","PlanCompLkpTranslation","CA Options,ORA_O","US","US","CA Options","","","CA Options","ORA_O",""
"CA Options","ORA_O","PlanCompLkpTranslation","CA Options,ORA_O","ZHS","US","CA Options","","","CA Options","ORA_O",""
"CA Options","ORA_O","PlanCompLkpTranslation","CA Options,ORA_O","ZHT","US","CA Options","","","CA Options","ORA_O",""
"CA Feature Values","ORA_S","PlanCompLkpTranslation","CA Feature Values,ORA_S","AR","US","CA Feature Values","","","CA Feature Values","ORA_S",""
"CA Feature Values","ORA_S","PlanCompLkpTranslation","CA Feature Values,ORA_S","CS","US","CA Feature Values","","","CA Feature Values","ORA_S",""
"CA Feature Values","ORA_S","PlanCompLkpTranslation","CA Feature Values,ORA_S","D","US","CA Feature Values","","","CA Feature Values","ORA_S",""
"CA Feature Values","ORA_S","PlanCompLkpTranslation","CA Feature Values,ORA_S","DK","US","CA Feature Values","","","CA Feature Values","ORA_S",""
"CA Feature Values","ORA_S","PlanCompLkpTranslation","CA Feature Values,ORA_S","E","US","CA Feature Values","","","CA Feature Values","ORA_S",""
"CA Feature Values","ORA_S","PlanCompLkpTranslation","CA Feature Values,ORA_S","F","US","CA Feature Values","","","CA Feature Values","ORA_S",""
"CA Feature Values","ORA_S","PlanCompLkpTranslation","CA Feature Values,ORA_S","FRC","US","CA Feature Values","","","CA Feature Values","ORA_S",""
"CA Feature Values","ORA_S","PlanCompLkpTranslation","CA Feature Values,ORA_S","HU","US","CA Feature Values","","","CA Feature Values","ORA_S",""
"CA Feature Values","ORA_S","PlanCompLkpTranslation","CA Feature Values,ORA_S","I","US","CA Feature Values","","","CA Feature Values","ORA_S",""
"CA Feature Values","ORA_S","PlanCompLkpTranslation","CA Feature Values,ORA_S","IW","US","CA Feature Values","","","CA Feature Values","ORA_S",""
"CA Feature Values","ORA_S","PlanCompLkpTranslation","CA Feature Values,ORA_S","JA","US","CA Feature Values","","","CA Feature Values","ORA_S",""
"CA Feature Values","ORA_S","PlanCompLkpTranslation","CA Feature Values,ORA_S","KO","US","CA Feature Values","","","CA Feature Values","ORA_S",""
"CA Feature Values","ORA_S","PlanCompLkpTranslation","CA Feature Values,ORA_S","N","US","CA Feature Values","","","CA Feature Values","ORA_S",""
"CA Feature Values","ORA_S","PlanCompLkpTranslation","CA Feature Values,ORA_S","NL","US","CA Feature Values","","","CA Feature Values","ORA_S",""
"CA Feature Values","ORA_S","PlanCompLkpTranslation","CA Feature Values,ORA_S","PL","US","CA Feature Values","","","CA Feature Values","ORA_S",""
"CA Feature Values","ORA_S","PlanCompLkpTranslation","CA Feature Values,ORA_S","PTB","US","CA Feature Values","","","CA Feature Values","ORA_S",""
"CA Feature Values","ORA_S","PlanCompLkpTranslation","CA Feature Values,ORA_S","RO","US","CA Feature Values","","","CA Feature Values","ORA_S",""
"CA Feature Values","ORA_S","PlanCompLkpTranslation","CA Feature Values,ORA_S","RU","US","CA Feature Values","","","CA Feature Values","ORA_S",""
"CA Feature Values","ORA_S","PlanCompLkpTranslation","CA Feature Values,ORA_S","S","US","CA Feature Values","","","CA Feature Values","ORA_S",""
"CA Feature Values","ORA_S","PlanCompLkpTranslation","CA Feature Values,ORA_S","SF","US","CA Feature Values","","","CA Feature Values","ORA_S",""
"CA Feature Values","ORA_S","PlanCompLkpTranslation","CA Feature Values,ORA_S","TH","US","CA Feature Values","","","CA Feature Values","ORA_S",""
"CA Feature Values","ORA_S","PlanCompLkpTranslation","CA Feature Values,ORA_S","TR","US","CA Feature Values","","","CA Feature Values","ORA_S",""
"CA Feature Values","ORA_S","PlanCompLkpTranslation","CA Feature Values,ORA_S","US","US","CA Feature Values","","","CA Feature Values","ORA_S",""
"CA Feature Values","ORA_S","PlanCompLkpTranslation","CA Feature Values,ORA_S","ZHS","US","CA Feature Values","","","CA Feature Values","ORA_S",""
"CA Feature Values","ORA_S","PlanCompLkpTranslation","CA Feature Values,ORA_S","ZHT","US","CA Feature Values","","","CA Feature Values","ORA_S",""
