{
  "description": "",
  "root": "assignVariablesPopupNewContact",
  "actions": {

    "callFunctionCloseDialogFunc": {
      "module": "vb/action/builtin/callModuleFunctionAction",
      "parameters": {
        "module": "[[ $functions ]]",
        "functionName": "closeDialogFunc",
        "params": [
          "{{ \"#PhoneCountryPopup12\" }}"
        ]
      }
    },
    "assignVariablesPopupNewContact": {
      "module": "vb/action/builtin/assignVariablesAction",
      "parameters": {
        "$page.variables.popupNewContact": {
          "source": {
            "ReMobileCountryCode": "{{ $page.variables.PhoneCountryCodeVar12 }}"
          },
          "reset": "none",
          "auto": "always"
        }
      },
      "outcomes": {
        "success": "callFunctionCloseDialogFunc"
      }
    }
  },
  "variables": {}
}