{
  "description": "",
  "root": "resetVariablesGetHcmPhoneCountryCodeADP7",
  "actions": {
    "fireNotification": {
      "module": "vb/action/builtin/fireNotificationEventAction",
      "parameters": {
        "target": "leaf",
        "summary": "[[ $chain.results.callRestGet1113185HcmCountriesLovQ.message.summary ]]",
        "type": "error",
        "displayMode": "persist"
      }
    },
    "callRestGet1113185HcmCountriesLovQ": {
      "module": "vb/action/builtin/restAction",
      "parameters": {
        "endpoint": "oracleHcmEndpoints/getHcmCountriesLovQ",
        "uriParams": {
          "limit": "{{ \"500\" }}",
          "q": "{{ \"ObsoleteFlag=false;CountryName LIKE \\\"%\" + $page.variables.SearchPhoneCountryVar7 + \"\\\"%\" }}"
        }
      },
      "outcomes": {
        "failure": "fireNotification",
        "success": "assignVariablesGetHcmPhoneCountryCodeADP7"
      }
    },
    "assignVariablesGetHcmPhoneCountryCodeADP7": {
      "module": "vb/action/builtin/assignVariablesAction",
      "parameters": {
        "$page.variables.getHcmPhoneCountryCodeADP7": {
          "source": {
            "data": "{{ $chain.results.callRestGet1113185HcmCountriesLovQ.body.items }}"
          },
          "reset": "none",
          "auto": "always"
        }
      }
    },
    "resetVariablesGetHcmPhoneCountryCodeADP7": {
      "module": "vb/action/builtin/resetVariablesAction",
      "parameters": {
        "variables": [
          "$page.variables.getHcmPhoneCountryCodeADP7"
        ]
      },
      "outcomes": {
        "success": "callRestGet1113185HcmCountriesLovQ"
      }
    }
  },
  "variables": {}
}