{
  "description": "",
  "root": "resetVariablesDummyPostContactAddress",
  "actions": {
    "callFunctionCloseDialogFunc": {
      "module": "vb/action/builtin/callModuleFunctionAction",
      "parameters": {
        "module": "[[ $functions ]]",
        "functionName": "closeDialogFunc",
        "params": [
          "{{ \"#modalDialog90\" }}"
        ]
      }
    },
    "resetVariablesDummyPostContactAddress": {
      "module": "vb/action/builtin/resetVariablesAction",
      "parameters": {
        "variables": [
          "$page.variables.DummyPostContactAddress",
          "$page.variables.DummyPostContactAddress1",
          "$page.variables.DummyPostContactAddressToBeAdded",
          "$page.variables.DummyPostContactAddressDeleteBackup"
        ]
      },
      "outcomes": {
        "success": "callFunctionCloseDialogFunc"
      }
    }
  },
  "variables": {}
}