{
  "description": "",
  "root": "resetVariablesDummyPostAccounts",
  "actions": {
    "callFunctionCloseDialogFunc": {
      "module": "vb/action/builtin/callModuleFunctionAction",
      "parameters": {
        "module": "[[ $functions ]]",
        "functionName": "closeDialogFunc",
        "params": [
          "{{ \"#modalDialog12\" }}"
        ]
      }
    },
    "resetVariablesDummyPostAccounts": {
      "module": "vb/action/builtin/resetVariablesAction",
      "parameters": {
        "variables": [
          "$page.variables.DummyPostAccounts",
          "$page.variables.DummyPostAccounts1",
          "$page.variables.DummyPostAccountsToBeAdded",
          "$page.variables.DummyPostAccountsDeleteBackup"
        ]
      },
      "outcomes": {
        "success": "callFunctionCloseDialogFunc"
      }
    }
  },
  "variables": {}
}