{
  "description": "",
  "root": "callFunctionOpenDialogFunc2",
  "actions": {
    "assignVariablesDummyPostContactAddress": {
      "module": "vb/action/builtin/assignVariablesAction",
      "parameters": {
        "$page.variables.DummyPostContactAddress": {
          "source": {
            "data": [
              {
                "address_name": "{{ $page.variables.popupContactAddresses.AddressName }}",
                "action_requested": "{{ \"New\" }}",
                "supplier_contact_address_id": "{{ $chain.results.callRestGetGenerateContactAddressId.body.items[0].contact_add_id }}",
                "supplier_contact_id": "{{ $page.variables.popupExistingContact.SupplierContactId }}"
              }
            ]
          },
          "auto": "always",
          "reset": "none"
        }
      },
      "outcomes": {
        "success": "forEachInPostContactAddress"
      }
    },
    "assignVariablesDummyPostContactAddressToBeAdded": {
      "module": "vb/action/builtin/assignVariablesAction",
      "parameters": {
        "$page.variables.DummyPostContactAddressToBeAdded": {
          "source": {
            "data": "{{ $page.variables.DummyPostContactAddress.data }}"
          },
          "reset": "none",
          "auto": "always"
        }
      },
      "outcomes": {
        "success": "fireDataProviderEventPostContactAddress"
      }
    },
    "fireDataProviderEventPostContactAddress": {
      "module": "vb/action/builtin/fireDataProviderEventAction",
      "parameters": {
        "refresh": null,
        "target": "[[ $page.variables.postContactAddress ]]"
      },
      "outcomes": {
        "success": "callFunctionOpenDialogFunc"
      }
    },
    "callFunctionCloseDialogFunc": {
      "module": "vb/action/builtin/callModuleFunctionAction",
      "parameters": {
        "module": "[[ $functions ]]",
        "functionName": "closeDialogFunc",
        "params": [
          "{{ \"#modalDialog900\" }}"
        ]
      },
      "outcomes": {
        "success": "callFunctionCloseDialogFunc2"
      }
    },
    "resetVariablesDummyPostContactAddress": {
      "module": "vb/action/builtin/resetVariablesAction",
      "parameters": {
        "variables": [
          "$page.variables.DummyPostContactAddress"
        ]
      },
      "outcomes": {
        "success": "callRestGetGenerateContactAddressId"
      }
    },
    "assignVariablesPostContactAddress": {
      "module": "vb/action/builtin/assignVariablesAction",
      "parameters": {
        "$page.variables.postContactAddress": {
          "source": {
            "data": "{{ $page.variables.DummyPostContactAddress.data }}"
          },
          "auto": "always",
          "reset": "none"
        },
        "$page.variables.SupplierContactAddressId": {
          "source": "{{ $page.variables.SupplierContactAddressId+1 }}"
        }
      },
      "outcomes": {
        "success": "assignVariablesDummyPostContactAddressToBeAdded"
      }
    },
    "forEachInPostContactAddress": {
      "module": "vb/action/builtin/forEachAction",
      "parameters": {
        "items": "{{ $page.variables.postContactAddress.data }}",
        "actionId": "ifPopupContactAddresses"
      },
      "outcomes": {
        "success": "forEachInGetAllAddresses"
      }
    },
    "ifPopupContactAddresses": {
      "module": "vb/action/builtin/ifAction",
      "parameters": {
        "condition": "[[ $current.data.address_name==$page.variables.popupContactAddresses.AddressName ]]"
      },
      "outcomes": {
        "true": "assignVariablesFlag"
      }
    },
    "assignVariablesFlag": {
      "module": "vb/action/builtin/assignVariablesAction",
      "parameters": {
        "$variables.flag": {
          "source": "{{ true }}"
        }
      }
    },
    "ifFlag": {
      "module": "vb/action/builtin/ifAction",
      "parameters": {
        "condition": "[[ $variables.flag ]]"
      },
      "outcomes": {
        "false": "assignVariablesPostContactAddress",
        "true": "fireNotification"
      }
    },
    "fireNotification": {
      "module": "vb/action/builtin/fireNotificationEventAction",
      "parameters": {
        "target": "leaf",
        "message": "Address association already exists for this contact",
        "summary": "Address association already exists for this contact"
      },
      "outcomes": {
        "success": "callFunctionCloseDialogFunc"
      }
    },
    "callFunctionOpenDialogFunc": {
      "module": "vb/action/builtin/callModuleFunctionAction",
      "parameters": {
        "module": "[[ $functions ]]",
        "functionName": "openDialogFunc",
        "params": [
          "{{ \"#modalDialog15000\" }}"
        ]
      },
      "outcomes": {
        "success": "callFunctionCloseDialogFunc"
      }
    },
    "ifPopupContactAddresses2": {
      "module": "vb/action/builtin/ifAction",
      "parameters": {
        "condition": "[[ $page.variables.popupContactAddresses.AddressName ]]"
      },
      "outcomes": {
        "true": "resetVariablesDummyPostContactAddress",
        "false": "callFunctionCloseDialogFunc"
      }
    },
    "forEachInGetAllAddresses": {
      "module": "vb/action/builtin/forEachAction",
      "parameters": {
        "items": "{{ $page.variables.getAllAddresses.data }}",
        "actionId": "ifPopupContactAddresses4"
      },
      "outcomes": {
        "success": "ifFlag"
      }
    },
    "ifPopupContactAddresses4": {
      "module": "vb/action/builtin/ifAction",
      "parameters": {
        "condition": "[[ $current.data.AddressName==$page.variables.popupContactAddresses.AddressName ]]"
      },
      "outcomes": {
        "true": "assignVariablesFlag2"
      }
    },
    "assignVariablesFlag2": {
      "module": "vb/action/builtin/assignVariablesAction",
      "parameters": {
        "$variables.flag": {
          "source": "{{ true }}"
        }
      }
    },
    "fireNotification2": {
      "module": "vb/action/builtin/fireNotificationEventAction",
      "parameters": {
        "target": "leaf",
        "summary": "[[ $chain.results.callRestGetGenerateContactAddressId.message.summary ]]",
        "type": "error",
        "displayMode": "persist",
        "message": "Failed to generate contact address id"
      }
    },
    "callRestGetGenerateContactAddressId": {
      "module": "vb/action/builtin/restAction",
      "parameters": {
        "endpoint": "ordsEndpoints/getGenerate_contact_address_id"
      },
      "outcomes": {
        "failure": "fireNotification2",
        "success": "assignVariablesDummyPostContactAddress"
      }
    },
    "callFunctionOpenDialogFunc2": {
      "module": "vb/action/builtin/callModuleFunctionAction",
      "parameters": {
        "module": "[[ $functions ]]",
        "functionName": "openDialogFunc",
        "params": [
          "{{ \"#modalDialog14\" }}"
        ]
      },
      "outcomes": {
        "success": "ifPopupContactAddresses2"
      }
    },
    "callFunctionCloseDialogFunc2": {
      "module": "vb/action/builtin/callModuleFunctionAction",
      "parameters": {
        "module": "[[ $functions ]]",
        "functionName": "closeDialogFunc",
        "params": [
          "{{ \"#modalDialog14\" }}"
        ]
      }
    }
  },
  "variables": {
    "flag": {
      "type": "boolean",
      "defaultValue": false
    }
  }
}