{
  "description": "",
  "root": "callFunctionOpenDialogFunc2",
  "actions": {
    "resetVariablesDummyPostAccounts": {
      "module": "vb/action/builtin/resetVariablesAction",
      "parameters": {
        "variables": [
          "$page.variables.DummyPostAccounts"
        ]
      },
      "outcomes": {
        "success": "callRestGetGenerateBankAccountId"
      }
    },
    "assignVariablesPostAccounts": {
      "module": "vb/action/builtin/assignVariablesAction",
      "parameters": {
        "$page.variables.postAccounts": {
          "source": {
            "data": "{{ $page.variables.DummyPostAccounts.data }}"
          },
          "reset": "none",
          "auto": "always"
        },
        "$page.variables.SupplierAccountId": {
          "source": "{{ $page.variables.SupplierAccountId+1 }}"
        }
      },
      "outcomes": {
        "success": "assignVariablesDummyPostAccountsToBeAdded"
      }
    },
    "assignVariablesDummyPostAccountsToBeAdded": {
      "module": "vb/action/builtin/assignVariablesAction",
      "parameters": {
        "$page.variables.DummyPostAccountsToBeAdded": {
          "source": "{{ $page.variables.DummyPostAccounts }}",
          "auto": "always",
          "reset": "none"
        }
      },
      "outcomes": {
        "success": "resetVariablesPopupAccounts"
      }
    },
    "callFunctionCloseDialogFunc": {
      "module": "vb/action/builtin/callModuleFunctionAction",
      "parameters": {
        "module": "[[ $functions ]]",
        "functionName": "closeDialogFunc",
        "params": [
          "{{ \"#modalDialog1200\" }}"
        ]
      },
      "outcomes": {
        "success": "callFunctionCloseDialogFunc2"
      }
    },
    "if": {
      "module": "vb/action/builtin/ifAction",
      "parameters": {
        "condition": "[[ $page.variables.popupAccounts.ReAllowInternationalPayments==\"Yes\"||$page.variables.popupAccounts.ReIBAN ]]"
      },
      "outcomes": {
        "true": "ifPopupAccounts",
        "false": "assignVariablesFlag"
      }
    },
    "assignVariables4": {
      "module": "vb/action/builtin/assignVariablesAction",
      "parameters": {
        "$variables.flag": {
          "source": "{{ false }}"
        }
      },
      "outcomes": {
        "success": "fireNotification3"
      }
    },
    "assignVariablesFlag": {
      "module": "vb/action/builtin/assignVariablesAction",
      "parameters": {
        "$variables.flag": {
          "source": "{{ true }}"
        }
      },
      "outcomes": {
        "success": "ifFlag"
      }
    },
    "assignVariablesFlag2": {
      "module": "vb/action/builtin/assignVariablesAction",
      "parameters": {
        "$variables.flag": {
          "source": "{{ false }}"
        }
      },
      "outcomes": {
        "success": "fireNotification"
      }
    },
    "assignVariablesFlag3": {
      "module": "vb/action/builtin/assignVariablesAction",
      "parameters": {
        "$variables.flag": {
          "source": "{{ true }}"
        }
      },
      "outcomes": {
        "success": "ifFlag"
      }
    },
    "fireNotification": {
      "module": "vb/action/builtin/fireNotificationEventAction",
      "parameters": {
        "target": "leaf",
        "summary": "Please enter all the mandatory fields marked with *",
        "message": "Please enter all the mandatory fields marked with *"
      },
      "outcomes": {
        "success": "ifFlag"
      }
    },
    "ifFlag": {
      "module": "vb/action/builtin/ifAction",
      "parameters": {
        "condition": "[[ $variables.flag ]]"
      },
      "outcomes": {
        "true": "resetVariablesDummyPostAccounts",
        "false": "callFunctionCloseDialogFunc2"
      }
    },
    "fireNotification3": {
      "module": "vb/action/builtin/fireNotificationEventAction",
      "parameters": {
        "target": "leaf",
        "summary": "Please enter all the mandatory fields marked with *",
        "message": "Please enter all the mandatory fields marked with *"
      },
      "outcomes": {
        "success": "ifFlag"
      }
    },
    "resetVariablesPopupAccounts": {
      "module": "vb/action/builtin/resetVariablesAction",
      "parameters": {
        "variables": [
          "$page.variables.popupAccounts"
        ]
      },
      "outcomes": {
        "success": "callFunctionOpenDialogFunc"
      }
    },
    "ifPopupAccounts": {
      "module": "vb/action/builtin/ifAction",
      "parameters": {
        "condition": "[[ $page.variables.popupAccounts.ReBank ]]"
      },
      "outcomes": {
        "true": "ifPopupAccounts2",
        "false": "assignVariables4"
      }
    },
    "ifPopupAccounts2": {
      "module": "vb/action/builtin/ifAction",
      "parameters": {
        "condition": "[[ $page.variables.popupAccounts.ReBankBranch ]]"
      },
      "outcomes": {
        "true": "assignVariablesFlag3",
        "false": "assignVariablesFlag2"
      }
    },
    "fireNotification4": {
      "module": "vb/action/builtin/fireNotificationEventAction",
      "parameters": {
        "target": "leaf",
        "message": "Please enter all the mandatory fields marked with *",
        "summary": "Please enter all the mandatory fields marked with *"
      },
      "outcomes": {
        "success": "callFunctionCloseDialogFunc2"
      }
    },
    "if2": {
      "module": "vb/action/builtin/ifAction",
      "parameters": {
        "condition": "[[ $page.variables.popupAccounts.ReAccountNumber && $page.variables.popupAccounts.ReCountry ]]"
      },
      "outcomes": {
        "true": "if",
        "false": "fireNotification4"
      }
    },
    "callFunctionOpenDialogFunc": {
      "module": "vb/action/builtin/callModuleFunctionAction",
      "parameters": {
        "module": "[[ $functions ]]",
        "functionName": "openDialogFunc",
        "params": [
          "{{ \"#modalDialog15000\" }}"
        ]
      },
      "outcomes": {
        "success": "callFunctionCloseDialogFunc"
      }
    },
    "assignVariablesDummyPostAccounts": {
      "module": "vb/action/builtin/assignVariablesAction",
      "parameters": {
        "$page.variables.DummyPostAccounts": {
          "source": {
            "data": [
              {
                "account_id": "{{ $chain.results.callRestGetGenerateBankAccountId.body.items[0].bank_account_id }}",
                "supplier_site_id": "{{ $page.variables.popupExistingSite.SupplierSiteId }}",
                "account_number": "{{ $page.variables.popupAccounts.ReAccountNumber }}",
                "action_requested": "{{ \"New\" }}",
                "allow_international_payments": "{{ $page.variables.popupAccounts.ReAllowInternationalPayments }}",
                "bank": "{{ $page.variables.popupAccounts.ReBank }}",
                "bank_branch": "{{ $page.variables.popupAccounts.ReBankBranch }}",
                "country": "{{ $page.variables.popupAccounts.ReCountry }}",
                "currency": "{{ $page.variables.popupAccounts.ReCurrency }}",
                "iban": "{{ $page.variables.popupAccounts.ReIBAN }}",
                "inactive_on": "{{ $page.variables.popupAccounts.ReInactiveOn }}",
                "primary_flag": "{{ $page.variables.popupAccounts.RePrimary }}",
                "re_account_number": "{{ $page.variables.popupAccounts.ReAccountNumber }}",
                "re_allow_international_payments": "{{ $page.variables.popupAccounts.ReAllowInternationalPayments }}",
                "re_bank": "{{ $page.variables.popupAccounts.ReBank }}",
                "re_bank_branch": "{{ $page.variables.popupAccounts.ReBankBranch }}",
                "re_country": "{{ $page.variables.popupAccounts.ReCountry }}",
                "re_currency": "{{ $page.variables.popupAccounts.ReCurrency }}",
                "re_iban": "{{ $page.variables.popupAccounts.ReIBAN }}",
                "re_inactive_on": "{{ $page.variables.popupAccounts.ReInactiveOn }}",
                "re_primary_flag": "{{ $page.variables.popupAccounts.RePrimary }}",
                "re_update_unpaid_invoices": "{{ $page.variables.popupAccounts.ReUpdateUnpaidInvoices }}",
                "update_unpaid_invoices": "{{ $page.variables.popupAccounts.ReUpdateUnpaidInvoices }}"
              }
            ]
          },
          "auto": "always",
          "reset": "toDefault",
          "mapping": {
            "$target.data": {
              "source": "$source.data",
              "reset": "empty",
              "auto": "always"
            }
          }
        }
      },
      "outcomes": {
        "success": "assignVariablesPostAccounts"
      }
    },
    "fireNotification2": {
      "module": "vb/action/builtin/fireNotificationEventAction",
      "parameters": {
        "target": "leaf",
        "summary": "[[ $chain.results.callRestGetGenerateBankAccountId.message.summary ]]",
        "type": "error",
        "displayMode": "persist",
        "message": "Failed to generate bank account id"
      }
    },
    "callRestGetGenerateBankAccountId": {
      "module": "vb/action/builtin/restAction",
      "parameters": {
        "endpoint": "ordsEndpoints/getGenerate_bank_account_id"
      },
      "outcomes": {
        "failure": "fireNotification2",
        "success": "assignVariablesDummyPostAccounts"
      }
    },
    "callFunctionOpenDialogFunc2": {
      "module": "vb/action/builtin/callModuleFunctionAction",
      "parameters": {
        "module": "[[ $functions ]]",
        "functionName": "openDialogFunc",
        "params": [
          "{{ \"#modalDialog14\" }}"
        ]
      },
      "outcomes": {
        "success": "if2"
      }
    },
    "callFunctionCloseDialogFunc2": {
      "module": "vb/action/builtin/callModuleFunctionAction",
      "parameters": {
        "module": "[[ $functions ]]",
        "functionName": "closeDialogFunc",
        "params": [
          "{{ \"#modalDialog14\" }}"
        ]
      }
    }
  },
  "variables": {
    "flag": {
      "type": "boolean",
      "defaultValue": false
    }
  }
}