{
  "description": "",
  "root": "resetVariablesDummyPostAccounts",
  "actions": {
    "if": {
      "module": "vb/action/builtin/ifAction",
      "parameters": {
        "condition": "[[ $current.data.account_id==$variables.key ]]"
      },
      "outcomes": {
        "true": "fireNotification"
      }
    },
    "fireNotification": {
      "module": "vb/action/builtin/fireNotificationEventAction",
      "parameters": {
        "target": "leaf",
        "message": "You have already requested updates for this account",
        "summary": "You have already requested updates for this account"
      },
      "outcomes": {
        "success": "assignVariablesFlag"
      }
    },
    "resetVariablesDummyPostAccounts": {
      "module": "vb/action/builtin/resetVariablesAction",
      "parameters": {
        "variables": [
          "$page.variables.DummyPostAccounts",
          "$variables.flag",
          "$page.variables.DummyPostAccounts1"
        ]
      },
      "outcomes": {
        "success": "forEachInPostAccounts"
      }
    },
    "forEachInPostAccounts": {
      "module": "vb/action/builtin/forEachAction",
      "parameters": {
        "actionId": "if",
        "items": "{{ $page.variables.postAccounts.data }}"
      },
      "outcomes": {
        "success": "ifFlag"
      }
    },
    "assignVariablesFlag": {
      "module": "vb/action/builtin/assignVariablesAction",
      "parameters": {
        "$variables.flag": {
          "source": "{{ true }}"
        }
      }
    },
    "ifFlag": {
      "module": "vb/action/builtin/ifAction",
      "parameters": {
        "condition": "[[ $variables.flag ]]"
      },
      "outcomes": {
        "false": "assignVariablesDummyPostAccounts"
      }
    },
    "assignVariablesDummyPostAccounts": {
      "module": "vb/action/builtin/assignVariablesAction",
      "parameters": {
        "$page.variables.DummyPostAccounts": {
          "source": {
            "data": [
              {
                "account_id": "{{ $variables.current.BankAccountId }}",
                "account_number": "{{ $variables.current.BankAccountNumber }}",
                "allow_international_payments": "{{ $variables.current.AllowInternationalPaymentIndicator }}",
                "bank": "{{ $variables.current.BankName }}",
                "action_requested": "{{ \"Delete\" }}",
                "bank_branch": "{{ $variables.current.BankBranchName }}",
                "country": "{{ $variables.current.CountryCode }}",
                "currency": "{{ $variables.current.CurrencyCode }}",
                "iban": "{{ $variables.current.IBAN }}",
                "inactive_on": "{{ $variables.current.EndDate }}",
                "supplier_site": "{{ $page.variables.popupNewSite.Site }}",
                "supplier_site_id": "{{ $page.variables.popupNewSite.SupplierSiteId }}",
                "supplier_id": "{{ $page.variables.getSupplierToUpdateVar.SupplierId }}"
              }
            ]
          },
          "reset": "none",
          "auto": "always",
          "mapping": {
            "$target.data": {
              "source": "$source.data",
              "reset": "empty",
              "auto": "always"
            }
          }
        }
      },
      "outcomes": {
        "success": "assignVariablesPostAccounts"
      }
    },
    "fireDataProviderEventPostAccounts": {
      "module": "vb/action/builtin/fireDataProviderEventAction",
      "parameters": {
        "refresh": null,
        "target": "[[ $page.variables.postAccounts ]]"
      },
      "outcomes": {
        "success": "callFunctionOpenDialogFunc"
      }
    },
    "assignVariablesPostAccounts": {
      "module": "vb/action/builtin/assignVariablesAction",
      "parameters": {
        "$page.variables.postAccounts": {
          "source": {
            "data": "{{ $page.variables.DummyPostAccounts.data }}"
          },
          "reset": "none",
          "auto": "always"
        },
        "$page.variables.DummyPostAccountsToBeAdded": {
          "source": {
            "data": "{{ $page.variables.DummyPostAccounts.data }}"
          },
          "reset": "none",
          "auto": "always"
        }
      },
      "outcomes": {
        "success": "fireDataProviderEventPostAccounts"
      }
    },
    "callFunctionOpenDialogFunc": {
      "module": "vb/action/builtin/callModuleFunctionAction",
      "parameters": {
        "module": "[[ $functions ]]",
        "functionName": "openDialogFunc",
        "params": [
          "{{ \"#modalDialog15000\" }}"
        ]
      }
    }
  },
  "variables": {
    "flag": {
      "type": "boolean",
      "defaultValue": false
    },
    "key": {
      "required": true,
      "type": "any",
      "input": "fromCaller"
    },
    "index": {
      "required": true,
      "type": "number",
      "input": "fromCaller"
    },
    "current": {
      "required": true,
      "type": "any",
      "input": "fromCaller"
    }
  }
}