{
  "root": "resetVariablesAccountsUpdates",
  "description": "",
  "actions": {
    "fireNotification": {
      "module": "vb/action/builtin/fireNotificationEventAction",
      "parameters": {
        "target": "leaf",
        "summary": "[[ $chain.results.callRestGetGetBankAcctsUpdatesRequestId.message.summary ]]",
        "type": "error",
        "displayMode": "persist",
        "message": "Failed to get bank account information"
      }
    },
    "callRestGetGetBankAcctsUpdatesRequestId": {
      "module": "vb/action/builtin/restAction",
      "parameters": {
        "endpoint": "ordsEndpoints/getGet_bank_accts_updatesRequestId",
        "uriParams": {
          "RequestId": "{{ $page.variables.requestId }}"
        }
      },
      "outcomes": {
        "failure": "if",
        "success": "forEach"
      }
    },
    "forEach": {
      "module": "vb/action/builtin/forEachAction",
      "parameters": {
        "items": "{{ $chain.results.callRestGetGetBankAcctsUpdatesRequestId.body.items }}",
        "actionId": "resetVariablesDummyPostAccounts"
      },
      "outcomes": {
        "success": "fireDataProviderEventAccountsUpdates"
      }
    },
    "return": {
      "module": "vb/action/builtin/returnAction",
      "parameters": {
        "outcome": "success"
      }
    },
    "assignVariablesAccountsUpdates": {
      "module": "vb/action/builtin/assignVariablesAction",
      "parameters": {
        "$page.variables.AccountsUpdates": {
          "source": "{{ $page.variables.DummyPostAccounts }}",
          "auto": "always",
          "reset": "none"
        }
      }
    },
    "resetVariablesAccountsUpdates": {
      "module": "vb/action/builtin/resetVariablesAction",
      "parameters": {
        "variables": [
          "$page.variables.AccountsUpdates",
          "$page.variables.postAccounts"
        ]
      },
      "outcomes": {
        "success": "callRestGetGetBankAcctsUpdatesRequestId"
      }
    },
    "resetVariablesDummyPostAccounts": {
      "module": "vb/action/builtin/resetVariablesAction",
      "parameters": {
        "variables": [
          "$page.variables.DummyPostAccounts"
        ]
      },
      "outcomes": {
        "success": "assignVariablesDummyPostAccounts"
      }
    },
    "assignVariablesDummyPostAccounts": {
      "module": "vb/action/builtin/assignVariablesAction",
      "parameters": {
        "$page.variables.DummyPostAccounts": {
          "auto": "always",
          "reset": "toDefault",
          "source": {
            "data": [
              {
                "account_id": "{{ $current.data.account_id }}",
                "account_number": "{{ $current.data.account_number }}",
                "action_requested": "{{ $current.data.action_requested }}",
                "allow_international_payments": "{{ $current.data.allow_international_payments }}",
                "bank": "{{ $current.data.bank }}",
                "bank_branch": "{{ $current.data.bank_branch }}",
                "country": "{{ $current.data.country }}",
                "currency": "{{ $current.data.currency }}",
                "iban": "{{ $current.data.iban }}",
                "inactive_on": "{{ $current.data.inactive_on?$current.data.inactive_on.slice(0,-10):$current.data.inactive_on }}",
                "primary_flag": "{{ $current.data.primary_flag }}",
                "re_account_number": "{{ $current.data.re_account_number }}",
                "re_allow_international_payments": "{{ $current.data.re_allow_international_payments }}",
                "re_bank": "{{ $current.data.re_bank }}",
                "re_bank_branch": "{{ $current.data.re_bank_branch }}",
                "re_country": "{{ $current.data.re_country }}",
                "re_currency": "{{ $current.data.re_currency }}",
                "re_iban": "{{ $current.data.re_iban }}",
                "re_inactive_on": "{{ $current.data.re_inactive_on?$current.data.re_inactive_on.slice(0,-10):$current.data.re_inactive_on }}",
                "request_id": "{{ $current.data.request_id }}",
                "supplier_id": "{{ $current.data.supplier_id }}",
                "supplier_site": "{{ $current.data.supplier_site }}",
                "supplier_site_id": "{{ $current.data.supplier_site_id }}",
                "record_status": "{{ $current.data.record_status }}"
              }
            ]
          },
          "mapping": {
            "$target.data": {
              "source": "$source.data",
              "reset": "empty",
              "auto": "always"
            }
          }
        }
      },
      "outcomes": {
        "success": "assignVariablesAccountsUpdates"
      }
    },
    "fireDataProviderEventAccountsUpdates": {
      "module": "vb/action/builtin/fireDataProviderEventAction",
      "parameters": {
        "refresh": null,
        "target": "[[ $page.variables.AccountsUpdates ]]"
      },
      "outcomes": {
        "success": "return"
      }
    },
    "if": {
      "module": "vb/action/builtin/ifAction",
      "parameters": {
        "condition": "[[ $chain.results.callRestGetGetBankAcctsUpdatesRequestId.status==503 ]]"
      },
      "outcomes": {
        "false": "fireNotification",
        "true": "assignVariablesReTry"
      }
    },
    "assignVariablesReTry": {
      "module": "vb/action/builtin/assignVariablesAction",
      "parameters": {
        "$variables.reTry": {
          "source": "{{ $variables.reTry+1 }}"
        }
      },
      "outcomes": {
        "success": "ifReTry"
      }
    },
    "ifReTry": {
      "module": "vb/action/builtin/ifAction",
      "parameters": {
        "condition": "[[ $variables.reTry==1 ]]"
      },
      "outcomes": {
        "false": "fireNotification3",
        "true": "callFunctionWaitForNextCall"
      }
    },
    "fireNotification3": {
      "module": "vb/action/builtin/fireNotificationEventAction",
      "parameters": {
        "target": "leaf",
        "summary": "test",
        "message": "[[ $page.variables.ATPErrorMessage ]]"
      }
    },
    "callFunctionWaitForNextCall": {
      "module": "vb/action/builtin/callModuleFunctionAction",
      "parameters": {
        "module": "[[ $functions ]]",
        "functionName": "waitForNextCall"
      },
      "outcomes": {
        "success": "callRestGetGetBankAcctsUpdatesRequestId"
      }
    }
  },
  "variables": {
    "reTry": {
      "type": "number",
      "defaultValue": 0
    }
  }
}