{
  "description": "",
  "root": "resetVariablesBankBranchesArray",
  "actions": {
    "fireNotification": {
      "module": "vb/action/builtin/fireNotificationEventAction",
      "parameters": {
        "target": "leaf",
        "summary": "[[ $chain.results.callRestGet1113185CashBankBranchesQ.message.summary ]]",
        "type": "error",
        "displayMode": "persist",
        "message": "Please select valid country and bank."
      }
    },
    "callRestGet1113185CashBankBranchesQ": {
      "module": "vb/action/builtin/restAction",
      "parameters": {
        "endpoint": "oracleServiceVault/get11_13_18_05CashBankBranchesQ",
        "uriParams": {
          "q": "{{ \"BankName=\"+$page.variables.popupExistingAccounts.ReBank+\";CountryName=\" + $variables.CountryVar }}"
        }
      },
      "outcomes": {
        "failure": "fireNotification",
        "success": "assignVariablesBankBranchesArray"
      }
    },
    "assignVariablesBankBranchesArray": {
      "module": "vb/action/builtin/assignVariablesAction",
      "parameters": {
        "$page.variables.bankBranchesArray": {
          "source": "{{ $chain.results.callRestGet1113185CashBankBranchesQ.body.items }}"
        }
      },
      "outcomes": {}
    },
    "callRestGetHcmCountriesLovQ": {
      "module": "vb/action/builtin/restAction",
      "parameters": {
        "endpoint": "oracleHcmEndpoints/getHcmCountriesLovQ",
        "uriParams": {
          "q": "{{ \"ObsoleteFlag=false;TerritoryCode=\" + $page.variables.popupExistingAccounts.ReCountry }}"
        }
      },
      "outcomes": {

        "success": "assignVariablesCountryVar"
      }
    },
    "resetVariablesBankBranchesArray": {
      "module": "vb/action/builtin/resetVariablesAction",
      "parameters": {
        "variables": [
          "$page.variables.bankBranchesArray",
          "$variables.CountryVar"
        ]
      },
      "outcomes": {
        "success": "ifPopupExistingAccounts"
      }
    },
    "ifPopupExistingAccounts": {
      "module": "vb/action/builtin/ifAction",
      "parameters": {
        "condition": "[[ $page.variables.popupExistingAccounts.ReCountry ]]"
      },
      "outcomes": {
        "true": "callRestGetHcmCountriesLovQ",
        "false": "ifPopupExistingAccounts2"
      }
    },
    "ifPopupExistingAccounts2": {
      "module": "vb/action/builtin/ifAction",
      "parameters": {
        "condition": "[[ $page.variables.popupExistingAccounts.Country ]]"
      },
      "outcomes": {
        "true": "callRestGetHcmCountriesLovQ2",
        "false": "ifPopupExistingAccounts3"
      }
    },
    "callRestGetHcmCountriesLovQ2": {
      "module": "vb/action/builtin/restAction",
      "parameters": {
        "endpoint": "oracleHcmEndpoints/getHcmCountriesLovQ",
        "uriParams": {
          "q": "{{ \"ObsoleteFlag=false;TerritoryCode=\" + $page.variables.popupExistingAccounts.Country }}"
        }
      },
      "outcomes": {
        "success": "assignVariablesCountryVar2"
      }
    },
    "ifPopupExistingAccounts3": {
      "module": "vb/action/builtin/ifAction",
      "parameters": {
        "condition": "[[ $page.variables.popupExistingAccounts.ReBank ]]"
      },
      "outcomes": {
        "true": "callRestGet1113185CashBankBranchesQ",
        "false": "ifPopupExistingAccounts4"
      }
    },
    "fireNotification2": {
      "module": "vb/action/builtin/fireNotificationEventAction",
      "parameters": {
        "target": "leaf",
        "summary": "[[ $chain.results.callRestGet1113185CashBankBranchesQ2.message.summary ]]",
        "type": "error",
        "displayMode": "persist",
        "message": "Please select valid country and bank."
      }
    },
    "callRestGet1113185CashBankBranchesQ2": {
      "module": "vb/action/builtin/restAction",
      "parameters": {
        "endpoint": "oracleServiceVault/get11_13_18_05CashBankBranchesQ",
        "uriParams": {
          "q": "{{ \"BankName=\"+$page.variables.popupExistingAccounts.Bank+\";CountryName=\" + $variables.CountryVar }}"
        }
      },
      "outcomes": {
        "failure": "fireNotification2",
        "success": "assignVariablesBankBranchesArray2"
      }
    },
    "ifPopupExistingAccounts4": {
      "module": "vb/action/builtin/ifAction",
      "parameters": {
        "condition": "[[ $page.variables.popupExistingAccounts.Bank ]]"
      },
      "outcomes": {
        "true": "callRestGet1113185CashBankBranchesQ2"
      }
    },
    "assignVariablesBankBranchesArray2": {
      "module": "vb/action/builtin/assignVariablesAction",
      "parameters": {
        "$page.variables.bankBranchesArray": {
          "source": "{{ $chain.results.callRestGet1113185CashBankBranchesQ2.body.items }}"
        }
      }
    },
    "assignVariablesCountryVar": {
      "module": "vb/action/builtin/assignVariablesAction",
      "parameters": {
        "$variables.CountryVar": {
          "source": "{{ $chain.results.callRestGetHcmCountriesLovQ.body.items[0].CountryName }}"
        }
      },
      "outcomes": {
        "success": "ifPopupExistingAccounts3"
      }
    },
    "assignVariablesCountryVar2": {
      "module": "vb/action/builtin/assignVariablesAction",
      "parameters": {
        "$variables.CountryVar": {
          "source": "{{ $chain.results.callRestGetHcmCountriesLovQ2.body.items[0].CountryName }}"
        }
      },
      "outcomes": {
        "success": "ifPopupExistingAccounts3"
      }
    }
  },
  "variables": {
    "CountryVar": {
      "type": "string"
    }
  }
}