{
  "description": "",
  "root": "resetVariablesBankNamesADP",
  "actions": {
    "fireNotification": {
      "module": "vb/action/builtin/fireNotificationEventAction",
      "parameters": {
        "target": "leaf",
        "summary": "[[ $chain.results.callRestGet1113185CashBanks.message.summary ]]",
        "type": "error",
        "displayMode": "persist",
        "message": "Please select a valid country"
      }
    },
    "callRestGet1113185CashBanks": {
      "module": "vb/action/builtin/restAction",
      "parameters": {
        "endpoint": "oracleServiceVault/get11_13_18_05CashBanks",
        "uriParams": {
          "q": "{{ \"CountryName=\\\"\" +  $chain.results.callRestGetHcmCountriesLovQ.body.items[0].CountryName+\"\\\"\" }}"
        }
      },
      "outcomes": {
        "failure": "fireNotification",
        "success": "assignVariablesBankNamesADP"
      }
    },
    "assignVariablesBankNamesADP": {
      "module": "vb/action/builtin/assignVariablesAction",
      "parameters": {
        "$page.variables.bankNamesADP": {
          "source": "{{ $chain.results.callRestGet1113185CashBanks.body.items }}"
        }
      },
      "outcomes": {}
    },
    "callRestGetHcmCountriesLovQ": {
      "module": "vb/action/builtin/restAction",
      "parameters": {
        "endpoint": "oracleHcmEndpoints/getHcmCountriesLovQ",
        "uriParams": {
          "q": "{{ \"ObsoleteFlag=false;TerritoryCode=\" + $page.variables.popupAccounts.ReCountry }}"
        }
      },
      "outcomes": {

        "success": "callRestGet1113185CashBanks"
      }
    },
    "resetVariablesBankNamesADP": {
      "module": "vb/action/builtin/resetVariablesAction",
      "parameters": {
        "variables": [
          "$page.variables.bankNamesADP"
        ]
      },
      "outcomes": {
        "success": "ifPopupAccounts"
      }
    },
    "ifPopupAccounts": {
      "module": "vb/action/builtin/ifAction",
      "parameters": {
        "condition": "[[ $page.variables.popupAccounts.ReCountry==null ]]"
      },
      "outcomes": {
        "false": "callRestGetHcmCountriesLovQ",
        "true": "fireNotification3"
      }
    },
    "fireNotification3": {
      "module": "vb/action/builtin/fireNotificationEventAction",
      "parameters": {
        "target": "leaf",
        "message": "Please select a valid country",
        "summary": "Please select a valid country"
      }
    }
  },
  "variables": {}
}