{
  "root": "resetVariablesDummyPostSupplierAddresses",
  "description": "",
  "actions": {
    "resetVariablesDummyPostSupplierAddresses": {
      "module": "vb/action/builtin/resetVariablesAction",
      "parameters": {
        "variables": [
          "$page.variables.DummyPostSupplierAddresses"
        ]
      },
      "outcomes": {
        "success": "ifRequestStatus"
      }
    },
    "forEachInPostSupplierAddresses": {
      "module": "vb/action/builtin/forEachAction",
      "parameters": {
        "items": "{{ $page.variables.postSupplierAddresses.data }}",
        "actionId": "resetVariablesDummyPostSupplierAddresses2"
      },
      "outcomes": {
        "success": "return"
      }
    },
    "assignVariablesDummyPostSupplierAddresses": {
      "module": "vb/action/builtin/assignVariablesAction",
      "parameters": {
        "$page.variables.DummyPostSupplierAddresses": {
          "source": {
            "data": [
                {
                  "creation_date": "{{ $page.variables.SystemDate }}",
                  "last_update_date": "{{ $page.variables.SystemDate }}",
                  "last_updated_by": "{{ $application.user.username }}",
                  "created_by": "{{ $application.user.username }}",
                  "supplier_id": "{{ $page.variables.getSupplierToUpdateVar.SupplierId }}",
                  "request_id": "{{ $page.variables.requestId }}",
                  "action_requested": "{{ $current.data.action_requested }}",
                  "address_line1": "{{ $current.data.address_line1 }}",
                  "address_line2": "{{ $current.data.address_line2 }}",
                  "address_line3": "{{ $current.data.address_line3 }}",
                  "address_name": "{{ $current.data.address_name }}",
                  "address_purpose_remit_to_flag": "{{ $current.data.address_purpose_remit_to_flag }}",
                  "city": "{{ $current.data.city }}",
                "county": "{{ $current.data.county }}",
                  "email": "{{ $current.data.email }}",
                  "fax_area_code": "{{ $current.data.fax_area_code }}",
                  "fax_country_code": "{{ $current.data.fax_country_code }}",
                  "fax_number": "{{ $current.data.fax_number }}",
                  "floor_number": "{{ $current.data.floor_number }}",
                  "phone_area_code": "{{ $current.data.phone_area_code }}",
                  "phone_country_code": "{{ $current.data.phone_country_code }}",
                  "phone_extension": "{{ $current.data.phone_extension }}",
                  "phone_number": "{{ $current.data.phone_number }}",
                  "postal_code": "{{ $current.data.postal_code }}",
                  "postal_code_extension": "{{ $current.data.postal_code_extension }}",
                  "province": "{{ $current.data.province }}",
                  "re_address_line1": "{{ $current.data.re_address_line1 }}",
                  "re_address_line2": "{{ $current.data.re_address_line2 }}",
                  "re_address_line3": "{{ $current.data.re_address_line3 }}",
                  "re_address_name": "{{ $current.data.re_address_name }}",
                  "re_address_purpose_remit_to_flag": "{{ $current.data.re_address_purpose_remit_to_flag }}",
                  "re_addressee": "{{ $current.data.re_addressee }}",
                  "re_building": "{{ $current.data.re_building }}",
                  "re_city": "{{ $current.data.re_city }}",
                  "re_country": "{{ $current.data.re_country }}",
                "re_county": "{{ $current.data.re_county }}",
                  "re_email": "{{ $current.data.re_email }}",
                  "re_fax_area_code": "{{ $current.data.re_fax_area_code }}",
                  "re_fax_country_code": "{{ $current.data.re_fax_country_code }}",
                  "re_fax_number": "{{ $current.data.re_fax_number }}",
                  "re_floor_number": "{{ $current.data.re_floor_number }}",
                  "re_phone_area_code": "{{ $current.data.re_phone_area_code }}",
                  "re_phone_country_code": "{{ $current.data.re_phone_country_code }}",
                  "re_phone_extension": "{{ $current.data.re_phone_extension }}",
                  "re_phone_number": "{{ $current.data.re_phone_number }}",
                  "re_postal_code": "{{ $current.data.re_postal_code }}",
                  "re_postal_code_extension": "{{ $current.data.re_postal_code_extension }}",
                  "re_province": "{{ $current.data.re_province }}",
                  "re_state": "{{ $current.data.re_state }}",
                  "state": "{{ $current.data.state }}",
                  "supplier_address_id": "{{ $current.data.supplier_address_id }}",
                "country": "{{ $current.data.country }}",
                "record_status": "{{ \"ACTIVE\" }}"
                }
              ]
          },
          "reset": "none",
          "auto": "always",
          "mapping": {
            "$target.data": {
              "source": "$source.data",
              "reset": "empty",
              "auto": "always"
            }
          }
        }
      },
      "outcomes": {
        "success": "callRestPostCfsSmfAddressTbl"
      }
    },
    "fireNotification": {
      "module": "vb/action/builtin/fireNotificationEventAction",
      "parameters": {
        "target": "leaf",
        "summary": "[[ $chain.results.callRestPostCfsSmfAddressTbl.message.summary ]]",
        "type": "error",
        "displayMode": "persist",
        "message": "Supplier Address Updates: Failed"
      },
      "outcomes": {
        "success": "assignVariables"
      }
    },
    "callRestPostCfsSmfAddressTbl": {
      "module": "vb/action/builtin/restAction",
      "parameters": {
        "endpoint": "atpEndpoints/postCfs_smf_address_tbl",
        "body": "{{ $page.variables.DummyPostSupplierAddresses.data[0] }}"
      },
      "outcomes": {
        "failure": "if3"
      }
    },
    "return": {
      "module": "vb/action/builtin/returnAction",
      "parameters": {
        "outcome": "success"
      }
    },
    "ifRequestStatus": {
      "module": "vb/action/builtin/ifAction",
      "parameters": {
        "condition": "[[ $page.variables.requestStatus == \"More Information Requested\"]]"
      },
      "outcomes": {
        "false": "forEachInPostSupplierAddresses",
        "true": "forEachInPostSupplierAddresses2"
      }
    },
    "return3": {
      "module": "vb/action/builtin/returnAction",
      "parameters": {
        "outcome": "success"
      }
    },
    "fireNotification2": {
      "module": "vb/action/builtin/fireNotificationEventAction",
      "parameters": {
        "target": "leaf",
        "summary": "[[ $chain.results.callRestPutCfsSmfAddressTbl.message.summary ]]",
        "type": "error",
        "displayMode": "persist",
        "message": "Supplier Address Updates: Failed"
      },
      "outcomes": {
        "success": "assignVariables9"
      }
    },
    "forEachInPostSupplierAddresses2": {
      "module": "vb/action/builtin/forEachAction",
      "parameters": {
        "actionId": "resetVariablesDummyPostSupplierAddresses5",
        "items": "{{ $page.variables.postSupplierAddresses.data }}"
      },
      "outcomes": {
        "success": "forEachInInactivateAddresses"
      }
    },
    "assignVariablesDummyPostSupplierAddresses2": {
      "module": "vb/action/builtin/assignVariablesAction",
      "parameters": {
        "$page.variables.DummyPostSupplierAddresses": {
          "source": {
            "data": [
              {
                "creation_date": "{{ $page.variables.SystemDate }}",
                "last_update_date": "{{ $page.variables.SystemDate }}",
                "last_updated_by": "{{ $application.user.username }}",
                "created_by": "{{ $application.user.username }}",
                "supplier_id": "{{ $page.variables.getSupplierToUpdateVar.SupplierId }}",
                "request_id": "{{ $page.variables.requestId }}",
                "action_requested": "{{ $current.data.action_requested }}",
                "address_line1": "{{ $current.data.address_line1 }}",
                "address_line2": "{{ $current.data.address_line2 }}",
                "address_line3": "{{ $current.data.address_line3 }}",
                "address_name": "{{ $current.data.address_name }}",
                "address_purpose_remit_to_flag": "{{ $current.data.address_purpose_remit_to_flag }}",
                "city": "{{ $current.data.city }}",
                "county": "{{ $current.data.county }}",
                "email": "{{ $current.data.email }}",
                "fax_area_code": "{{ $current.data.fax_area_code }}",
                "fax_country_code": "{{ $current.data.fax_country_code }}",
                "fax_number": "{{ $current.data.fax_number }}",
                "floor_number": "{{ $current.data.floor_number }}",
                "phone_area_code": "{{ $current.data.phone_area_code }}",
                "phone_country_code": "{{ $current.data.phone_country_code }}",
                "phone_extension": "{{ $current.data.phone_extension }}",
                "phone_number": "{{ $current.data.phone_number }}",
                "postal_code": "{{ $current.data.postal_code }}",
                "postal_code_extension": "{{ $current.data.postal_code_extension }}",
                "province": "{{ $current.data.province }}",
                "re_address_line1": "{{ $current.data.re_address_line1 }}",
                "re_address_line2": "{{ $current.data.re_address_line2 }}",
                "re_address_line3": "{{ $current.data.re_address_line3 }}",
                "re_address_name": "{{ $current.data.re_address_name }}",
                "re_address_purpose_remit_to_flag": "{{ $current.data.re_address_purpose_remit_to_flag }}",
                "re_addressee": "{{ $current.data.re_addressee }}",
                "re_building": "{{ $current.data.re_building }}",
                "re_city": "{{ $current.data.re_city }}",
                "re_country": "{{ $current.data.re_country }}",
                "re_county": "{{ $current.data.re_county }}",
                "re_email": "{{ $current.data.re_email }}",
                "re_fax_area_code": "{{ $current.data.re_fax_area_code }}",
                "re_fax_country_code": "{{ $current.data.re_fax_country_code }}",
                "re_fax_number": "{{ $current.data.re_fax_number }}",
                "re_floor_number": "{{ $current.data.re_floor_number }}",
                "re_phone_area_code": "{{ $current.data.re_phone_area_code }}",
                "re_phone_country_code": "{{ $current.data.re_phone_country_code }}",
                "re_phone_extension": "{{ $current.data.re_phone_extension }}",
                "re_phone_number": "{{ $current.data.re_phone_number }}",
                "re_postal_code": "{{ $current.data.re_postal_code }}",
                "re_postal_code_extension": "{{ $current.data.re_postal_code_extension }}",
                "re_province": "{{ $current.data.re_province }}",
                "re_state": "{{ $current.data.re_state }}",
                "state": "{{ $current.data.state }}",
                "supplier_address_id": "{{ $current.data.supplier_address_id }}",
                "country": "{{ $current.data.country }}",
                "record_status": "{{ \"ACTIVE\" }}"
              }
            ]
          },
          "auto": "always"
        }
      },
      "outcomes": {
        "success": "callRestPutCfsSmfAddressTbl"
      }
    },
    "callRestPutCfsSmfAddressTbl": {
      "module": "vb/action/builtin/restAction",
      "parameters": {
        "endpoint": "atpEndpoints/putCfs_smf_address_tbl",
        "body": "{{ $page.variables.DummyPostSupplierAddresses.data[0] }}",
        "uriParams": {
          "request_Id": "{{ $page.variables.DummyPostSupplierAddresses.data[0].request_id }}",
          "supplier_address_id": "{{ $page.variables.DummyPostSupplierAddresses.data[0].supplier_address_id }}",
          "supplier_id": "{{ $page.variables.DummyPostSupplierAddresses.data[0].supplier_id }}"
        }
      },
      "outcomes": {
        "failure": "if"
      }
    },
    "resetVariablesDummyPostSupplierAddresses2": {
      "module": "vb/action/builtin/resetVariablesAction",
      "parameters": {
        "variables": [
          "$page.variables.DummyPostSupplierAddresses",
          "$variables.reTry"
        ]
      },
      "outcomes": {
        "success": "assignVariablesDummyPostSupplierAddresses"
      }
    },
    "forEachInInactivateAddresses": {
      "module": "vb/action/builtin/forEachAction",
      "parameters": {
        "actionId": "resetVariablesDummyPostSupplierAddresses4",
        "items": "{{ $page.variables.InactivateAddresses.data }}"
      },
      "outcomes": {
        "success": "return3"
      }
    },
    "fireNotification3": {
      "module": "vb/action/builtin/fireNotificationEventAction",
      "parameters": {
        "target": "leaf",
        "summary": "[[ $chain.results.callRestPutCfsSmfAddressTbl2.message.summary ]]",
        "type": "error",
        "displayMode": "persist",
        "message": "Supplier Address Updates: Failed"
      },
      "outcomes": {
        "success": "assignVariables7"
      }
    },
    "callRestPutCfsSmfAddressTbl2": {
      "module": "vb/action/builtin/restAction",
      "parameters": {
        "endpoint": "atpEndpoints/putCfs_smf_address_tbl",
        "uriParams": {
          "request_Id": "{{ $page.variables.DummyPostSupplierAddresses.data[0].request_id }}",
          "supplier_address_id": "{{ $page.variables.DummyPostSupplierAddresses.data[0].supplier_address_id }}",
          "supplier_id": "{{ $page.variables.DummyPostSupplierAddresses.data[0].supplier_id }}"
        },
        "body": "{{ $page.variables.DummyPostSupplierAddresses.data[0] }}"
      },
      "outcomes": {
        "failure": "if4"
      }
    },
    "assignVariablesDummyPostSupplierAddresses3": {
      "module": "vb/action/builtin/assignVariablesAction",
      "parameters": {
        "$page.variables.DummyPostSupplierAddresses": {
          "auto": "always",
          "source": {
            "data": [
              {
                "creation_date": "{{ $page.variables.SystemDate }}",
                "last_update_date": "{{ $page.variables.SystemDate }}",
                "last_updated_by": "{{ $application.user.username }}",
                "created_by": "{{ $application.user.username }}",
                "supplier_id": "{{ $page.variables.getSupplierToUpdateVar.SupplierId }}",
                "request_id": "{{ $page.variables.requestId }}",
                "action_requested": "{{ $current.data.action_requested }}",
                "address_line1": "{{ $current.data.address_line1 }}",
                "address_line2": "{{ $current.data.address_line2 }}",
                "address_line3": "{{ $current.data.address_line3 }}",
                "address_name": "{{ $current.data.address_name }}",
                "address_purpose_remit_to_flag": "{{ $current.data.address_purpose_remit_to_flag }}",
                "city": "{{ $current.data.city }}",
                "county": "{{ $current.data.county }}",
                "email": "{{ $current.data.email }}",
                "fax_area_code": "{{ $current.data.fax_area_code }}",
                "fax_country_code": "{{ $current.data.fax_country_code }}",
                "fax_number": "{{ $current.data.fax_number }}",
                "floor_number": "{{ $current.data.floor_number }}",
                "phone_area_code": "{{ $current.data.phone_area_code }}",
                "phone_country_code": "{{ $current.data.phone_country_code }}",
                "phone_extension": "{{ $current.data.phone_extension }}",
                "phone_number": "{{ $current.data.phone_number }}",
                "postal_code": "{{ $current.data.postal_code }}",
                "postal_code_extension": "{{ $current.data.postal_code_extension }}",
                "province": "{{ $current.data.province }}",
                "re_address_line1": "{{ $current.data.re_address_line1 }}",
                "re_address_line2": "{{ $current.data.re_address_line2 }}",
                "re_address_line3": "{{ $current.data.re_address_line3 }}",
                "re_address_name": "{{ $current.data.re_address_name }}",
                "re_address_purpose_remit_to_flag": "{{ $current.data.re_address_purpose_remit_to_flag }}",
                "re_addressee": "{{ $current.data.re_addressee }}",
                "re_building": "{{ $current.data.re_building }}",
                "re_city": "{{ $current.data.re_city }}",
                "re_country": "{{ $current.data.re_country }}",
                "re_county": "{{ $current.data.re_county }}",
                "re_email": "{{ $current.data.re_email }}",
                "re_fax_area_code": "{{ $current.data.re_fax_area_code }}",
                "re_fax_country_code": "{{ $current.data.re_fax_country_code }}",
                "re_fax_number": "{{ $current.data.re_fax_number }}",
                "re_floor_number": "{{ $current.data.re_floor_number }}",
                "re_phone_area_code": "{{ $current.data.re_phone_area_code }}",
                "re_phone_country_code": "{{ $current.data.re_phone_country_code }}",
                "re_phone_extension": "{{ $current.data.re_phone_extension }}",
                "re_phone_number": "{{ $current.data.re_phone_number }}",
                "re_postal_code": "{{ $current.data.re_postal_code }}",
                "re_postal_code_extension": "{{ $current.data.re_postal_code_extension }}",
                "re_province": "{{ $current.data.re_province }}",
                "re_state": "{{ $current.data.re_state }}",
                "state": "{{ $current.data.state }}",
                "supplier_address_id": "{{ $current.data.supplier_address_id }}",
                "country": "{{ $current.data.country }}",
                "record_status": "{{ \"INACTIVE\" }}"
              }
            ]
          },
          "reset": "none",
          "mapping": {
            "$target.data": {
              "source": "$source.data",
              "reset": "empty",
              "auto": "always"
            }
          }
        }
      },
      "outcomes": {
        "success": "callRestPutCfsSmfAddressTbl2"
      }
    },
    "if": {
      "module": "vb/action/builtin/ifAction",
      "parameters": {
        "condition": "[[ $chain.results.callRestPutCfsSmfAddressTbl.status == 503 ]]"
      },
      "outcomes": {
        "false": "fireNotification2",
        "true": "assignVariables2"
      }
    },
    "if3": {
      "module": "vb/action/builtin/ifAction",
      "parameters": {
        "condition": "[[ $chain.results.callRestPostCfsSmfAddressTbl.status == 503 ]]"
      },
      "outcomes": {
        "false": "fireNotification",
        "true": "assignVariables4"
      }
    },
    "if4": {
      "module": "vb/action/builtin/ifAction",
      "parameters": {
        "condition": "[[ $chain.results.callRestPutCfsSmfAddressTbl2.status == 503 ]]"
      },
      "outcomes": {
        "false": "fireNotification3",
        "true": "assignVariables3"
      }
    },
    "resetVariablesDummyPostSupplierAddresses5": {
      "module": "vb/action/builtin/resetVariablesAction",
      "parameters": {
        "variables": [
          "$page.variables.DummyPostSupplierAddresses",
          "$variables.reTry"
        ]
      },
      "outcomes": {
        "success": "assignVariablesDummyPostSupplierAddresses2"
      }
    },
    "assignVariables2": {
      "module": "vb/action/builtin/assignVariablesAction",
      "parameters": {
        "$variables.reTry": {
          "source": "{{ $variables.reTry+1 }}"
        }
      },
      "outcomes": {
        "success": "if2"
      }
    },
    "if2": {
      "module": "vb/action/builtin/ifAction",
      "parameters": {
        "condition": "[[ $variables.reTry==1 ]]"
      },
      "outcomes": {
        "true": "callFunctionWaitForNextCall3",
        "false": "fireNotification9"
      }
    },
    "assignVariables3": {
      "module": "vb/action/builtin/assignVariablesAction",
      "parameters": {
        "$variables.reTry": {
          "source": "{{ $variables.reTry+1 }}"
        }
      },
      "outcomes": {
        "success": "ifReTry"
      }
    },
    "assignVariables4": {
      "module": "vb/action/builtin/assignVariablesAction",
      "parameters": {
        "$variables.reTry": {
          "source": "{{ $variables.reTry+1 }}"
        }
      },
      "outcomes": {
        "success": "if5"
      }
    },
    "resetVariablesDummyPostSupplierAddresses4": {
      "module": "vb/action/builtin/resetVariablesAction",
      "parameters": {
        "variables": [
          "$page.variables.DummyPostSupplierAddresses",
          "$variables.reTry"
        ]
      },
      "outcomes": {
        "success": "assignVariablesDummyPostSupplierAddresses3"
      }
    },
    "if5": {
      "module": "vb/action/builtin/ifAction",
      "parameters": {
        "condition": "[[ $variables.reTry==1 ]]"
      },
      "outcomes": {
        "true": "callFunctionWaitForNextCall",
        "false": "fireNotification7"
      }
    },
    "ifReTry": {
      "module": "vb/action/builtin/ifAction",
      "parameters": {
        "condition": "[[ $variables.reTry==1 ]]"
      },
      "outcomes": {
        "true": "callFunctionWaitForNextCall4",
        "false": "fireNotification10"
      }
    },
    "fireNotification9": {
      "module": "vb/action/builtin/fireNotificationEventAction",
      "parameters": {
        "target": "leaf",
        "message": "[[ $page.variables.ATPErrorMessage ]]",
        "summary": "test"
      },
      "outcomes": {
        "success": "assignVariables8"
      }
    },
    "callFunctionWaitForNextCall4": {
      "module": "vb/action/builtin/callModuleFunctionAction",
      "parameters": {
        "module": "[[ $functions ]]",
        "functionName": "waitForNextCall"
      },
      "outcomes": {
        "success": "callRestPutCfsSmfAddressTbl2"
      }
    },
    "fireNotification10": {
      "module": "vb/action/builtin/fireNotificationEventAction",
      "parameters": {
        "target": "leaf",
        "message": "[[ $page.variables.ATPErrorMessage ]]",
        "summary": "test"
      },
      "outcomes": {
        "success": "assignVariables5"
      }
    },
    "callFunctionWaitForNextCall3": {
      "module": "vb/action/builtin/callModuleFunctionAction",
      "parameters": {
        "module": "[[ $functions ]]",
        "functionName": "waitForNextCall"
      },
      "outcomes": {
        "success": "callRestPutCfsSmfAddressTbl"
      }
    },
    "callFunctionWaitForNextCall": {
      "module": "vb/action/builtin/callModuleFunctionAction",
      "parameters": {
        "module": "[[ $functions ]]",
        "functionName": "waitForNextCall"
      },
      "outcomes": {
        "success": "callRestPostCfsSmfAddressTbl"
      }
    },
    "fireNotification7": {
      "module": "vb/action/builtin/fireNotificationEventAction",
      "parameters": {
        "target": "leaf",
        "message": "[[ $page.variables.ATPErrorMessage ]]",
        "summary": "test"
      },
      "outcomes": {
        "success": "assignVariables6"
      }
    },
    "assignVariables": {
      "module": "vb/action/builtin/assignVariablesAction",
      "parameters": {
        "$page.variables.ActionChainError": {
          "source": "{{ true }}"
        }
      },
      "outcomes": {
        "success": "return2"
      }
    },
    "return2": {
      "module": "vb/action/builtin/returnAction",
      "parameters": {
        "outcome": "success"
      }
    },
    "return4": {
      "module": "vb/action/builtin/returnAction",
      "parameters": {
        "outcome": "success"
      }
    },
    "assignVariables6": {
      "module": "vb/action/builtin/assignVariablesAction",
      "parameters": {
        "$page.variables.ActionChainError": {
          "source": "{{ true }}"
        }
      },
      "outcomes": {
        "success": "return4"
      }
    },
    "return5": {
      "module": "vb/action/builtin/returnAction",
      "parameters": {
        "outcome": "success"
      }
    },
    "assignVariables5": {
      "module": "vb/action/builtin/assignVariablesAction",
      "parameters": {
        "$page.variables.ActionChainError": {
          "source": "{{ true }}"
        }
      },
      "outcomes": {
        "success": "return5"
      }
    },
    "return6": {
      "module": "vb/action/builtin/returnAction",
      "parameters": {
        "outcome": "success"
      }
    },
    "assignVariables7": {
      "module": "vb/action/builtin/assignVariablesAction",
      "parameters": {
        "$page.variables.ActionChainError": {
          "source": "{{ true }}"
        }
      },
      "outcomes": {
        "success": "return6"
      }
    },
    "return7": {
      "module": "vb/action/builtin/returnAction",
      "parameters": {
        "outcome": "success"
      }
    },
    "return8": {
      "module": "vb/action/builtin/returnAction",
      "parameters": {
        "outcome": "success"
      }
    },
    "assignVariables8": {
      "module": "vb/action/builtin/assignVariablesAction",
      "parameters": {
        "$page.variables.ActionChainError": {
          "source": "{{ true }}"
        }
      },
      "outcomes": {
        "success": "return8"
      }
    },
    "assignVariables9": {
      "module": "vb/action/builtin/assignVariablesAction",
      "parameters": {
        "$page.variables.ActionChainError": {
          "source": "{{ true }}"
        }
      },
      "outcomes": {
        "success": "return7"
      }
    }
  },
  "variables": {
    "reTry": {
      "type": "number",
      "defaultValue": 0
    }
  }
}