{
  "root": "callRestGetSuppliersSupplierIdChildContacts",
  "description": "",
  "actions": {
    "fireNotification": {
      "module": "vb/action/builtin/fireNotificationEventAction",
      "parameters": {
        "target": "leaf",
        "summary": "Get Supplier Contacts: Failed",
        "type": "error",
        "displayMode": "persist",
        "message": "Failed to load Supplier Contacts"
      }
    },
    "if": {
      "module": "vb/action/builtin/ifAction",
      "parameters": {
        "condition": "[[ $chain.results.callRestGetSuppliersSupplierIdChildContacts.body.hasMore ]]"
      },
      "outcomes": {
        "true": "assignVariablesOffsetVarContacts",
        "false": "return"
      }
    },
    "return": {
      "module": "vb/action/builtin/returnAction",
      "parameters": {
        "outcome": "success"
      }
    },
    "callRestGetSuppliersSupplierIdChildContacts": {
      "module": "vb/action/builtin/restAction",
      "parameters": {
        "endpoint": "oracleEndpoints/getSuppliersSupplierIdChildContacts",
        "uriParams": {
          "SupplierId": "{{ $page.variables.getSupplierToUpdateVar.SupplierId }}",
          "offset": "{{ $page.variables.offsetVarContacts }}",
          "limit": "25"
        }
      },
      "outcomes": {
        "failure": "fireNotification",
        "success": "assignVariablesGetSupplierContacts"
      }
    },
    "assignVariablesGetSupplierContacts": {
      "module": "vb/action/builtin/assignVariablesAction",
      "parameters": {
        "$page.variables.getSupplierContacts": {
          "source": {
            "data": "{{ $chain.results.callRestGetSuppliersSupplierIdChildContacts.body.items }}"
          },
          "reset": "none",
          "auto": "always"
        }
      },
      "outcomes": {
        "success": "if"
      }
    },
    "callChainRecursiveSupplierContactsREST": {
      "module": "vb/action/builtin/callChainAction",
      "parameters": {
        "id": "recursiveSupplierContactsREST"
      }
    },
    "assignVariablesOffsetVarContacts": {
      "module": "vb/action/builtin/assignVariablesAction",
      "parameters": {
        "$page.variables.offsetVarContacts": {
          "source": "{{ $page.variables.offsetVarContacts+25 }}"
        }
      },
      "outcomes": {
        "success": "callChainRecursiveSupplierContactsREST"
      }
    }
  }
}