{
  "description": "",
  "root": "resetVariablesDummyPostAccounts1",
  "actions": {

    "forEachInPostAccounts": {
      "module": "vb/action/builtin/forEachAction",
      "parameters": {
        "items": "{{ $page.variables.postAccounts.data }}",
        "actionId": "ifKey"
      },
      "outcomes": {
        "success": "resetVariablesPostAccounts"
      }
    },
    "assignVariablesDummyPostAccounts1": {
      "module": "vb/action/builtin/assignVariablesAction",
      "parameters": {
        "$page.variables.DummyPostAccounts1": {
          "source": {
              "data": "{{ $current.data }}"
            },
          "reset": "none",
          "auto": "always"
        }
      }
    },
    "resetVariablesPostAccounts": {
      "module": "vb/action/builtin/resetVariablesAction",
      "parameters": {
        "variables": [
          "$page.variables.postAccounts"
        ]
      },
      "outcomes": {
        "success": "assignVariablesPostAccounts"
      }
    },
    "assignVariablesPostAccounts": {
      "module": "vb/action/builtin/assignVariablesAction",
      "parameters": {
        "$page.variables.postAccounts": {
          "source": {
            "data": "{{ $page.variables.DummyPostAccounts1.data }}"
          },
          "reset": "none",
          "auto": "always"
        }
      },
      "outcomes": {
        "success": "fireDataProviderEventPostAccounts"
      }
    },
    "assignVariablesDummyPostAccountsDeleteBackup": {
      "module": "vb/action/builtin/assignVariablesAction",
      "parameters": {
        "$page.variables.DummyPostAccountsDeleteBackup": {
          "source": {
            "data": "{{ $current.data }}"
          },
          "reset": "none",
          "auto": "always"
        }
      },
      "outcomes": {
        "success": "ifRequestStatus"
      }
    },
    "fireDataProviderEventPostAccounts": {
      "module": "vb/action/builtin/fireDataProviderEventAction",
      "parameters": {
        "refresh": null,
        "target": "[[ $page.variables.postAccounts ]]"
      }
    },
    "ifKey": {
      "module": "vb/action/builtin/ifAction",
      "parameters": {
        "condition": "[[ $current.data.account_id==$variables.key ]]"
      },
      "outcomes": {
        "false": "assignVariablesDummyPostAccounts1",
        "true": "assignVariablesDummyPostAccountsDeleteBackup"
      }
    },
    "resetVariablesDummyPostAccounts1": {
      "module": "vb/action/builtin/resetVariablesAction",
      "parameters": {
        "variables": [
          "$page.variables.DummyPostAccounts1"
        ]
      },
      "outcomes": {
        "success": "forEachInPostAccounts"
      }
    },
    "ifRequestStatus": {
      "module": "vb/action/builtin/ifAction",
      "parameters": {
        "condition": "[[ $page.variables.requestStatus==\"More Information Requested\" && $current.data.record_status == \"ACTIVE\" ]]"
      },
      "outcomes": {
        "true": "assignVariablesInactivateBankAccounts"
      }
    },
    "assignVariablesInactivateBankAccounts": {
      "module": "vb/action/builtin/assignVariablesAction",
      "parameters": {
        "$page.variables.InactivateBankAccounts": {
          "source": {
            "data": "{{ $current.data }}"
          },
          "reset": "none",
          "auto": "always"
        }
      }
    }
  },
  "variables": {
    "key": {
      "required": true,
      "type": "any",
      "input": "fromCaller"
    },
    "index": {
      "required": true,
      "type": "number",
      "input": "fromCaller"
    },
    "current": {
      "required": true,
      "type": "any",
      "input": "fromCaller"
    }
  }
}