{
  "description": "",
  "root": "resetVariablesSearchPhoneCountryVar3",
  "actions": {
    "callFunctionOpenDialogFunc": {
      "module": "vb/action/builtin/callModuleFunctionAction",
      "parameters": {
        "module": "[[ $functions ]]",
        "functionName": "openDialogFunc",
        "params": [
          "{{ \"#PhoneCountryPopup3\" }}"
        ]
      }
    },
    "resetVariablesSearchPhoneCountryVar3": {
      "module": "vb/action/builtin/resetVariablesAction",
      "parameters": {
        "variables": [
          "$page.variables.SearchPhoneCountryVar3",
          "$page.variables.getHcmPhoneCountryCodeADP3"
        ]
      },
      "outcomes": {
        "success": "callFunctionOpenDialogFunc"
      }
    }
  },
  "variables": {
    "value": {
      "required": true,
      "type": "any",
      "input": "fromCaller"
    }
  }
}