{
    "items": [],
    "hasMore": false,
    "limit": 0,
    "offset": 0,
    "count": 0,
    "links": [
        {
            "rel": "self",
            "href": "https://geaf59a9f800a70-cfsatpdev.adb.us-ashburn-1.oraclecloudapps.com/ords/extensions/cfs_extensions/get_supplier_address_updates/10000000316"
        },
        {
            "rel": "describedby",
            "href": "https://geaf59a9f800a70-cfsatpdev.adb.us-ashburn-1.oraclecloudapps.com/ords/extensions/metadata-catalog/cfs_extensions/get_supplier_address_updates/item"
        }
    ]
}