<MigrationProcessCSVMetadataVO>
   <MigrationProcessCSVMetadataVORow>
      <ProcessId>-999</ProcessId>
      <ProcessName>Manage Common Lookups_20230621_094049_003</ProcessName>
      <ProcessDescription>Manage Common Lookups_20230621_094049_003</ProcessDescription>
      <ProcessDate>2023-06-21 09:43:28.779</ProcessDate>
      <ObjectShortName>FND_MANAGE_COMMON_LOOKUPS</ObjectShortName>
      <ObjectType>TASK</ObjectType>
      <CreatedByFlow>TASK_CSV_SERVICE</CreatedByFlow>
      <MigrationProcessBusinessObjectCSVMetadata1>
         <MigrationProcessBusinessObjectCSVMetadataVORow>
            <ProcessId>-999</ProcessId>
            <BusinessObjectShortName>FND_APP_COMMON_LOOKUP</BusinessObjectShortName>
            <BatchName>de67aa13-1cc2-425a-b64a-b9ccd852fa46/FND_APP_COMMON_LOOKUP/CommonLookupType1</BatchName>
            <XmlAttributeList>LookupType,Meaning,Description,CreatedBy,CreationDate,LastUpdatedBy,LastUpdateDate,LastUpdateLogin,ModuleId,CustomizationLevel,RestAccessSecured</XmlAttributeList>
            <XmlAttributeTypeList>string,string,string,string,dateTime,string,dateTime,string,string,string,string</XmlAttributeTypeList>
            <XmlNodePath>/CommonLookupType1VO/CommonLookupType1VORow</XmlNodePath>
            <NodeSequence>1</NodeSequence>
         </MigrationProcessBusinessObjectCSVMetadataVORow>
         <MigrationProcessBusinessObjectCSVMetadataVORow>
            <ProcessId>-999</ProcessId>
            <BusinessObjectShortName>ORA_FND_APP_COMMON_LOOKUP_CODE</BusinessObjectShortName>
            <BatchName>de67aa13-1cc2-425a-b64a-b9ccd852fa46/FND_APP_COMMON_LOOKUP/CommonLookupType1</BatchName>
            <XmlAttributeList>LookupCode,Meaning,Description,EnabledFlag,StartDateActive,EndDateActive,DisplaySequence,CreatedBy,CreationDate,LastUpdatedBy,LastUpdateDate,LastUpdateLogin,Tag</XmlAttributeList>
            <XmlAttributeTypeList>string,string,string,string,date,date,long,string,dateTime,string,dateTime,string,string</XmlAttributeTypeList>
            <XmlNodePath>/CommonLookupType1VO/CommonLookupType1VORow/CommonLookup1VO/CommonLookup1VORow</XmlNodePath>
            <NodeSequence>2</NodeSequence>
         </MigrationProcessBusinessObjectCSVMetadataVORow>
      </MigrationProcessBusinessObjectCSVMetadata1>
      <MigrationProcessBatchCSVMetadata>
         <MigrationProcessBatchCSVMetadataVORow>
            <ProcessId>-999</ProcessId>
            <BatchName>de67aa13-1cc2-425a-b64a-b9ccd852fa46/FND_APP_COMMON_LOOKUP/CommonLookupType1</BatchName>
            <ImportSequence>0</ImportSequence>
            <ServiceName>oracle.apps.fnd.applcore.lookups.webservice.LookupWS</ServiceName>
            <BatchSize>500</BatchSize>
         </MigrationProcessBatchCSVMetadataVORow>
      </MigrationProcessBatchCSVMetadata>
      <MigrationProcessScopeValueCSVMetadata>
         <MigrationProcessScopeValueCSVMetadataVORow>
            <ProcessId>-999</ProcessId>
            <MigScopeValueSetId>100001491936205</MigScopeValueSetId>
            <BusinessObjectShortName>FND_APP_COMMON_LOOKUP</BusinessObjectShortName>
            <ScopeValueBoAttributeId>mode</ScopeValueBoAttributeId>
            <ScopeValueBoAttributeValue>search</ScopeValueBoAttributeValue>
            <ScopeValueBoAttributeValueCode>search</ScopeValueBoAttributeValueCode>
         </MigrationProcessScopeValueCSVMetadataVORow>
      </MigrationProcessScopeValueCSVMetadata>
      <MigrationProcessMigrationObjectCSVMetadata>
         <MigrationProcessMigrationObjectCSVMetadataVORow>
            <ProcessId>-999</ProcessId>
            <BusinessObjectShortName>FND_APP_COMMON_LOOKUP</BusinessObjectShortName>
            <MigrateFlag>Y</MigrateFlag>
            <IncludeExternalDataFlag>Y</IncludeExternalDataFlag>
         </MigrationProcessMigrationObjectCSVMetadataVORow>
      </MigrationProcessMigrationObjectCSVMetadata>
      <MigrationProcessTaskCSVMetadata null="true"/>
      <MigrationProcessServiceVersionCSVMetadata null="true"/>
   </MigrationProcessCSVMetadataVORow>
</MigrationProcessCSVMetadataVO>