"FND_APP_COMMON_LOOKUP.LookupType","LookupCode","Meaning","Description","EnabledFlag","StartDateActive","EndDateActive","DisplaySequence","CreatedBy","CreationDate","LastUpdatedBy","LastUpdateDate","LastUpdateLogin","Tag"
"ORA_PER_UNION_CODE","GSE_AFSCME_UNION","American Federation of State County and Municipal Employees","American Federation of State County and Municipal Employees","Y","2010/01/01","4712/12/31","1","CUSTOMIZED_USER","2020/03/30 16:01:38.233","CUSTOMIZED_USER","2020/03/30 16:03:27.49","A214F0343CA79B8DE053B090DF0A5175","+US"
"ORA_PER_UNION_CODE","GSE_FOP_UNION","Fraternal Order of Police","Fraternal Order of Police","Y","2010/01/01","4712/12/31","1","CUSTOMIZED_USER","2020/03/30 16:02:34.496","CUSTOMIZED_USER","2020/03/30 16:03:27.646","A214F0343CA79B8DE053B090DF0A5175","+US"
"ORA_PER_UNION_CODE","GSE_IAFF_UNION","International Association of Firefighters","International Association of Firefighters","Y","2010/01/01","4712/12/31","1","CUSTOMIZED_USER","2020/03/30 16:01:12.173","CUSTOMIZED_USER","2020/03/30 16:03:27.396","A214F0343CA79B8DE053B090DF0A5175","+US"
"ORA_PER_UNION_CODE","GSE_MFG_UNION","Manufacturing Union","Manufacturing Union","Y","1901/01/01","4712/12/31","1","CUSTOMIZED_USER","2015/08/07 03:29:35.0","CUSTOMIZED_USER","2015/08/07 03:30:32.788","1CAF54D90F430FBDE0536204548CED59",""
"ORA_PER_UNION_CODE","GSE_MFG_UNN_GM","Manufacturing GM Union","Manufacturing GM Union","Y","1901/01/01","4712/12/31","1","CUSTOMIZED_USER","2017/10/23 22:37:19.702","CUSTOMIZED_USER","2017/10/23 22:38:07.414","5C3F2E9CF5092C40E0538DADFD0A8DB3",""
"ORA_PER_UNION_CODE","GSE_NEA_UNION","National Education Association","National Education Association","Y","2010/01/01","4712/12/31","1","CUSTOMIZED_USER","2020/03/30 16:00:50.0","CUSTOMIZED_USER","2020/03/30 16:03:27.227","A214F0343CA79B8DE053B090DF0A5175","+US"
"ORA_PER_UNION_CODE","GSE_SEIU_UNION","Service Employees International Union","Service Employees International Union","Y","2010/01/01","4712/12/31","1","CUSTOMIZED_USER","2020/03/30 16:02:56.084","CUSTOMIZED_USER","2020/03/30 16:03:27.729","A214F0343CA79B8DE053B090DF0A5175","+US"
"ORA_PER_UNION_CODE","GSE_US_FCW","Food & Commercial Workers Union ","Food & Commercial Workers Union ","Y","1901/01/01","4712/12/31","3","CUSTOMIZED_USER","2017/10/13 19:26:49.932","CUSTOMIZED_USER","2017/10/13 19:27:38.275","5B68B4F9BEDD7DE0E0538DADFD0ADF43",""
"ORA_PER_UNION_CODE","GSE_US_HC_UNION","N California ER Nurses Union","N California ER Nurses Union","Y","1901/01/01","4712/12/31","2","CUSTOMIZED_USER","2017/10/13 19:25:52.0","CUSTOMIZED_USER","2017/10/13 19:27:38.231","5B68B4F9BEDD7DE0E0538DADFD0ADF43",""
