<MigrationProcessCSVMetadataVO>
   <MigrationProcessCSVMetadataVORow>
      <ProcessId>-999</ProcessId>
      <ProcessName>Manage Business Unit_20220307_063124_928</ProcessName>
      <ProcessDescription>Manage Business Unit_20220307_063124_928</ProcessDescription>
      <ProcessDate>2022-03-07 18:32:06.176</ProcessDate>
      <ObjectShortName>FUN_MANAGE_BUSINESS_UNIT</ObjectShortName>
      <ObjectType>TASK</ObjectType>
      <CreatedByFlow>TASK_CSV_SERVICE</CreatedByFlow>
      <MigrationProcessBusinessObjectCSVMetadata1>
         <MigrationProcessBusinessObjectCSVMetadataVORow>
            <ProcessId>-999</ProcessId>
            <BusinessObjectShortName>FUN_BUSINESS_UNIT</BusinessObjectShortName>
            <BatchName null="true"/>
            <XmlAttributeList>Name,Status,InternalLocationCode,ManagerListName,LegalEntityName,PrimaryLedgerName,DefaultSetCode,FinancialBUShortCode,DefaultCurrencyCode,LastUpdatedBy,LastUpdateDate,LastUpdateLogin,CreatedBy,CreationDate,Classification,EffectiveStartDate,EffectiveEndDate,OrgInformationContext,ClassificationCode,OrganizationCode,LocationSetCode,ProfitCenterFlag,PersonNumber,EffectiveStartDate3,EffectiveEndDate3,FirstName,LastName,MiddleNames</XmlAttributeList>
            <XmlAttributeTypeList>string,string,string,string,string,string,string,string,string,string,dateTime,string,string,dateTime,string,date,date,string,string,string,string,string,string,date,date,string,string,string</XmlAttributeTypeList>
            <XmlNodePath>/BusinessUnitVO/BusinessUnitVORow</XmlNodePath>
            <NodeSequence>2</NodeSequence>
         </MigrationProcessBusinessObjectCSVMetadataVORow>
         <MigrationProcessBusinessObjectCSVMetadataVORow>
            <ProcessId>-999</ProcessId>
            <BusinessObjectShortName>FUN_BU_SERVICE_PROVIDERS</BusinessObjectShortName>
            <BatchName null="true"/>
            <XmlAttributeList>UpstreamFunctionId,DownstreamFunctionId,AnyProvidersFlag,ActiveFlag,CreatedBy,CreationDate,LastUpdatedBy,LastUpdateDate,LastUpdateLogin,SysEffectiveDate,ClientClassificationCode,ClientEffectiveStartDate,ClientEffectiveEndDate,ClientOrganizationCode,ProviderClassificationCode,ProviderEffectiveStartDate,ProviderEffectiveEndDate,ProviderOrganizationCode,ClientBuName,ProviderBuName</XmlAttributeList>
            <XmlAttributeTypeList>long,long,string,string,string,dateTime,string,dateTime,string,date,string,date,date,string,string,date,date,string,string,string</XmlAttributeTypeList>
            <XmlNodePath>/BUServiceProviderVO/BUServiceProviderVORow</XmlNodePath>
            <NodeSequence>4</NodeSequence>
         </MigrationProcessBusinessObjectCSVMetadataVORow>
         <MigrationProcessBusinessObjectCSVMetadataVORow>
            <ProcessId>-999</ProcessId>
            <BusinessObjectShortName>LE_1214416713655</BusinessObjectShortName>
            <BatchName null="true"/>
            <XmlAttributeList>CreatedBy,CreationDate,DeterminantType,LastUpdateDate,LastUpdateLogin,LastUpdatedBy,ReferenceGroupName,SetCode,SysEffectiveDate,ClassificationCode,EffectiveStartDate,EffectiveEndDate,OrganizationCode,Name</XmlAttributeList>
            <XmlAttributeTypeList>string,dateTime,string,dateTime,string,string,string,string,date,string,date,date,string,string</XmlAttributeTypeList>
            <XmlNodePath>/BUSetIdAssignmentsVO/BUSetIdAssignmentsVORow</XmlNodePath>
            <NodeSequence>1</NodeSequence>
         </MigrationProcessBusinessObjectCSVMetadataVORow>
         <MigrationProcessBusinessObjectCSVMetadataVORow>
            <ProcessId>-999</ProcessId>
            <BusinessObjectShortName>FUN_BU_USAGE</BusinessObjectShortName>
            <BatchName null="true"/>
            <XmlAttributeList>ModuleId,ConfigurationStatus,CreatedBy,CreationDate,LastUpdatedBy,LastUpdateDate,LastUpdateLogin</XmlAttributeList>
            <XmlAttributeTypeList>long,string,string,dateTime,string,dateTime,string</XmlAttributeTypeList>
            <XmlNodePath>/BusinessUnitVO/BusinessUnitVORow/BusinessUnitUsage/BusinessUnitUsageVORow</XmlNodePath>
            <NodeSequence>3</NodeSequence>
         </MigrationProcessBusinessObjectCSVMetadataVORow>
      </MigrationProcessBusinessObjectCSVMetadata1>
      <MigrationProcessBatchCSVMetadata null="true"/>
      <MigrationProcessScopeValueCSVMetadata null="true"/>
      <MigrationProcessMigrationObjectCSVMetadata>
         <MigrationProcessMigrationObjectCSVMetadataVORow>
            <ProcessId>-999</ProcessId>
            <BusinessObjectShortName>FUN_BUSINESS_UNIT</BusinessObjectShortName>
            <MigrateFlag>Y</MigrateFlag>
            <IncludeExternalDataFlag>Y</IncludeExternalDataFlag>
         </MigrationProcessMigrationObjectCSVMetadataVORow>
      </MigrationProcessMigrationObjectCSVMetadata>
      <MigrationProcessTaskCSVMetadata null="true"/>
      <MigrationProcessServiceVersionCSVMetadata null="true"/>
   </MigrationProcessCSVMetadataVORow>
</MigrationProcessCSVMetadataVO>