"FF_FORMULA.FormulaName","FF_FORMULA.EffectiveStartDate","FF_FORMULA.EffectiveEndDate","FF_FORMULA.LegislativeDataGroupName","FF_FORMULA.FormulaTypeName","FF_FORMULA.LegislationCode","ViewInstanceName","GroupingKey","Description","FormulaName","Language","SourceLang","LegislativeDataGroupName","BaseFormulaName","FormulaId","LegislativeDataGroupId"
"EXT_ASSIGNMENTS_RECORD300000189455050_300000189455050","2000/01/01","4712/12/31","","Extract Record","","FormulaTranslation","EXT_ASSIGNMENTS_RECORD300000189455050_300000189455050,null","","EXT_ASSIGNMENTS_RECORD300000189455050_300000189455050","AR","US","","EXT_ASSIGNMENTS_RECORD300000189455050_300000189455050","","#null"
"EXT_ASSIGNMENTS_RECORD300000189455050_300000189455050","2000/01/01","4712/12/31","","Extract Record","","FormulaTranslation","EXT_ASSIGNMENTS_RECORD300000189455050_300000189455050,null","","EXT_ASSIGNMENTS_RECORD300000189455050_300000189455050","CS","US","","EXT_ASSIGNMENTS_RECORD300000189455050_300000189455050","","#null"
"EXT_ASSIGNMENTS_RECORD300000189455050_300000189455050","2000/01/01","4712/12/31","","Extract Record","","FormulaTranslation","EXT_ASSIGNMENTS_RECORD300000189455050_300000189455050,null","","EXT_ASSIGNMENTS_RECORD300000189455050_300000189455050","D","US","","EXT_ASSIGNMENTS_RECORD300000189455050_300000189455050","","#null"
"EXT_ASSIGNMENTS_RECORD300000189455050_300000189455050","2000/01/01","4712/12/31","","Extract Record","","FormulaTranslation","EXT_ASSIGNMENTS_RECORD300000189455050_300000189455050,null","","EXT_ASSIGNMENTS_RECORD300000189455050_300000189455050","DK","US","","EXT_ASSIGNMENTS_RECORD300000189455050_300000189455050","","#null"
"EXT_ASSIGNMENTS_RECORD300000189455050_300000189455050","2000/01/01","4712/12/31","","Extract Record","","FormulaTranslation","EXT_ASSIGNMENTS_RECORD300000189455050_300000189455050,null","","EXT_ASSIGNMENTS_RECORD300000189455050_300000189455050","E","US","","EXT_ASSIGNMENTS_RECORD300000189455050_300000189455050","","#null"
"EXT_ASSIGNMENTS_RECORD300000189455050_300000189455050","2000/01/01","4712/12/31","","Extract Record","","FormulaTranslation","EXT_ASSIGNMENTS_RECORD300000189455050_300000189455050,null","","EXT_ASSIGNMENTS_RECORD300000189455050_300000189455050","F","US","","EXT_ASSIGNMENTS_RECORD300000189455050_300000189455050","","#null"
"EXT_ASSIGNMENTS_RECORD300000189455050_300000189455050","2000/01/01","4712/12/31","","Extract Record","","FormulaTranslation","EXT_ASSIGNMENTS_RECORD300000189455050_300000189455050,null","","EXT_ASSIGNMENTS_RECORD300000189455050_300000189455050","FRC","US","","EXT_ASSIGNMENTS_RECORD300000189455050_300000189455050","","#null"
"EXT_ASSIGNMENTS_RECORD300000189455050_300000189455050","2000/01/01","4712/12/31","","Extract Record","","FormulaTranslation","EXT_ASSIGNMENTS_RECORD300000189455050_300000189455050,null","","EXT_ASSIGNMENTS_RECORD300000189455050_300000189455050","HU","US","","EXT_ASSIGNMENTS_RECORD300000189455050_300000189455050","","#null"
"EXT_ASSIGNMENTS_RECORD300000189455050_300000189455050","2000/01/01","4712/12/31","","Extract Record","","FormulaTranslation","EXT_ASSIGNMENTS_RECORD300000189455050_300000189455050,null","","EXT_ASSIGNMENTS_RECORD300000189455050_300000189455050","I","US","","EXT_ASSIGNMENTS_RECORD300000189455050_300000189455050","","#null"
"EXT_ASSIGNMENTS_RECORD300000189455050_300000189455050","2000/01/01","4712/12/31","","Extract Record","","FormulaTranslation","EXT_ASSIGNMENTS_RECORD300000189455050_300000189455050,null","","EXT_ASSIGNMENTS_RECORD300000189455050_300000189455050","IW","US","","EXT_ASSIGNMENTS_RECORD300000189455050_300000189455050","","#null"
"EXT_ASSIGNMENTS_RECORD300000189455050_300000189455050","2000/01/01","4712/12/31","","Extract Record","","FormulaTranslation","EXT_ASSIGNMENTS_RECORD300000189455050_300000189455050,null","","EXT_ASSIGNMENTS_RECORD300000189455050_300000189455050","JA","US","","EXT_ASSIGNMENTS_RECORD300000189455050_300000189455050","","#null"
"EXT_ASSIGNMENTS_RECORD300000189455050_300000189455050","2000/01/01","4712/12/31","","Extract Record","","FormulaTranslation","EXT_ASSIGNMENTS_RECORD300000189455050_300000189455050,null","","EXT_ASSIGNMENTS_RECORD300000189455050_300000189455050","KO","US","","EXT_ASSIGNMENTS_RECORD300000189455050_300000189455050","","#null"
"EXT_ASSIGNMENTS_RECORD300000189455050_300000189455050","2000/01/01","4712/12/31","","Extract Record","","FormulaTranslation","EXT_ASSIGNMENTS_RECORD300000189455050_300000189455050,null","","EXT_ASSIGNMENTS_RECORD300000189455050_300000189455050","N","US","","EXT_ASSIGNMENTS_RECORD300000189455050_300000189455050","","#null"
"EXT_ASSIGNMENTS_RECORD300000189455050_300000189455050","2000/01/01","4712/12/31","","Extract Record","","FormulaTranslation","EXT_ASSIGNMENTS_RECORD300000189455050_300000189455050,null","","EXT_ASSIGNMENTS_RECORD300000189455050_300000189455050","NL","US","","EXT_ASSIGNMENTS_RECORD300000189455050_300000189455050","","#null"
"EXT_ASSIGNMENTS_RECORD300000189455050_300000189455050","2000/01/01","4712/12/31","","Extract Record","","FormulaTranslation","EXT_ASSIGNMENTS_RECORD300000189455050_300000189455050,null","","EXT_ASSIGNMENTS_RECORD300000189455050_300000189455050","PL","US","","EXT_ASSIGNMENTS_RECORD300000189455050_300000189455050","","#null"
"EXT_ASSIGNMENTS_RECORD300000189455050_300000189455050","2000/01/01","4712/12/31","","Extract Record","","FormulaTranslation","EXT_ASSIGNMENTS_RECORD300000189455050_300000189455050,null","","EXT_ASSIGNMENTS_RECORD300000189455050_300000189455050","PTB","US","","EXT_ASSIGNMENTS_RECORD300000189455050_300000189455050","","#null"
"EXT_ASSIGNMENTS_RECORD300000189455050_300000189455050","2000/01/01","4712/12/31","","Extract Record","","FormulaTranslation","EXT_ASSIGNMENTS_RECORD300000189455050_300000189455050,null","","EXT_ASSIGNMENTS_RECORD300000189455050_300000189455050","RO","US","","EXT_ASSIGNMENTS_RECORD300000189455050_300000189455050","","#null"
"EXT_ASSIGNMENTS_RECORD300000189455050_300000189455050","2000/01/01","4712/12/31","","Extract Record","","FormulaTranslation","EXT_ASSIGNMENTS_RECORD300000189455050_300000189455050,null","","EXT_ASSIGNMENTS_RECORD300000189455050_300000189455050","RU","US","","EXT_ASSIGNMENTS_RECORD300000189455050_300000189455050","","#null"
"EXT_ASSIGNMENTS_RECORD300000189455050_300000189455050","2000/01/01","4712/12/31","","Extract Record","","FormulaTranslation","EXT_ASSIGNMENTS_RECORD300000189455050_300000189455050,null","","EXT_ASSIGNMENTS_RECORD300000189455050_300000189455050","S","US","","EXT_ASSIGNMENTS_RECORD300000189455050_300000189455050","","#null"
"EXT_ASSIGNMENTS_RECORD300000189455050_300000189455050","2000/01/01","4712/12/31","","Extract Record","","FormulaTranslation","EXT_ASSIGNMENTS_RECORD300000189455050_300000189455050,null","","EXT_ASSIGNMENTS_RECORD300000189455050_300000189455050","SF","US","","EXT_ASSIGNMENTS_RECORD300000189455050_300000189455050","","#null"
"EXT_ASSIGNMENTS_RECORD300000189455050_300000189455050","2000/01/01","4712/12/31","","Extract Record","","FormulaTranslation","EXT_ASSIGNMENTS_RECORD300000189455050_300000189455050,null","","EXT_ASSIGNMENTS_RECORD300000189455050_300000189455050","TH","US","","EXT_ASSIGNMENTS_RECORD300000189455050_300000189455050","","#null"
"EXT_ASSIGNMENTS_RECORD300000189455050_300000189455050","2000/01/01","4712/12/31","","Extract Record","","FormulaTranslation","EXT_ASSIGNMENTS_RECORD300000189455050_300000189455050,null","","EXT_ASSIGNMENTS_RECORD300000189455050_300000189455050","TR","US","","EXT_ASSIGNMENTS_RECORD300000189455050_300000189455050","","#null"
"EXT_ASSIGNMENTS_RECORD300000189455050_300000189455050","2000/01/01","4712/12/31","","Extract Record","","FormulaTranslation","EXT_ASSIGNMENTS_RECORD300000189455050_300000189455050,null","","EXT_ASSIGNMENTS_RECORD300000189455050_300000189455050","US","US","","EXT_ASSIGNMENTS_RECORD300000189455050_300000189455050","","#null"
"EXT_ASSIGNMENTS_RECORD300000189455050_300000189455050","2000/01/01","4712/12/31","","Extract Record","","FormulaTranslation","EXT_ASSIGNMENTS_RECORD300000189455050_300000189455050,null","","EXT_ASSIGNMENTS_RECORD300000189455050_300000189455050","ZHS","US","","EXT_ASSIGNMENTS_RECORD300000189455050_300000189455050","","#null"
"EXT_ASSIGNMENTS_RECORD300000189455050_300000189455050","2000/01/01","4712/12/31","","Extract Record","","FormulaTranslation","EXT_ASSIGNMENTS_RECORD300000189455050_300000189455050,null","","EXT_ASSIGNMENTS_RECORD300000189455050_300000189455050","ZHT","US","","EXT_ASSIGNMENTS_RECORD300000189455050_300000189455050","","#null"
