{
    "supplier_contact_address_id": 300000059693221,
    "supplier_contact_id": 300000059693206,
    "supplier_id": 300000042390398,
    "request_id": 1000000000001,
    "action_requested": null,
    "creation_date": null,
    "last_update_date": null,
    "created_by": null,
    "last_updated_by": null,
    "address_name": null,
    "email": null,
    "api_response": null,
    "record_status": null,
    "links": [
        {
            "rel": "self",
            "href": "https://geaf59a9f800a70-cfsatpdev.adb.us-ashburn-1.oraclecloudapps.com/ords/extensions/cfs_smf_contact_add_tbl/300000059693221,300000059693206,300000042390398,1000000000001"
        },
        {
            "rel": "edit",
            "href": "https://geaf59a9f800a70-cfsatpdev.adb.us-ashburn-1.oraclecloudapps.com/ords/extensions/cfs_smf_contact_add_tbl/300000059693221,300000059693206,300000042390398,1000000000001"
        },
        {
            "rel": "describedby",
            "href": "https://geaf59a9f800a70-cfsatpdev.adb.us-ashburn-1.oraclecloudapps.com/ords/extensions/metadata-catalog/cfs_smf_contact_add_tbl/item"
        },
        {
            "rel": "collection",
            "href": "https://geaf59a9f800a70-cfsatpdev.adb.us-ashburn-1.oraclecloudapps.com/ords/extensions/cfs_smf_contact_add_tbl/"
        }
    ]
}