{
    "supplier_site_id": 300000059981310,
    "supplier_id": 300000042390398,
    "request_id": 10000001601,
    "account_number": null,
    "allow_international_payments": null,
    "bank": null,
    "bank_branch": null,
    "country": null,
    "currency": null,
    "iban": null,
    "inactive_on": null,
    "primary_flag": null,
    "re_account_number": null,
    "re_allow_international_payments": null,
    "re_bank": null,
    "re_bank_branch": null,
    "re_country": null,
    "re_currency": null,
    "re_iban": null,
    "re_inactive_on": null,
    "re_primary_flag": null,
    "action_requested": null,
    "creation_date": null,
    "last_update_date": null,
    "created_by": null,
    "last_updated_by": null,
    "update_unpaid_invoices": null,
    "re_update_unpaid_invoices": null,
    "supplier_site": null,
    "account_id": "12345678911",
    "api_response": null,
    "bank_branch_id": null,
    "bank_id": null,
    "re_bank_id":null,
    "re_bank_branch_id":null
}