"FF_FORMULA.FormulaName","FF_FORMULA.EffectiveStartDate","FF_FORMULA.EffectiveEndDate","FF_FORMULA.LegislativeDataGroupName","FF_FORMULA.FormulaTypeName","FF_FORMULA.LegislationCode","ViewInstanceName","GroupingKey","Description","FormulaName","Language","SourceLang","LegislativeDataGroupName","BaseFormulaName","FormulaId","LegislativeDataGroupId"
"Holiday Pay HE_RESULT","1951/01/01","4712/12/31","University US Legislative Data Group","Oracle Payroll","","FormulaTranslation","HOLIDAY PAY HE_RESULT,University US Legislative Data Group","Result Fomrula","Holiday Pay HE_RESULT","AR","US","University US Legislative Data Group","HOLIDAY PAY HE_RESULT","",""
"Holiday Pay HE_RESULT","1951/01/01","4712/12/31","University US Legislative Data Group","Oracle Payroll","","FormulaTranslation","HOLIDAY PAY HE_RESULT,University US Legislative Data Group","Result Fomrula","Holiday Pay HE_RESULT","CS","US","University US Legislative Data Group","HOLIDAY PAY HE_RESULT","",""
"Holiday Pay HE_RESULT","1951/01/01","4712/12/31","University US Legislative Data Group","Oracle Payroll","","FormulaTranslation","HOLIDAY PAY HE_RESULT,University US Legislative Data Group","Result Fomrula","Holiday Pay HE_RESULT","D","US","University US Legislative Data Group","HOLIDAY PAY HE_RESULT","",""
"Holiday Pay HE_RESULT","1951/01/01","4712/12/31","University US Legislative Data Group","Oracle Payroll","","FormulaTranslation","HOLIDAY PAY HE_RESULT,University US Legislative Data Group","Result Fomrula","Holiday Pay HE_RESULT","DK","US","University US Legislative Data Group","HOLIDAY PAY HE_RESULT","",""
"Holiday Pay HE_RESULT","1951/01/01","4712/12/31","University US Legislative Data Group","Oracle Payroll","","FormulaTranslation","HOLIDAY PAY HE_RESULT,University US Legislative Data Group","Result Fomrula","Holiday Pay HE_RESULT","E","US","University US Legislative Data Group","HOLIDAY PAY HE_RESULT","",""
"Holiday Pay HE_RESULT","1951/01/01","4712/12/31","University US Legislative Data Group","Oracle Payroll","","FormulaTranslation","HOLIDAY PAY HE_RESULT,University US Legislative Data Group","Result Fomrula","Holiday Pay HE_RESULT","F","US","University US Legislative Data Group","HOLIDAY PAY HE_RESULT","",""
"Holiday Pay HE_RESULT","1951/01/01","4712/12/31","University US Legislative Data Group","Oracle Payroll","","FormulaTranslation","HOLIDAY PAY HE_RESULT,University US Legislative Data Group","Result Fomrula","Holiday Pay HE_RESULT","FRC","US","University US Legislative Data Group","HOLIDAY PAY HE_RESULT","",""
"Holiday Pay HE_RESULT","1951/01/01","4712/12/31","University US Legislative Data Group","Oracle Payroll","","FormulaTranslation","HOLIDAY PAY HE_RESULT,University US Legislative Data Group","Result Fomrula","Holiday Pay HE_RESULT","HU","US","University US Legislative Data Group","HOLIDAY PAY HE_RESULT","",""
"Holiday Pay HE_RESULT","1951/01/01","4712/12/31","University US Legislative Data Group","Oracle Payroll","","FormulaTranslation","HOLIDAY PAY HE_RESULT,University US Legislative Data Group","Result Fomrula","Holiday Pay HE_RESULT","I","US","University US Legislative Data Group","HOLIDAY PAY HE_RESULT","",""
"Holiday Pay HE_RESULT","1951/01/01","4712/12/31","University US Legislative Data Group","Oracle Payroll","","FormulaTranslation","HOLIDAY PAY HE_RESULT,University US Legislative Data Group","Result Fomrula","Holiday Pay HE_RESULT","IW","US","University US Legislative Data Group","HOLIDAY PAY HE_RESULT","",""
"Holiday Pay HE_RESULT","1951/01/01","4712/12/31","University US Legislative Data Group","Oracle Payroll","","FormulaTranslation","HOLIDAY PAY HE_RESULT,University US Legislative Data Group","Result Fomrula","Holiday Pay HE_RESULT","JA","US","University US Legislative Data Group","HOLIDAY PAY HE_RESULT","",""
"Holiday Pay HE_RESULT","1951/01/01","4712/12/31","University US Legislative Data Group","Oracle Payroll","","FormulaTranslation","HOLIDAY PAY HE_RESULT,University US Legislative Data Group","Result Fomrula","Holiday Pay HE_RESULT","KO","US","University US Legislative Data Group","HOLIDAY PAY HE_RESULT","",""
"Holiday Pay HE_RESULT","1951/01/01","4712/12/31","University US Legislative Data Group","Oracle Payroll","","FormulaTranslation","HOLIDAY PAY HE_RESULT,University US Legislative Data Group","Result Fomrula","Holiday Pay HE_RESULT","N","US","University US Legislative Data Group","HOLIDAY PAY HE_RESULT","",""
"Holiday Pay HE_RESULT","1951/01/01","4712/12/31","University US Legislative Data Group","Oracle Payroll","","FormulaTranslation","HOLIDAY PAY HE_RESULT,University US Legislative Data Group","Result Fomrula","Holiday Pay HE_RESULT","NL","US","University US Legislative Data Group","HOLIDAY PAY HE_RESULT","",""
"Holiday Pay HE_RESULT","1951/01/01","4712/12/31","University US Legislative Data Group","Oracle Payroll","","FormulaTranslation","HOLIDAY PAY HE_RESULT,University US Legislative Data Group","Result Fomrula","Holiday Pay HE_RESULT","PL","US","University US Legislative Data Group","HOLIDAY PAY HE_RESULT","",""
"Holiday Pay HE_RESULT","1951/01/01","4712/12/31","University US Legislative Data Group","Oracle Payroll","","FormulaTranslation","HOLIDAY PAY HE_RESULT,University US Legislative Data Group","Result Fomrula","Holiday Pay HE_RESULT","PTB","US","University US Legislative Data Group","HOLIDAY PAY HE_RESULT","",""
"Holiday Pay HE_RESULT","1951/01/01","4712/12/31","University US Legislative Data Group","Oracle Payroll","","FormulaTranslation","HOLIDAY PAY HE_RESULT,University US Legislative Data Group","Result Fomrula","Holiday Pay HE_RESULT","RO","US","University US Legislative Data Group","HOLIDAY PAY HE_RESULT","",""
"Holiday Pay HE_RESULT","1951/01/01","4712/12/31","University US Legislative Data Group","Oracle Payroll","","FormulaTranslation","HOLIDAY PAY HE_RESULT,University US Legislative Data Group","Result Fomrula","Holiday Pay HE_RESULT","RU","US","University US Legislative Data Group","HOLIDAY PAY HE_RESULT","",""
"Holiday Pay HE_RESULT","1951/01/01","4712/12/31","University US Legislative Data Group","Oracle Payroll","","FormulaTranslation","HOLIDAY PAY HE_RESULT,University US Legislative Data Group","Result Fomrula","Holiday Pay HE_RESULT","S","US","University US Legislative Data Group","HOLIDAY PAY HE_RESULT","",""
"Holiday Pay HE_RESULT","1951/01/01","4712/12/31","University US Legislative Data Group","Oracle Payroll","","FormulaTranslation","HOLIDAY PAY HE_RESULT,University US Legislative Data Group","Result Fomrula","Holiday Pay HE_RESULT","SF","US","University US Legislative Data Group","HOLIDAY PAY HE_RESULT","",""
"Holiday Pay HE_RESULT","1951/01/01","4712/12/31","University US Legislative Data Group","Oracle Payroll","","FormulaTranslation","HOLIDAY PAY HE_RESULT,University US Legislative Data Group","Result Fomrula","Holiday Pay HE_RESULT","TH","US","University US Legislative Data Group","HOLIDAY PAY HE_RESULT","",""
"Holiday Pay HE_RESULT","1951/01/01","4712/12/31","University US Legislative Data Group","Oracle Payroll","","FormulaTranslation","HOLIDAY PAY HE_RESULT,University US Legislative Data Group","Result Fomrula","Holiday Pay HE_RESULT","TR","US","University US Legislative Data Group","HOLIDAY PAY HE_RESULT","",""
"Holiday Pay HE_RESULT","1951/01/01","4712/12/31","University US Legislative Data Group","Oracle Payroll","","FormulaTranslation","HOLIDAY PAY HE_RESULT,University US Legislative Data Group","Result Fomrula","Holiday Pay HE_RESULT","US","US","University US Legislative Data Group","HOLIDAY PAY HE_RESULT","",""
"Holiday Pay HE_RESULT","1951/01/01","4712/12/31","University US Legislative Data Group","Oracle Payroll","","FormulaTranslation","HOLIDAY PAY HE_RESULT,University US Legislative Data Group","Result Fomrula","Holiday Pay HE_RESULT","ZHS","US","University US Legislative Data Group","HOLIDAY PAY HE_RESULT","",""
"Holiday Pay HE_RESULT","1951/01/01","4712/12/31","University US Legislative Data Group","Oracle Payroll","","FormulaTranslation","HOLIDAY PAY HE_RESULT,University US Legislative Data Group","Result Fomrula","Holiday Pay HE_RESULT","ZHT","US","University US Legislative Data Group","HOLIDAY PAY HE_RESULT","",""
