<MigrationProcessCSVMetadataVO>
   <MigrationProcessCSVMetadataVORow>
      <ProcessId>-999</ProcessId>
      <ProcessName>Manage Bank Branches_20220308_121845_562</ProcessName>
      <ProcessDescription>Manage Bank Branches_20220308_121845_562</ProcessDescription>
      <ProcessDate>2022-03-08 00:19:29.944</ProcessDate>
      <ObjectShortName>CE_MANAGE_BANK_BRANCHES</ObjectShortName>
      <ObjectType>TASK</ObjectType>
      <CreatedByFlow>TASK_CSV_SERVICE</CreatedByFlow>
      <MigrationProcessBusinessObjectCSVMetadata1>
         <MigrationProcessBusinessObjectCSVMetadataVORow>
            <ProcessId>-999</ProcessId>
            <BusinessObjectShortName>BANK_BRANCH</BusinessObjectShortName>
            <BatchName>BankBranchVO</BatchName>
            <XmlAttributeList>BankHomeCountry,BankName,BankNameAlt,BankNumber,BankBranchName,BankBranchNameAlt,BranchNumber,StartDate,EndDate,BankBranchType,Description,EftSwiftCode,EftUserNumber,BankCode,EdiIdNumber,EdiLocation,Rfc,SupressRowValidation,ValidateCountrySpecific,CreatedBy,CreationDate,LastUpdateDate,LastUpdateLogin,LastUpdatedBy</XmlAttributeList>
            <XmlAttributeTypeList>string,string,string,string,string,string,string,dateTime,dateTime,string,string,string,string,string,string,string,string,string,string,string,dateTime,dateTime,string,string</XmlAttributeTypeList>
            <XmlNodePath>/BankBranchVO/BankBranchVORow</XmlNodePath>
            <NodeSequence>1</NodeSequence>
         </MigrationProcessBusinessObjectCSVMetadataVORow>
         <MigrationProcessBusinessObjectCSVMetadataVORow>
            <ProcessId>-999</ProcessId>
            <BusinessObjectShortName>CE_BRANCH_INFORMATION</BusinessObjectShortName>
            <BatchName>BankBranchVO</BatchName>
            <XmlAttributeList>BankHomeCountry,BankName,BankNameAlt,BankNumber,BankBranchName,BankBranchNameAlt,BranchNumber,StartDate,EndDate,BankBranchType,Description,EftSwiftCode,EftUserNumber,BankCode,EdiIdNumber,EdiLocation,Rfc,SupressRowValidation,ValidateCountrySpecific,CreatedBy,CreationDate,LastUpdateDate,LastUpdateLogin,LastUpdatedBy</XmlAttributeList>
            <XmlAttributeTypeList>string,string,string,string,string,string,string,dateTime,dateTime,string,string,string,string,string,string,string,string,string,string,string,dateTime,dateTime,string,string</XmlAttributeTypeList>
            <XmlNodePath>/BankBranchVO/BankBranchVORow</XmlNodePath>
            <NodeSequence>1</NodeSequence>
         </MigrationProcessBusinessObjectCSVMetadataVORow>
      </MigrationProcessBusinessObjectCSVMetadata1>
      <MigrationProcessBatchCSVMetadata>
         <MigrationProcessBatchCSVMetadataVORow>
            <ProcessId>-999</ProcessId>
            <BatchName>BankBranchVO</BatchName>
            <ImportSequence>0</ImportSequence>
            <ServiceName>oracle.apps.financials.cashManagement.bankRelationships.bankService.BankBranchService</ServiceName>
            <BatchSize>100</BatchSize>
         </MigrationProcessBatchCSVMetadataVORow>
      </MigrationProcessBatchCSVMetadata>
      <MigrationProcessScopeValueCSVMetadata null="true"/>
      <MigrationProcessMigrationObjectCSVMetadata>
         <MigrationProcessMigrationObjectCSVMetadataVORow>
            <ProcessId>-999</ProcessId>
            <BusinessObjectShortName>BANK_BRANCH</BusinessObjectShortName>
            <MigrateFlag>Y</MigrateFlag>
            <IncludeExternalDataFlag>Y</IncludeExternalDataFlag>
         </MigrationProcessMigrationObjectCSVMetadataVORow>
         <MigrationProcessMigrationObjectCSVMetadataVORow>
            <ProcessId>-999</ProcessId>
            <BusinessObjectShortName>CE_BRANCH_INFORMATION</BusinessObjectShortName>
            <MigrateFlag>Y</MigrateFlag>
            <IncludeExternalDataFlag>Y</IncludeExternalDataFlag>
         </MigrationProcessMigrationObjectCSVMetadataVORow>
      </MigrationProcessMigrationObjectCSVMetadata>
      <MigrationProcessTaskCSVMetadata null="true"/>
      <MigrationProcessServiceVersionCSVMetadata null="true"/>
   </MigrationProcessCSVMetadataVORow>
</MigrationProcessCSVMetadataVO>